:081000006F10003364DE0200F2
:101008000000000000000000902000206EBC0100DD
:10101800A9BDF9F5942000200000000000000000A0
:10102800962000209820002000000000000000000A
:101038009A200020000000009C20002000000000F2
:101048009E200020A02000200A2D0020A42000209F
:10105800A6200020A8200020742E0020AC2000200C
:10106800AE200020B0200020462D0020B420002013
:10107800F02C0020B8200020BA200020BC2000203E
:10108800BE200020802E0020B22D002082C8000043
:1010980001A001A001A001A001A001A001A001A040
:1010A80001A001A001A001A001A001A001A001A030
:1010B80001A001A001A001A001A001A001A001A020
:1010C80001A001A001A041118146014681451145B9
:1010D80006C6EF00D06EB727004011472383E7808C
:1010E800B7F700E003A707D16D9B23A8E7D003A7B4
:1010F80007D15D9B23A8E7D07300501001000100C1
:10110800B240410182804111814601468145114525
:1011180006C6EF00D06AB727004011472383E7804F
:10112800B717004003C7E70203C6E70483D787035E
:1011380091661377F70F1366360063E5D700719B46
:1011480013671700F3260080A18A9727000093876A
:10115800E7C299CAF32600809725000023A0D5C2CC
:101168009443DD9A7390068001000100B716004091
:10117800930570052380B604930580FA2380B6048E
:10118800010001002382060223800604F325008063
:101198009443A18ACD8E739006809726000023AFD2
:1011A80006BC01000100F3260080A18A99CAF32633
:1011B80000809725000023A3D5BC9443DD9A739043
:1011C800068001000100B7160040930570052380D2
:1011D800B604930580FA2380B60401000100238732
:1011E800E6022387C60423800604F326008098437A
:1011F800218B558F7310078017270000232007B80D
:101208000100010073270080218B19CB7327008010
:101218009726000023A4E6B698435D9B73100780C9
:101228000100010037170040930670052300D7041A
:10123800930680FA2300D704010001008346B7040F
:1012480093E60602A305D70423000704F3260080CB
:101258009843218B558F7310078017270000232F81
:1012680007B00100010037F700E0832607D193E6B5
:1012780046002328D7D0832607D1DD9A2328D7D044
:10128800730050100100010073270080218B19CBD7
:10129800732700809726000023A2E6AE98435D9B43
:1012A800731007800100010037170040930670058E
:1012B8002300D704930680FA2300D7040100010015
:1012C8008346B70493F6F60DA305D7042300070455
:1012D800732700809C43A18BD98F73900780972731
:1012E800000023AD07A801000100B240410182803F
:1012F8000111B7F5070026CA81460A86AA84E105C6
:10130800194506CE22CC4AC802C023120100EF00BC
:10131800104B371700408347E7028346E70403571B
:101328008703116693F7F70F93E636006365C700E6
:10133800F19B93E7170073270080218B1724000087
:101348001304C4A319CB7327008017260000232792
:10135800E6A218405D9B7310078001000100371753
:101368000040130670052300C704130680FA230003
:10137800C7040100010023020702230007047326A3
:1013880000801840218B518F7310078017270000A9
:101398002326079E0100010073270080218B19CBAB
:1013A8007327008017260000232AE69C18405D9BBF
:1013B80073100780010001003717004013067005FD
:1013C8002300C704130680FA2300C70401000100A4
:1013D8002307F7022307D70423000704F326008016
:1013E8001C40A18BD58F739007809727000023A7F7
:1013F800079801000100B7F600E083A706D193E73C
:10140800470023A8F6D003550702E577910713751F
:101418000560458D5D8D420541810100F3270080FF
:10142800A18B99CBF3270080172700002328F79476
:101438001C40DD9B7390078001000100B717004036
:10144800130770052380E704130780FA2380E70455
:101458000100010003C7F70013670704A387E7002B
:1014680003C7B70413670702A385E7042390A702FD
:1014780023800704732700801C40A18BD98F7390A9
:1014880007809727000023AB078E01000100B7F4FF
:10149800070037F900E0E104832709D1DD9B232801
:1014A800F9D073005010010001001305C012EF00BD
:1014B800D00081463000A685194502C423160100D4
:1014C800EF00F02F22478247E318F7FCF32700804C
:1014D800A18B99CBF3270080172700002320F78AD8
:1014E8001C40DD9B7390078001000100B717004086
:1014F800130770052380E704130780FA2380E704A5
:101508000100010003C7B7041377F70DA385E704AB
:1015180023800704732700801C40A18BD98F739008
:1015280007809727000023AB07840100010051457D
:101538006927F2406244D2444249056182804111E0
:1015480026C281460146AA848145114506C622C4A1
:10155800EF00F026371700408347E7028346E70489
:1015680003578703116693F7F70F93E63600636511
:10157800C700F19B93E7170073270080218B17148E
:1015880000001304A47F19CB7327008017160000EE
:101598002326E67E18405D9B73100780010001003A
:1015A80037170040130670052300C704130680FA96
:1015B8002300C704010001002302070223000704D7
:1015C800732600801840218B518F731007801717DE
:1015D80000002325077A0100010073270080218B72
:1015E80019CB73270080171600002329E6781840C6
:1015F8005D9B731007800100010037170040130638
:1016080070052300C704130680FA2300C7040100ED
:1016180001002307F7022307D704230007047327D1
:1016280000801C40A18BD98F73900780971700000A
:1016380023A607740100010013055002852237F71D
:1016480000E0832707D193E747002328F7D0F32743
:101658000080A18B99CBF327008017170000232F58
:10166800F7701C40DD9B7390078001000100B717DD
:101678000040130770052380E704130780FA2380CE
:10168800E7040100010003C7F70013670704A387F5
:10169800E70023800704732700801C40A18BD98FA3
:1016A800739007809717000023AA076C01000100B8
:1016B800F3270080A18B99CBF32700801717000030
:1016C800232EF76A1C40DD9B739007800100010000
:1016D800B7170040130770052380E704130780FA43
:1016E8002380E704010001002567D98C2390970225
:1016F80023800704732700801C40A18BD98F739027
:1017080007809717000023AB07660100010037F731
:1017180000E0832707D1DD9B2328F7D07300501002
:10172800010001008146014681451145EF0030095D
:10173800F3270080A18B99CBF327008017170000AF
:10174800232EF7621C40DD9B739007800100010087
:10175800B7170040130770052380E704130780FAC2
:101768002380E7040100010003C76704136717001B
:101778002383E70423800704732700801C40A18B80
:10178800D98F739007809717000023A9075E01007F
:101798000100B240224492444101828073270080B4
:1017A800218B971700009387675D19CB73270080FB
:1017B8009716000023A4E65C98435D9B731007808E
:1017C8000100010037170040930670052300D70475
:1017D800930680FA2300D704010001008346B7046A
:1017E80093F6F60DA305D70423000704732600809B
:1017F8009443A18AD18E739006809716000023AF78
:10180800065601000100937605026384061A034711
:10181800A700118B25EB73270080218B19CB732729
:1018280000809716000023ABE65498435D9B731025
:101838000780010001003717004093067005230058
:10184800D704930680FA2300D704010001008346D9
:10185800A70093E646002305D70023000704F326D4
:1018680000809843218B558F73100780171700004D
:1018780023260750010001001307004B0100010057
:101888007D176DFF73270080218B19CB732700808C
:101898009716000023A4E64E98435D9B73100780BB
:1018A8000100010037170040930670052300D70494
:1018B800930680FA2300D704010001007D892314D0
:1018C800A700010001000100010023000704F3261E
:1018D80000809843218B558F7310078017170000DD
:1018E800232E07480100010073270080218B19CBA4
:1018F800732700809716000023A2E64898435D9B53
:101908007310078001000100371700409306700527
:101918002300D704930680FA2300D70401000100AE
:1019280001000100B726004013061005A383C680F6
:1019380023000704F32600809843218B558F7310EA
:10194800078017170000232B0742010001007327A7
:101958000080218B19CB732700809716000023AFD6
:10196800E64098435D9B731007800100010037171C
:101978000040930670052300D704930680FA2300DD
:10198800D704010001008346B70493E60608A305BF
:10199800D70423000704732700809C43A18BD98FA9
:1019A800739007809717000023AA073C01000100E5
:1019B800828093760504638706160347A700418B48
:1019C80025EB73270080218B19CB7327008097168E
:1019D800000023A5E63A98435D9B73100780010039
:1019E800010037170040930670052300D7049306BB
:1019F80080FA2300D704010001008346A70093E67C
:101A080006012305D70023000704F3260080984326
:101A1800218B558F73100780171700002320073676
:101A2800010001001307007D010001007D176DFF13
:101A380073270080218B19CB73270080971600002D
:101A480023AEE63298435D9B7310078001000100C6
:101A580037170040930670052300D704930680FAD1
:101A68002300D704010001009376F50193E60604EC
:101A78002314D7000100010001000100230007041E
:101A8800F32600809843218B558F73100780171712
:101A980000002325072E01000100130760046312CC
:101AA800E50473270080218B19CB732700809716D4
:101AB800000023A5E62C98435D9B73100780010066
:101AC800010037170040930670052300D7049306DA
:101AD80080FA2300D70401000100B7260040094618
:101AE800B1B573270080218B19CB73270080971617
:101AF800000023A5E62898435D9B7310078001002A
:101B0800010037170040930670052300D704930699
:101B180080FA2300D70401000100B726004013060D
:101B2800200529B573270080218B19CB73270080E6
:101B38009716000023A4E62498435D9B7310078042
:101B48000100010037170040930670052300D704F1
:101B5800930680FA2300D70401000100835687000A
:101B680093E6060C2314D700E1B3411181460146E0
:101B78008145114506C6A121F3270080A18B971640
:101B880000009386A61F99CBF32700801717000043
:101B98002326F71E9C42DD9B7390078001000100FD
:101BA800B7170040130770052380E704130780FA6E
:101BB8002380E7040100010003C7670413671700C7
:101BC8002383E70423800704732700809C42A18BAA
:101BD800D98F739007809717000023A1071A010077
:101BE8000100B2404101828081460146814511458C
:101BF800F926F3270080A18B171700001307071891
:101C080099CBF32700809716000023A9F6161C43EA
:101C1800DD9B7390078001000100B7170040930611
:101C280070052380D704930680FA2380D704010027
:101C38000100FD562396D70223800704F32600806F
:101C48001C43A18BD58F739007809717000023A79B
:101C5800071201000100F3270080A18B99CBF3271D
:101C680000809716000023ABF6101C43DD9B739091
:101C7800078001000100B717004093067005238014
:101C8800D704930680FA2380D7040100010083C695
:101C9800670493E616002383D70423800704F326FA
:101CA80000801C43A18BD58F739007809717000085
:101CB80023A6070C0100010001A0D1473305F50256
:101CC80001007D1575FD8280411122C426C206C619
:101CD800AA84014463179400B2402244924441010B
:101CE800828005041305803E4204C13F4180DDB770
:101CF800B7170040130700032388E7028547171723
:101D08000000232BF70A73002030B717004083D751
:101D1800E70993F7070495C79717000083C7870C4F
:101D280091E7854717170000230EF70A854717170D
:101D38000000A309F70A13070004B7170040239F00
:101D4800E70873002030373700408347470099463B
:101D5800BD8B638ED70231476385E7001147639ACD
:101D6800E702B735004003C6A50017250000130594
:101D7800E5AEA105971000E0E780402F42054181BC
:101D88000DE5854717170000A309F70819A0834731
:101D980057007300203083468700850793F7F70FB5
:101DA8008346A700E3E9D7FEEDB781473737004000
:101DB800C5BF37470040834747C09946BD8B638FEF
:101DC800D70231476385E7001147639BE702B745B0
:101DD800004003C6A5C017250000130565089385B4
:101DE80085C0971000E0E7806028420541810DE535
:101DF8008547171700002302F70619A0834757C025
:101E080073002030834687C0850793F7F70F834612
:101E1800A7C0E3E9D7FEEDB7814737470040C5BF04
:101E2800411122C426C24AC006C637140040B7046E
:101E3800002013095002A30104049C40829797C014
:101E480000E0E78020CB974001E0E78040BB97C0E7
:101E580001E0E780C0C2979000E0E78080479737AD
:101E6800000083C7E76DE378F9FC97C001E0E780DD
:101E7800C0FED1B797B001E0E78040617300203021
:101E880037470040834747809946BD8B6384D70412
:101E980031476385E70011476390E704971700000F
:101EA80083C7F702B1CBB745004003C6A5801755D5
:101EB80000001305E59F93858580971000E0E78073
:101EC800E01A420541810DE58547171700002301F7
:101ED800F70019A083475780730020308346878016
:101EE800850793F7F70F8346A780E3E9D7FEEDB799
:101EF800814737470040C5BFB747004083C7878041
:101F0800E1BF2303048015472303E4800100230273
:101F1800A480828083076480E3CE07FE23030480C5
:101F2800828083076480E3CE07FE03454480828075
:101F380083076480E3CE07FE2302A48082804111D8
:101F480026C44AC24EC006C61377F50BAD47AA8908
:101F58002E8995446306F70019456537653F8D441A
:101F68004E854537FD59FD1463983401B240A244AB
:101F78001249824941018280135509011375F50FF1
:101F8800453F2209CDB7011126CC06CEB70408007B
:101F980051371545BD37713769372AC6A53F3245D0
:101FA8009377150089EB136515001375F50FF2404B
:101FB800E24405618280FD14E9FC0145CDBF397119
:101FC80026DC4ADA4ED852D656D45AD25ED006DE2D
:101FD80062CE66CCB7E700E07D5783AA070022C629
:101FE80003AA470023A0E71823A2E718B717004061
:101FF800130770052380E704130780FA2380E7049A
:1020080083C74704930B75FFB684E20793FBFB0F66
:102018008546AA892E8B328937240040E1870157EB
:1020280063FA76016308D500894613070002631333
:10203800D5000157D98F93F7F70FB71C00402382BB
:10204800FC0411472303E4801305F00F5D3D094CA0
:10205800D135636D7C11B7050700DA95378707001E
:10206800795563F2E504B3879500636EF702370B81
:102078000800A94733EB65016399F90689E48144AF
:10208800513D26850DA0DA850945553D05090345CD
:10209800F9FFFD14050B693D81C49377FB0FFDF72C
:1020A800DD3569FD7D55B71700401307700523809E
:1020B800E704130780FA2380E70403C74704418B2A
:1020C8002382E704F250B7E700E023A0571123A2C8
:1020D8004711E25432445259C259325AA25A125B39
:1020E800825B724CE24C21618280A5476395F906B8
:1020F80085691309F00FB3069900B3742B01B694E0
:102108001349F9FFB3749900856B33796901416B01
:102118009387F9FFB3F7270199E363FC340193D957
:102128004900C147E3E637FF99BF0569C1697D19D1
:10213800D9B71305800D638869011305000263840C
:10214800790113051008CA85DD3B353D21DD4E991F
:10215800B3843441D9B7DA852D45D533CA94E30021
:1021680099F205097D3BA30FA9FED5BF9387F9FF17
:1021780093F7F70F6361FC0C83C71C04130730083F
:10218800631FF70437070800636BEB04B3079B0072
:10219800B706100063F5D704334BEB008947639308
:1021A800F9068980D549E38C04ECDA850945413B79
:1021B80011090327C9FF91472320E480030764809E
:1021C800E34E07FE23033481FD17EDFBFD14110BCD
:1021D80081C49377FB0FE9FF7D3371F5E1B5B7173C
:1021E800004003C75704B70708001377070219E32D
:1021F800B78707007955E378FBEA33079B00E3FFCD
:10220800E7F855B58547E382F9F2DA852D45053BB0
:102218009389F4FFE38504E6293393F7390091EBBA
:10222800832604800327090093074900E39AE6E41C
:102238003E89CE84F1BFB5476396F9001305900B2C
:10224800C93135BDB1471305B00AE38BF9FE99478B
:102258006391F904B7050800B365BB002D45C53186
:1022680081448D4BA1497539639674018327048095
:102278002320F9008504E39834FF8327048013178B
:102288002B01635507002312F900D5BB2322F9005F
:10229800FDB39D476399F90281451305B0044531A3
:1022A800BD442320090023220900FD599D3993F7D5
:1022B8007400CA9703C70700FD14398D2380A7004F
:1022C800E39634FF6DBBA1476392F9046D398144ED
:1022D800630D0B008D479304C0036308FB00930450
:1022E800000563048B01930440041375C507E308D4
:1022F80095D81945393139390545213126850D39A2
:1023080009453D314931E31C05D669BB91476399BD
:10231800F90013056006F536F53E130590090DB76B
:08232800E38F09D4F154A9BBB5
:1023300097010020938101CD17610020130181CC0A
:1023400017F5FFFF130585CC97050020938585CBF6
:1023500017160020130686FD63FAC50083220500C8
:1023600023A0550011059105E3EAC5FE17C502003B
:10237000130505B097150020938545FB172600200F
:102380001306C69F63FAC5008322050023A05500EB
:1023900011059105E3EAC5FE172500201305059EEA
:1023A000975500209385C5546377B5002320050019
:1023B0001105E36DB5FEFD42739002BC8D42739032
:1023C0004280B72200009382828873A00230970275
:1023D0000020938222C393E232007390523097928E
:1023E000010093822260739012346FD073417300A6
:1023F00020303D432A876373C3029377F700BDEF14
:10240000ADE5937606FF3D8ABA960CC34CC30CC764
:102410004CC74107E36BD7FE11E28280B306C3408D
:102420008A069702000096966780A6002307B700E9
:10243000A306B7002306B700A305B7002305B7001E
:10244000A304B7002304B700A303B7002303B70016
:10245000A302B7002302B700A301B7002301B7000E
:10246000A300B7002300B700828093F5F50F939681
:102470008500D58D93960501D58D61B7939627007C
:102480009702000096968682E78086FA9680C117AA
:102490001D8F3E96E374C3F8A5B7B7170040854675
:1024A00003C8870583C89705238CD70403C79705FE
:1024B0001378F80F93F8F80F13678700A38CE704DD
:1024C00003C797051377B70FA38CE704238DD704B1
:1024D000371700408347A7051306A705858BFDFB2B
:1024E00005654147B7150040054E1303F5FF23006E
:1024F000C60183460600858AEDFE83D6C5057D1795
:10250000420793C6F6FFB3F666004183B69765F3BC
:10251000A1079183130505801D8DA38C1505420528
:10252000238C050541858280B717004003C77705D6
:102530001377E70FA38BE704130700F8A38DE704D5
:102540003D47238CE70413075003A38CE7048280E4
:102550000547B7170040238DE7043717004083472E
:10256000A705858BEDFF0355C70552055181828074
:10257000B717004083C7E7040D8993F7C70FC98FCA
:1025800073270080218B971600209386267F19CB16
:1025900073270080171600202322E67E98425D9B59
:1025A0007310078001000100371700401306700503
:1025B0002300C704130680FA2300C70401000100AA
:1025C0002307F70423000704732700809C42A18B94
:1025D000D98F739007809717002023A1077A0100F5
:1025E00001008280B717004083C7E704120593F704
:1025F000F708C98F93F7F70F73270080218B971681
:1026000000209386A67719CB732700801716002029
:102610002326E67698425D9B731007800100010037
:1026200037170040130670052300C704130680FA0D
:102630002300C704010001002307F7042300070457
:10264000732700809C42A18BD98F739007809717C6
:10265000002023A5077201000100828041112A8316
:10266000014E930E407E130F0019930F400663EE48
:102670006E149308001913034006B3781503854EB2
:102680000D4FA14F337365020D891335150063E8B3
:10269000BE161308F6FF79467298420813580801CF
:1026A0003307C70213D61700BE0732976146B3F649
:1026B000C60213068070B386C6023697A166F58FF0
:1026C00042075D8FB716004083C7F60293F70708ED
:1026D000A307F1000346F10083C7F60293F707084A
:1026E000E394C7FE8347F100B716004093F7F70F56
:1026F00063810716F3270080A18B9716002093862D
:10270000E667639E071401000100B7170040130637
:1027100070052380C704130680FA2380C7040100D4
:10272000010023AA070303C6170313660608A3883C
:10273000C70223800704732600809C42A18BD18F9F
:10274000739007809717002023AA076201000100F9
:102750001166B71500407D16DC59C85DA98FF18F51
:10276000E5FFF3270080A18B99CBF3270080171694
:1027700000202325F6609C42DD9B739007800100BA
:102780000100B7170040130670052380C704130625
:1027900080FA2380C70401000100D8DB03C71703B8
:1027A00013670704A388E7022380070473270080C8
:1027B0009C42A18BD98F739007809717002023AF7D
:1027C000075A01000100410182807D133368E30351
:1027D0009308E016630E08003368F3039308D016DD
:1027E000630808009378330093B818009388D816CC
:1027F00033081E01131E0801135E0E018DBD639385
:10280000E5030548638608000148630303002A883E
:1028100071087298FD15131E0801C205135E0E01A2
:10282000C181B5B513F8150063F4BF007908D5B7B9
:1028300013381800E5BF83C7F60293F70708A3070C
:10284000F1000346F10083C7F60293F70708E3940B
:10285000C7FE8347F10093F7F70FF1DF61BDF32760
:10286000008017160020232BF6509C42DD9B7390AE
:10287000078051BD4111B7170040985F3AC6945F79
:102880003247E39CE6FE324541018280914763EE88
:10289000B702172702001307E71F8A05BA959C4164
:1028A000BA978287B717004003A7470B1345F5FF78
:1028B000698F23AAE70A03A7070B698F23A8E70AF2
:1028C00003A7070A798D23A0A70A8280B7170040C3
:1028D00083A6470B1347F5FFF98E23AAD70A83A6D1
:1028E000070B558D23A8A70A83A6070A758F23A077
:1028F000E70A8280B717004003A7470B498F23AA36
:10290000E70A03A7070B1345F5FF45BFB7170040BC
:1029100083A6470B1347F5FF758F23AAE70A03A782
:10292000070A598D4DB7B717004003A7470B498FCA
:10293000EDB7914763EEB702172702001307C716DA
:102940008A05BA959C41BA978287B717004003A7BA
:10295000470D1345F5FF698F23AAE70C03A7070D61
:10296000698F23A8E70C03A7070C798D23A0A70C78
:102970008280B717004083A6470D1347F5FFF98EF5
:1029800023AAD70C83A6070D558D23A8A70C83A6D1
:10299000070C758F23A0E70C8280B717004003A7B0
:1029A000470D498F23AAE70C03A7070D1345F5FF31
:1029B00045BFB717004083A6470D1347F5FF758F36
:1029C00023AAE70C03A7070C598D4DB7B717004092
:1029D00003A7470D498FEDB79357E50093F70730ED
:1029E000C98FC2070547C1836382E5048DC10947CA
:1029F000638DE5040D476380E50637170040231F0C
:102A0000F70883562709D58F2319F70882803717CF
:102A100000400356670993C6F7FFF18E231BD708C2
:102A20008326C70C558D2326A70CC1BF371700403E
:102A30000356670993C6F7FFF18E231BD708832639
:102A4000870C558D2324A70C4DBF371700408356A4
:102A50006709DD8EE1B73717004083566709DD8EC1
:102A6000E9BF9D4763E3A702172702001307070585
:102A70000A053A951C41BA97375700408287834729
:102A8000270093F7070F2301F70082808347270071
:102A900093F7070F93E71700FDB78347270093F7D6
:102AA000070F93E74700C5B78347270093F7070F42
:102AB00093E75700C9BF8347270093F7070F93E7B2
:102AC0008700D1B78347270093F7070F93E7970055
:102AD0005DBF8347270093F7070F93E7C70065B7EC
:102AE0008347270093F7070F93E7D70069BF99EA59
:102AF000B757004003C707001345F5FF798D2380C2
:102B0000A70082803757004005CE83471700C98F42
:102B1000A300F70037570040814711072146B356FD
:102B2000F540858A89C6B386E7002380B60085070D
:102B3000E397C7FEB757004003C70700598DC1B7D9
:102B4000834617009347F5FFF58FD9B7411122C48B
:102B50003717004006C6834727020357070217149A
:102B600000201304A42193F7F70F4207418325EDBA
:102B70001377F79F420793F7F7074183F326008007
:102B8000A18A99CAF3260080171600202328D61E92
:102B90001440DD9A7390068001000100B7160040D2
:102BA000130670052380C604130680FA2380C6042A
:102BB0000100010093F7F70F2381F6022390E6024C
:102BC00023800604732700801C40A18BD98F73904B
:102BD00007809717002023A3071A01000100B240C5
:102BE00022444101828093E7070813670740F326D8
:102BF0000080A18A99CAF326008017160020232F8F
:102C0000D6161440DD9A7390068001000100B716B5
:102C10000040130670052380C604130680FA238043
:102C2000C604010001002381F6022390E6022380FE
:102C30000604732700801C40A18BD98F73900780F6
:102C40009717002023AC07120100010029459700C7
:102C50000020E780C006F3270080A18B99CBF327E3
:102C6000008017170020232BF7101C40DD9B73906A
:102C7000078001000100B71700401307700523808B
:102C8000E704130780FA2380E7040100010003D75B
:102C90000702136707202390E702238007041DB76C
:102CA000B717004003D5870042054181937705049B
:102CB00091EB9377F5013755E8011305058033450E
:102CC000F50282809377050C130700046397E700F1
:102CD0009377F50137459C1CCDB72165130505D0C9
:102CE000828037E700E01C435443A183E206D58F7E
:102CF0001CC1FD572320F7182322F71882801317D1
:102D00008500B7E700E023A0E710618123A2A710A8
:102D10008280B7F700E08847CC478280B717004031
:102D200083C7670493F7F70F93E6470019E193F61B
:102D3000B70FF3270080A18B171700201307070494
:102D400099CBF3270080171600202329F6021C4395
:102D5000DD9B7390078001000100B7170040130648
:102D600070052380C704130680FA2380C70401007E
:102D700001002383D70423800704F32600801C432B
:102D8000A18BD58F739007809717002023A807FE8B
:102D9000010001008280B717004083C7670493F7E2
:102DA000F70F93E6270019E193F6D70FF32700807A
:102DB000A18B17170020130767FC99CBF32700801E
:102DC00017160020232CF6FA1C43DD9B7390078016
:102DD00001000100B7170040130670052380C704E7
:102DE000130680FA2380C704010001002383D7045F
:102DF00023800704F32600801C43A18BD58F73909A
:102E000007809717002023AB07F60100010082809E
:102E1000F3270080A18B97160020938626F699CB86
:102E2000F327008017170020232AF7F49C42DD9B2C
:102E30007390078001000100B71700401307700569
:102E40002380E704130780FA2380E70401000100D0
:102E500003C76704136707012383E704238007047C
:102E6000732700809C42A18BD98F7390078097179E
:102E7000002023A507F00100010082808147373739
:102E80000040A14663C4C700328582800345B74035
:102E9000E38EA6FE3385F500034505008507230470
:102EA000A740CDB7411122C406C62A84D53B294785
:102EB000B307E502B2408D83B3D78702224495075A
:102EC000B3D7E70237370040C207C1832316F700A4
:102ED00041018280716541111305052006C6D9376D
:102EE000B7370040130770F82381E7000D47A3812F
:102EF000E70013070004A380E70005472387E700E6
:102F0000B2404101828037370040834727001A05CD
:102F100093F7F703C98F93F7F70F2301F700828028
:102F2000B737004003C7170019C9D98DA380B70070
:102F300003C70700136787002380E700828093C5DB
:102F4000F5FFF98DA380B7008280B73700401307E3
:102F500000F8A380E7008280B73700402147B736EA
:102F6000004091E1828003C6B700E30CC7FE05056F
:102F70000346F5FFFD15C2052384C600C181D5B700
:102F8000411122C406C62A84213B2947B307E50222
:102F9000B2408D83B3D7870222449507B3D7E702A7
:102FA00037370040C207C1832316F74041018280B2
:102FB000716541111305052006C6D937B7370040A2
:102FC000130770F82381E7400D47A381E7401307FB
:102FD0000004A380E74005472387E740B240410152
:102FE0008280B73700402147B736004091E18280A8
:102FF00003C6B740E30CC7FE05050346F5FFFD1504
:10300000C2052384C640C181D5B7411122C406C67A
:103010002A8479312947B307E502B2408D83B3D7BB
:10302000870222449507B3D7E70237470040C2071B
:10303000C1832316F7804101828071654111130518
:10304000052006C6D937B7470040130770F823811B
:10305000E7800D47A381E78013070004A380E78082
:1030600005472387E780B24041018280374700400F
:10307000834727801A0593F7F703C98F93F7F70F54
:103080002301F7808280B747004003C7178019C922
:10309000D98DA380B78003C707801367870023807B
:1030A000E780828093C5F5FFF98DA380B780828089
:1030B000B74700402147B746004091E1828003C6F0
:1030C000B780E30CC7FE05050346F5FFFD15C205F5
:1030D0002384C680C181D5B7411122C406C62A8483
:1030E000C1362947B307E502B2408D83B3D78702C3
:1030F00022449507B3D7E70237470040C207C18390
:103100002316F7C041018280716541111305052026
:1031100006C6D937B7470040130770F82381E7C0C8
:103120000D47A381E7C013070004A380E7C005474C
:103130002387E7C0B2404101828037470040834780
:1031400027C01A0593F7F703C98F93F7F70F2301E9
:10315000F7C08280B747004003C717C019C9D98D8F
:10316000A380B7C003C707C0136787002380E7C0E9
:10317000828093C5F5FFF98DA380B7C08280B747E1
:103180000040130700F8A380E7C08280B7470040E3
:103190002147B746004091E1828003C6B7C0E30CE7
:1031A000C7FE05050346F5FFFD15C2052384C6C00D
:1031B000C181D5B7B7870040238007001307C0FC43
:1031C0002386E700A386E70017170020035747BBB5
:1031D0002398E700171700200357C7BA239AE70080
:1031E00017170020035747BA239CE7001717002042
:1031F0000357C7B9239EE70089462381D702494771
:103200002383E7022385E7022387E7022389D70286
:10321000A3810700130790022380E700B716004040
:1032200003D7A6011367070C239DE6007D57238370
:10323000E700130710F8A380E7001D472381E7008C
:103240008280B78700402382A70203C767021377F3
:10325000C70F2383E7028280CC41411106C6328525
:1032600003C6150083C5050022064D8E42068D65F6
:103270004186138875A2630C0611634BC80413883A
:1032800045A26300060D634AC800938535A2630119
:10329000B6082390060029464DA0138855A2630561
:1032A000060D938565A2E316B6FEC1451D4663E68D
:1032B000E5084546198E63F3C7003E86B70704004C
:1032C0002390C600FC4797250200938525829DA088
:1032D000138895A263030611634E060D1388A5A2F9
:1032E00063000613938505A5E315B6FA99451D46B7
:1032F00063E5E504198E63F3C7003E86B707040053
:103300002390C600FC47971500209385259F1DA09C
:103310009D451D4663E3E5022146198E63F3C70010
:103320003E86B7070400FC472390C600971500208F
:10333000938505A6BA9582970146B2403285410130
:103340008280AD451D46E3EAE5FE3146198E63F302
:10335000C7003E86B70704002390C600FC479715B8
:1033600002009385657CF9B7B1451D46E3E7E5FCAE
:103370003546198E63F3C7003E86B70704002390D5
:10338000C600FC47971502009385057B65B7C145CC
:103390001D46E3E4E5FA4546198E63F3C7003E8611
:1033A000B70704002390C600FC47971502009385D9
:1033B000257549B7C1451D46E3E1E5F84546198E37
:1033C00063F3C7003E86B70704002390C600FC479E
:1033D0009715020093854577B1BFC1451D46E3EEC1
:1033E000E5F44546198E63F3C7003E86B70704002F
:1033F0002390C600FC47971502009385A5711DBF59
:10340000B5451D46E3EBE5F23946198E63F3C70077
:103410003E86B70704002390C600FC4797150200BC
:103420009385C56B01BFB707040003A30713970675
:1034300000209386A6024146CD45170500201305BE
:10344000E5EE02832D4549EF03C5050009476315E5
:10345000E50803A84500411106C603471800328558
:103460000346080022074168518F930828FE63082D
:10347000170363E9E80005186303070523900600B6
:1034800029451DA8130648FE630BC7021518E3174C
:1034900007FF19463E876379F602194735A03E8635
:1034A00091C30546B7070400FC472390C6004206B7
:1034B000CC45418282970145B2404101828051460C
:1034C0003E876373F6005147B70704002390E60078
:1034D000FC4713160701E9BF2390060005458280CB
:1034E000828083C7850093F70702E9E7411106C68A
:1034F00022C426C24AC003C9050009432E88854755
:10350000631B690203A345003284B684834713001A
:1035100003430300A207B3E767004163130E13FEE2
:103520006382C7030D13638D67040D681308289029
:1035300063870707A947B2402244924402493E8567
:1035400041018280AD4765FB5147B547E365D7FE32
:10355000B7070400FC470325C8005146A28582979F
:103560000149971700209387A7849843814761D723
:10357000184371D32686A2854A850297814765BF85
:10358000AD4755FB0547B547E367D7FAB7070400D2
:10359000FC470325C8000546A2858297D9B7B7071F
:1035A0000400224403A34714B240924402498547D1
:1035B00041010283A1473E858280416779176304F8
:1035C000E504411122C406C685472A84639FF5009D
:1035D000B707040022852244B24003A3871397054E
:1035E00000209385E57B4101028389476399F500BB
:1035F000B707040083A7070B8545829771D9B240AE
:103600002244410182808280411122C43704040097
:103610008327841326C2AA84416506C69705002025
:10362000938505787D1582978327C40A17050000C6
:103630001305E5F88588829795C003230413224477
:10364000B240924497060020938606F34146C54552
:1036500017050020130545E141010283B2402244D1
:10366000924401454101828019C59707002023A19A
:10367000A774014582804545828011476364A70A8B
:10368000971602009386864D0A053695184141111A
:1036900006C63697AE87B285028751476145639C5F
:1036A000E700B7070400FC47514617150020130533
:1036B000A58382970145B24041018280054761455B
:1036C000E39BE7FEB7070400FC470546170500200B
:1036D0001305856CF9BF05476145E39EE7FCB70715
:1036E0000400FC470546170500201305256BD1B7DC
:1036F00051476145E391E7FCB7070400FC47514699
:10370000170500201305857F6DB719476145E394C0
:10371000E7FAB7070400FC47194617050020130510
:10372000A56841BF09458280411126C2B704040043
:1037300083A7C41322C44AC006C62E84970500205E
:10374000938505662A898297058905C59707002014
:10375000938787D183D7A70BA28503A3440D23109A
:10376000F4002244B24092444A8502490146410194
:103770000283B24022449244024949454101828079
:10378000411193962500AA852D4506C69700002075
:10379000E7802083B240014541018280411126C269
:1037A0009394250022C44AC02A843289A686AA8519
:1037B0000146254506C697000020E7808080A68642
:1037C0004A86A285294597F0FF1FE780807FB24097
:1037D000224492440249014541018280011122CCD8
:1037E00006CE3714004026CA4AC84EC652C4834487
:1037F0007405034AB4058349840503499405EFE041
:10380000BFD28347A40593F4F40F137AFA0F93E71A
:103810001700230DF40493F9F90F1379F90FB71773
:10382000004003C7A705058B6DFF03D5C705A38D12
:103830004705238C3705A38C2705A38B9704F240FB
:103840006244D2444249B249224A05618280411110
:103850009397050122C406C626C2C1872E8463D071
:103860000702B7040400FC54829719C1BC54829724
:103870002165218DB240224492444101828093F718
:10388000150013C51500FDF79397250163D40702B2
:10389000B704040083A7C41E8297BC4C37F602000D
:1038A000130606E08965170500200345A550829799
:1038B0000965C1B7939715010145E3DD07FA1715AF
:1038C00002001305652FEF80410DB7070400BC4FC0
:1038D000130600649165170500200345A54D8297E6
:1038E000116541BF1D71A2CC370404007C40CAC8D9
:1038F00003294403A6CA86CE445C171502001305AB
:10390000252782972A8697150200938565264A8582
:10391000829401E9171502001305C526EF80E1071F
:1039200001A0B7F600E0795798CAFD57DCCA0567D1
:10393000B7E700E023A0E7101306F00290C223A02F
:10394000E718010001003C441306C0038145480804
:103950008297971700209387677D3ECA8567938774
:103960000740231CF100A167938707E03ECEB7070D
:103970000105938707103ED0ED472312F1028547DA
:103980002303F102970700009387C7DFBEC49707A0
:1039900000009387E7E0BEC6B947A305F10297F799
:1039A000FFFF938747373EDA97070000938747E387
:1039B0003EDE8D679387D7E3B7F507002314F10246
:1039C0008146970700009387C71A7000E1051945E3
:1039D0003EDC97F0FF1FE780C05E5808814799469C
:1039E00070003E960346060085070507A30CC70036
:1039F000E398D7FED24791C7035781018567637368
:103A0000F70001A0B707040083A7470A4808829778
:103A1000AA8501C91715020013050518EF70F17783
:103A200001A0F6406644D644464925618280411192
:103A300026C2B704040083A7040806C622C41705DB
:103A40000000130505E18297170400201304843653
:103A50002300A4006920F92203450400224403A3A3
:103A60008405B240924437F60200130606E08965E9
:103A700041010283F3270080A18B17070020130761
:103A8000E72F99CBF32700809706002023A8F62E76
:103A90001C43DD9B7390078001000100B7170040B5
:103AA000930670052380D704930680FA2380D704F9
:103AB00001000100C8DB23800704F32600801C43BB
:103AC000A18BD58F739007809707002023A8072A22
:103AD000010001009707002023A0072E82804111DA
:103AE00006C6F3270080A18B97060020938606293F
:103AF00099CBF3270080170700202321F7289C4249
:103B0000DD9B7390078001000100B7170040130789
:103B100070052380E704130780FA2380E70401007F
:103B2000010003C7F70213677700A387E70223802A
:103B30000704732700809C42A18BD98F7390078064
:103B40009707002023AC07220100010081471305DD
:103B5000407E0147814605468545EFE03FB0B70707
:103B60000400B24003A3470701454101028301114C
:103B700022CC06CE26CAB7170040A38107042A84A8
:103B8000EF80613941ED6800EFF0AF95EFE09FCE37
:103B9000B307A4406376A400B707C0A8A297898F93
:103BA0003707B8A19387F7FD1307F7FD637BF7008D
:103BB0003245EFF0CF940945F2406244D2440561AA
:103BC00082802285453D3245EFF06F9337370040C4
:103BD0008347574093F70704A1C7970400209384B5
:103BE000A41D9C400D45E9FB694597E0FF1FE78058
:103BF00060709C408DC31305E402B707C0A863F74B
:103C0000A700370540571305E5022295A53597E033
:103C1000FF1FE780804B0545EFE09F95014569BF99
:103C200001007DB7F3270080A18B17070020130741
:103C3000E71499CBF32700809706002023A0F61401
:103C40001C43DD9B7390078001000100B717004003
:103C5000930670052380D704930680FA2380D70447
:103C60000100010083C6E70093E686012387D700A1
:103C700023800704F32600801C43A18BD58F73900B
:103C800007809707002023AB070E01000100F327F0
:103C90000080A18B99CBF32700809706002023AFEB
:103CA000F60C1C43DD9B7390078001000100B717E1
:103CB0000040930670052380D704930680FA238082
:103CC000D7040100010083C6170393E60602A38808
:103CD000D70223800704F32600801C43A18BD58FD5
:103CE000739007809707002023AA070801000100AE
:103CF000B7E700E03707001023A0E71082804111EA
:103D0000B717004022C4C05F03D7A70326C206C668
:103D100093140701EFE01FB69317240155671307AB
:103D20000718C983B387E702C180420513971400BF
:103D300041857D81B24022449244BA971707002002
:103D40001307C707AA97084341013E958280411196
:103D5000B717004022C4C05F03D7A70326C24AC0DA
:103D600006C62A8993140701EFE0DFB093172401F8
:103D7000556713070718C983B387E702C180420557
:103D80001397140041857D81B24022449244BA9732
:103D9000AA97B307F940170700202321F702024929
:103DA00041018280D5679387071833F7F50213081E
:103DB000C003930800191303D016130E4006B37600
:103DC00007032300D5008566938606E13376D70284
:103DD000B3D5F5029307007D2313F5003356060390
:103DE000C205C1813357D702A300C5001306C01610
:103DF0002301E50003576500337817036304080CBB
:103E0000B377C703E9C79377370093B61700938654
:103E1000D61663D0D506130640063376C7020D8B3F
:103E200023020500054393361700194E0547630525
:103E30000800014711C23687834745007107638D2B
:103E400067003E876376FE001387F7FF1377F70F4F
:103E5000058B1337170079074207418393881700B2
:103E600063F6E50293871500A301F500230215010F
:103E7000828093B717009387D716B387F540939541
:103E800007010507C1812313E500ADB705476305A9
:103E90000800014711C23687639C67009307C7017A
:103EA000B387F54093950701C18123021501BDBF7A
:103EB0006375FE00FD1793F7F70F858B93B7170017
:103EC000F907F9BFE359B3F49307E0167DB7E3545C
:103ED000B6F49307D01655B7834745001306C003C1
:103EE000834515009386F7FF2302D50083462500FE
:103EF00003473500F917B386C6027D171377F70F0E
:103F0000A301E5004207418393F7F70F054E994E51
:103F1000AE96B386C6020346050093050019369691
:103F20008356650013054006B3F5B60213F8360054
:103F30001338180033F5A6029398870193D8884167
:103F400063D508021305F07C130800199308400696
:103F5000FD16C206C1826365D504D567938707182D
:103F6000B307F7023385C7008280854881C5814841
:103F700011C1C2881383F7FF639BC7019387C801F0
:103F8000BA971397070141839377F30F75B763F4DB
:103F9000FE009377F30F858B93B71700F907CDB722
:103FA000B3F506039307E01681CDB3F51603930727
:103FB000D01699C593F7360093B717009387D71695
:103FC000BA9713970701418361B7AA8705C2130700
:103FD000F6FFB376C700054599EA23A00700CCC3D6
:103FE0002394C7002395E700014582800545828020
:103FF000232005008280AA871145B5C72DC683D628
:10400000070003D787000D45369783D62700158F05
:104010004207418329CB0145B9C583560600637326
:10402000D700BA86C206C182014713150701418134
:104030006366D5002310D600014582803385E500F4
:104040008348050003D8A70003D527000507337868
:104050000501C84342952300150103D52700050536
:104060002391A700D9B782802A8729CD83560500DE
:104070008357A500B697835625008507958FC207FD
:10408000C183BE866373F600B286C206C1820D4547
:104090009DCB81476394D70001458280035627005A
:1040A0000355A70003C805008507718D5043C2075B
:1040B000C1832A9623000601035627000506231113
:1040C000C700C9BF11458280AA871145B1CF29CE4B
:1040D00083D6070003D72700158F835606004207B3
:1040E00041836373D700BA86C206C18209450DCFEA
:1040F00001476366D7002310D6000145828003D5AF
:10410000070003D8A70033780501C8434295034848
:1041100005003385E50005072300050103D50700E9
:1041200005052390A700F1B78280FD5719C93841D2
:10413000FD5701CB784111C73C4593B71700B30732
:10414000F0403E858280AA871DC903470500637A37
:10415000B7002300B50003C70600136717002380CC
:10416000E60003C707000145637CE6002380C70023
:1041700083C7060093E727002380F60082807D55E1
:104180008280357126CBAA84368522CD4AC94EC796
:1041900006CFAE8932893684493F3DE97D5563803B
:1041A00009045C4499E393E40408034614013C4089
:1041B00054408A854A96268582978346F4042308CC
:1041C000A40005474C403C441305201C6383E600D3
:1041D000094582970305040181470DC57955FA40C9
:1041E0006A44DA444A49BA490D618280034614019F
:1041F00018013E973297034707F8B386F900850701
:104200002380E600139707014183E36127FFC1BFC5
:104210007D55F1B70111AA8605469305F1006D455C
:1042200006CE853715E18347F100094789879D8BC5
:10423000FD1793F7F70F6369F70017A7020013073D
:10424000E7B5BA9703850700F2400561828079716E
:1042500022D42A842E8506D6231E01002EC6F135CF
:104260001DEDB24609466C0813050004193F05E52B
:104270008347C10113D777002301E40013D74740D8
:10428000BD8B2300F4008347D1011D8BA300E40004
:104290008D8BA301F400B2502254456182807D557C
:1042A000DDBF797122D42A842E8506D6231E010013
:1042B0002EC6A53D29E9B24609466C08130520041F
:1042C000C93515ED8347C10113D777002301E400F9
:1042D00013D76740058BA302E40013D74740BD8B7B
:1042E0002300F4008347D1010D8BA300E40013D712
:1042F0003740058B9D8BA301E4002302F400B250EC
:104300002254456182807D55DDBF011122CC26CA31
:104310002A84AE84AE8609466C001305B00406CE2E
:1043200023160100B93D29E18347C1008583A3031A
:10433000F4008347D10013D76740058B2301E400C5
:1043400013D7274093D677000D8B8D8BA300D40015
:10435000A301E4002302F40081EAA6860546930542
:1043600084001305D004313DF2406244D24405611B
:104370008280011126CAAA84368522CC4EC652C438
:1043800006CE4AC8AE89328A3684453345E57D5526
:10439000638009045C4499E393F4F4070347F4044D
:1043A00085476319F706014993170901C18363E93A
:1043B00047039307C0076399F40083C70900858BFF
:1043C000BDC78547A307F4040305040111C179554E
:1043D000F2406244D2444249B249224A0561828095
:1043E0007C40544033852401B3852901054613756B
:1043F000F50F82973C444C402308A4001305201C71
:104400008297830704010509C5D39307C007E38694
:10441000F4FA75BF7C405440CE855286268582973B
:104420003C444C402308A4000945829759B7A30790
:10443000040459BF7D5569BF39C1011193D71500D7
:10444000958122CC26CA2A84B284BD8BA306B100F2
:1044500009466C001305B0054AC806CE3689230606
:10446000F100013F19E5CA862686A2851305E005FD
:104470000937F2406244D2444249056182807D5549
:104480008280011122CC26CA2E84AA84AE860546DB
:104490009305F1001305900506CEA3070100D53161
:1044A00011ED0345F100A28605467999458DA307D4
:1044B000A1009305F10013059005653DF2406244AB
:1044C000D2440561828001114AC81389850022CC3B
:1044D00026CA2A84AE84CA8605468145090506CEC9
:1044E000231601008D3125ED034724008547130570
:1044F0001400CA860D466303F7001D468145A131AD
:1045000039EDCA86314685452285353929E9CA867D
:104510000D468145130534003D3131E10347140058
:1045200083472400A6861207137707079E07D98FB3
:104530000347040009466C003D8BD98F2306F10028
:10454000034734008347D100130500040D8BF19B12
:10455000D98FA306F100313D19E126856539F24076
:104560006244D24442490561828001114AC81389DC
:10457000850022CC26CA2A84AE84CA860546814597
:10458000090506CE231601007D3E4DE9CA860D467B
:10459000814513051400453E55E1CA86054681450F
:1045A000130554004D3659E9CA863546994522858A
:1045B000593E49E5CA8605468145130534006136F2
:1045C00035EDCA861146814513054400AD3E3DE5F3
:1045D0008347C10003472400A68693F7F7031E070D
:1045E000D98F0347540009466C001A071377070454
:1045F000D98F0347140093F7F7FC13052004120723
:1046000013770703D98F03470400C19B3D8BD98FD4
:104610002306F100834734008E0713F78700834792
:10462000D10093F7070FD98F034744001D8BD98F13
:10463000A306F1003D3B19E12685E93EF2406244C4
:10464000D244424905618280011126CAAA842E857E
:1046500022CC06CE2E84A3070100C13C0DEDA2861C
:1046600005469305F1001305C007213E0DE50345FE
:10467000F1008588A2867999458DA307A10005469A
:104680009305F1001305C007ED3119E98347F100E7
:10469000858BA307F404F2406244D2440561828012
:1046A0004D55D5BF797122D42A842E8506D6231E76
:1046B00001002EC69D3C0DE57D5519CCB24609463C
:1046C0006C0871457D3C09E98347D1010347C1016D
:1046D000A207D98F2310F400B25022544561828082
:1046E0007D55DDBF011122CC2A842E8506CE2EC633
:1046F0002D3C11E909C8A2856244B246F240054644
:104700000D450561BDBCF24062447D550561828066
:1047100001114AC82A89328522CC26CA06CEAE8427
:10472000328423160100113445EDA28609466C003F
:1047300013056005B93449E983468406814713F7B8
:10474000F70F6364D700814721A8785013961700AC
:104750008507329703460700E31326FF83471700B8
:104760008D46515563E2960689450346D1000347BD
:10477000C1006384B402638FD404854593C6F7FFF8
:10478000D98F6386B400E206E186B3F7E60023061C
:10479000F100F18EA306D10011A8B366F60093C70D
:1047A000F7FFF98FA306D1002306F100A286054684
:1047B0006C0013056005753E01E9A2860546930568
:1047C000D100130570057536F2406244D244424967
:1047D000056182805D8F2306E100B366F6005DBF50
:1047E0007D55DDB7411126C2AA842E8522C406C696
:1047F0002E84EFF09F9315E18DC04C403C4415652D
:10480000130505E28297A2862244B240A68592440F
:104810000546130510024101ADB2B2402244924454
:104820007D5541018280797122D406D626D24AD0A4
:104830004ECE2A84A3070100EFF03F8FFD5759EDBC
:1048400083592405FD57638B09088357440113F7E7
:10485000170001C7FD17231AF400035744018547C9
:1048600063E5E7008947231AF400A28501458354D4
:104870004401D93BAA873DE1A2852131AA8739EDC0
:10488000B3F4990213F7F40F35C393F4F40FB38420
:104890009940C204C1800149637C9904A1E3084C9A
:1048A00003564401CA854A95A286793603574401C6
:1048B000AA873A99420913590901F9BF084C0356CE
:1048C0004401A6852695A286853E03574401AA8702
:1048D000BA94C204C18063F73403EDD3B2502254BA
:1048E00092540259F2493E85456182808144E5B780
:1048F000F5F7094703594401231AE40063EF340331
:10490000231A2401E1FFA2850545A53EAA8779F572
:10491000A2850545153BAA8771F1A2851305F10013
:10492000D1350347F100AA873D8B230BE4005DF5E9
:104930008546E305D7FADD5755B7F9F3084C03561A
:104940004401A6852695A286C53C03574401AA8743
:10495000BA94C204C1805DB70111930760FB22CCF9
:1049600026CA06CEAA842307F100A3070100EFF0B0
:10497000CFFB2A8405E9A68605469305E1001305C9
:10498000E007C53ABC44CC402A841305007D8297D9
:104990008547A387F40419E4DC4499CB2685613567
:1049A0002A840DC12285F2406244D244056182808E
:1049B000A68605469305F1000145EFF08FFC2A8499
:1049C00075F1E9BF814701489CDC23AE0403D9BFE0
:1049D000011122CC06CE2A84A3070100EFF0EFF4E8
:1049E000AA8719ED8547A307F4045C4499CFA286F2
:1049F00005469305F1000145EFF0AFF8AA8719CD00
:104A0000F24062443E8505618280A2860546930598
:104A1000F100EFF00FF7AA8765F5D1BF8347F100EA
:104A2000034704006313F702C1472309F4008547D5
:104A3000A30FF400B7070200938707105CD4231874
:104A400004022285113FAA8765BF2300F400F557B1
:104A500045BF7971A307A10006D622D426D24AD039
:104A60004ECE52CC56CA5AC87D55C1C559C203470D
:104A7000C6018347F100595563FDE70632842E8A4B
:104A8000B2869305F10005461305F002EFF07F8E24
:104A90002DE1835744013D47636DF70613F7170077
:104AA00001C7FD17231AF400814493090003814ACA
:104AB0004149414B0356440193170901C183B30592
:104AC0005A01A28663E1C7044E85EFF08FEB83475E
:104AD0004401BE9ABE9993FAFA0F93F9F90FBE9466
:104AE00093F4F40F33099B401379F90F19E1E313A1
:104AF00009FCB250225492540259F249624AD24AF5
:104B0000424B456182803E864E85EFF08FE7CA9426
:104B1000C1BFA2864146D28513050003EFF06FE6C0
:104B2000C9BF011106CE22CC26CA83C6E50102C048
:104B300002C202C402C601470D4625489377F70F0B
:104B400063E4D70061551DA0B308C7029C55050753
:104B5000C69783C80700E39308FF2A8403C517009C
:104B60002E868A8583C42700ED3511C5F240624444
:104B7000D244056182801C08BE9483C704FF13F7EA
:104B800017002300E40013D71740058BA300E400AF
:104B900013D727408D87058B9D8B2301E400A3014C
:104BA000F400E9B75D71A2C42A843285CAC04EDE22
:104BB00086C6A6C252DC56DA5AD85ED662D466D20F
:104BC000AE893289EFF06FD6631E050E630C040EBA
:104BD000034AF9049209AA84A2998D4A054B254CEF
:104BE000930B900263103403B64026442685064991
:104BF0009644F259625AD25A425BB25B225C925C92
:104C0000616182808347040063F8FA0063166A01D9
:104C1000CA850145153CAA84ADE083470400638D35
:104C20008709639277038357090502C802CA02CC39
:104C300002CE93F7070291EB8346E9010147937790
:104C4000F70F63EED702E15445B7CA8605469305D0
:104C5000F1007945EFF0EFD229E58347F10013F732
:104C6000070419C3938707F82312F40063176A0136
:104C7000CA850545EFF05F9DAA844104A5B73306B8
:104C80005703832789020507B29703C60700E31875
:104C900076FB03C517004A860C0883CC2700553BDA
:104CA00019C1AA8491B71C10BE9C03C70CFF93774F
:104CB000F7071377070475B7CA85130544009535C0
:104CC00055D5C5B7FD540DB783570505898B85CFDD
:104CD000011122CC06CE2A84EFF02FC5FD5719ED25
:104CE00093079002228685450A852300F1005D3DE9
:104CF000AA8709E5035741002316E404F240624401
:104D00003E8505618280E1573E8582808346D601DB
:104D100081470D4813F7F70F6364D7000145828080
:104D2000B388070358528507469783480700E393E3
:104D3000B8FE41110D46BA8506C6EFF0C10EB2406D
:104D40000545410182805D71CAC02A893285A2C4AD
:104D5000A6C24EDE86C652DC56DA5AD85ED662D479
:104D6000AE89B284EFF06FBC7D542DE1630009067B
:104D700093058003B389B90283CAF404096A054B19
:104D8000894B138C8400130A0A71CA99631C390178
:104D900085470144639CFA02A6850545EFF0DF8A4A
:104DA0002A842DA0638E6A01834709006384670506
:104DB0009DCB6387770525476382E71C615439A043
:104DC000A6850145EFF05F882A8479DD2285B6400B
:104DD000264496440649F259625AD25A425BB25B63
:104DE000225C61618280A68513054900EFF0AFED7A
:104DF0002A84B1AAA68513054900EFF00FF7CDBFAD
:104E0000E2862D46854513059900EFF0CFB32A843D
:104E100055FDA68605460C081305B006EFF06FB6E3
:104E20002A844DF58347490003470101A68696076A
:104E30001377F7FD93F70702D98F05460C08130582
:104E4000B0062308F100EFF0CFD22A8441F1A68604
:104E500009460C081305B0042318010023060100BD
:104E6000EFF02FB22A843DF1834701010347B900D7
:104E70005544858B0607D98F2308F1000347590055
:104E8000834711011E0793F7F703D98F0347690082
:104E90001A0713770704D98F03477900CD9B0A07B8
:104EA000318BD98F03478900F19B0D8BD98FA308D4
:104EB000F100A6856800EFF0FF828347C100918B67
:104EC0005D8D1375F50F4DE10C08A6860946130597
:104ED000B004EFF00FCABC44CC402A841305803ED6
:104EE0008297E31504EE83475900BDE79305C90097
:104EF000A38F0400A68605461305D004EFF06FC704
:104F0000BC44CC402A841305803E8297E31004EC15
:104F1000A68605460C0813054004EFF08FA62A84E8
:104F20001DE58347A900034799000C0892073D8BB4
:104F3000D98FA6860546130540042308F100EFF03B
:104F40004FC3BC44CC402A841305803E829713098A
:104F50008903E30D04E29DBD8547A38FF4008347D9
:104F600079002380F4026DB7BC44CC407D14528597
:104F70001374F40F829715FC455489BD2686A54508
:104F8000680002C802CA02CC02CE23160100230721
:104F90000100AD3BE30405E20345D10026860C0881
:104FA0004D3C2A844DF50346E1001808835549001D
:104FB0009357160093961700BA9603D7060093F5F9
:104FC000F57F137707804D8F2390E6001387170036
:104FD000140806073697835607008355690093F631
:104FE000068093F5F57FCD8E2310D7001387270019
:104FF00014080607369783560700835589008D07E6
:1050000093F6068093F5F57F8607CD8E918F23105A
:10501000D70093F7F70F0147639AE700A68641464A
:105020000C0813050003EFF0CFB4D9B305071377CD
:10503000F70FDDB7397122DC2A84328526DA4AD8A7
:1050400006DE4ED652D456D25AD02E89B284EFF014
:10505000CF8D01CD7D55F2506254D2544259B25990
:10506000225A925A025B216182806DD4930580039B
:105070003309B90283C9F4048D4A094A254B2299A0
:10508000631B890085470145E397F9FCA685054523
:10509000EFF08FDBC9B78347040063E0FA02638651
:1050A000470F834704000547638AE70285C363818E
:1050B000470F638B6703615579BF8547E393F9FE1B
:1050C000A6850145EFF04FD859F5E1BFA685130538
:1050D0004400EFF0CF97630A0510B5BFA68513050E
:1050E0004400EFF00F9CC5BF2686A545680002C8A6
:1050F00002CA02CC02CE2316010023070100393177
:105100005DD90345D10026860C08EFF09F9421F568
:105110008347E10014101010138717001377F70F5F
:105120003697034707FFBE9683C606FF2207558FB3
:105130001377F77F2312E4001387370014101377D7
:10514000F70F36979386270093F6F60F034707FF6E
:10515000B29683C606FF2207558F1377F77F231376
:10516000E400138757001377F70F9107329793F7EF
:10517000F70F034707FFB29783C707FF2207D98FAF
:1051800093F7F77F2314F4008DA08547E38AF9F2A3
:105190002685EFE09FF9E31F05EAA68605460C0881
:1051A0001305B006EFE0FFFDE31705EA83470101B1
:1051B000A685130544009587858B2302F400EFF044
:1051C000CF94E31A05E8A68605460C0813054004AB
:1051D000EFE03FFBE31105E88347010113D74700E8
:1051E000BD8B2305E400A304F4001304840349BD2C
:1051F000FD5719C93841FD5701CB784111C73C45CE
:1052000093B71700B307F0403E858280014781467F
:1052100093082002170802001308489A3703100069
:10522000370E08009377F70F63E4B7003685828066
:10523000B307E50083C7070063E2F8088A07C2974F
:105240009C43C29782871C4293E717001CC229A87F
:105250001C4293E72700DDBF1C4293E74700FDB7E0
:105260005C4293E717005CC205076DBF1C4293E7E1
:105270008700E9BF1C4293E70701C9BF1C4293E7BF
:105280000702E9B71C4293E70704C9B71C4293E73A
:1052900007086DBF1C4293E707104DBF1C4293E700
:1052A00007206DB75C4293E7470075BF1C42B3E728
:1052B000C70169BF1C42B3E7670049BFE1566DB73C
:1052C000797122D426D22E84AA842E8668008D4538
:1052D00006D602C802CA02CC02CE2316010023075A
:1052E0000100EFF0BFA239C90345D10022860C08A6
:1052F000EFF02FF60DED8347E1001810A286A90705
:1053000093F7F70FBA9703C707FF41460C08799B3D
:10531000458F130500032388E7FEEFF08F851C5CA3
:1053200001ED0547639AE40093E787001CDCB25067
:105330002254925445618280DD9BCDBF6155C5BF2B
:10534000797122D426D22E84AA842E8668009145B3
:1053500006D602C802CA02CC02CE231601002307D9
:105360000100EFF0BF9A31CD0345D10022860C0831
:10537000EFF02FEE21E18347E100181093967400BF
:105380008D0793F7F70FBA9703C707FF41460C083D
:105390001377F707558F13050003A2862388E7FECE
:1053A000EFE03FFD1C5C01ED0547639AE40093E7E5
:1053B00007011CDCB2502254925445618280BD9B8F
:1053C000CDBF6155C5BF797122D426D22E84AA845F
:1053D0002E866800954506D602C802CA02CC02CEC7
:1053E0002316010023070100EFF05F9239CD03453A
:1053F000D10022860C08EFF0CFE521E18347E100E0
:105400001810939674008D0793F7F70FBA9703C798
:1054100007FF41460C081377F707558F1305000364
:10542000A2862388E7FEEFE0DFF41C5C01ED054770
:10543000639AE40093E707021CDCB25022549254B2
:105440004561828093F7F7FDC5BF6155FDB779715E
:1054500022D426D22E84AA842E866800994506D6A8
:1054600002C802CA02CC02CE2316010023070100A3
:10547000EFF0DF8931CD0345D10022860C08EFF033
:105480004FDD1DED8347E10018109396340085072A
:1054900093F7F70FBA9703C707FF41460C085D9BC8
:1054A000558F13050003A2862388E7FEEFE07FEC0B
:1054B0001C5C01ED0547639AE40093E707041CDCDC
:1054C000B250225492544561828093F7F7FBC5BFD6
:1054D0006155FDB7797122D426D22E84AA842E86F6
:1054E00068009D4506D602C802CA02CC02CE231629
:1054F000010023070100EFF07F8131CD0345D1008A
:1055000022860C08EFF0EFD41DED8347E100181060
:1055100093964400850793F7F70FBA9703C707FFE1
:1055200041460C083D9B558F13050003A286238836
:10553000E7FEEFE01FE41C5C01ED0547639AE40021
:1055400093E707081CDCB2502254925445618280D4
:1055500093F7F7F7C5BF6155FDB7797122D426D20D
:105560002E84AA842E866800A14506D602C802CAE7
:1055700002CC02CE2316010023070100EFF00FF941
:1055800039CD0345D10022860C08EFF08FCC21E104
:105590008347E100181093965400850793F7F70F9F
:1055A000BA9703C707FF41460C081377F7FD558FDD
:1055B00013050003A2862388E7FEEFE09FDB1C5C57
:1055C00001ED0547639AE40093E707101CDCB25035
:1055D000225492544561828093F7F7EFC5BF61551D
:1055E000FDB7797122D426D22E84AA842E86680033
:1055F000A54506D602C802CA02CC02CE2316010077
:1056000023070100EFF08FF031CD0345D100228652
:105610000C08EFF00FC41DED8347E10018109396BE
:105620003400950793F7F70FBA9703C707FF414672
:105630000C085D9B558F13050003A2862388E7FEA7
:10564000EFE03FD31C5C01ED0547639AE40093E76C
:1056500007201CDCB250225492544561828093F79B
:10566000F7DFC5BF6155FDB7797122D426D22E84EC
:10567000AA842E8668009305200206D602C802CAB4
:1056800002CC02CE2316010023070100EFF00FE841
:1056900031C90345D10022860C08EFF08FBB05ED20
:1056A0000347E1001C10939614003E97834707FFC1
:1056B00041460C08F59BD58F13050003A2862308ED
:1056C000F7FEEFE01FCB5C5C01ED0547639AE40059
:1056D00093E747005CDCB2502254925445618280CB
:1056E000ED9BCDBF6155C5BF797122D426D22E84E2
:1056F000AA842E866800CD4506D602C802CA02CC0E
:1057000002CE2316010023070100EFF02FE039CD70
:105710000345D10022860C08EFF0AFB315ED034727
:10572000E1001C10939654003E97834707FF4146C3
:105730000C0893F7F7FDD58F13050003A286230805
:10574000F7FEEFE01FC31C5C09ED0547639BE40017
:1057500037070800D98F1CDCB2502254925445619F
:1057600082803707F8FF7D17F98FF5B76155EDB7E0
:10577000797122D426D22E84AA842E866800D1453F
:1057800006D602C802CA02CC02CE231601002307A5
:105790000100EFF0AFD731CD0345D10022860C08D0
:1057A000EFF02FAB0DED0347E1001C109396440082
:1057B0003E97834707FF41460C08BD9BD58F1305D5
:1057C0000003A2862308F7FEEFE0BFBA1C5C09EDD8
:1057D0000547639BE40037071000D98F1CDCB250EB
:1057E00022549254456182803707F0FF7D17F98F6C
:1057F000F5B76155EDB78346E60181470D4813F7CC
:10580000F70F6364D70001458280B38807031856F9
:105810008507469783480700E393B8FE41110D467C
:10582000BA8506C6EFE02160B2400545410182809D
:10583000411122C406C62A84EFF09F9B2DE99307ED
:1058400040022300F400B70700208D073CC85C44E9
:1058500093B71700A308F4001C4C91E797F70100D9
:105860009387873E1CCC2285EFF08F9629E197170E
:1058700002009387673D5CD097170200938707402B
:105880001CD4856793878710231EF4009D47230F40
:10589000F40097E7FF1F938727D57CD0A147230407
:1058A000F40622852244B24041016FF0EFC1B240BC
:1058B00022444101828039714AD8814701482A89AE
:1058C000328522DC26DA06DE4ED652D42EC6B284CB
:1058D0003ECC42CEEFF0DF917D5463140516630297
:1058E0000916B24530084A85EFF05F922A84631AA0
:1058F0000514A6860546930571011305D007624974
:10590000F249EFE01F882A84631D0512937719007E
:1059100099C78347710193E74700A30BF100937781
:10592000290099C78347710193E72700A30BF10072
:105930009377490099C78347710193E71700A30B39
:10594000F10093F6190099C60347710113678700A8
:10595000A30BE10093777900D58F99CBA6860546F6
:10596000930571011305D007EFE0BFA0631A050C82
:10597000937789FF13F7E9FFD98F6384070C03CA74
:10598000F40485476309FA0A9377890091C7A685CD
:105990000545EFF0FF922A849377090191C7A68508
:1059A0000545EFF0FF992A849377090291C7A685F0
:1059B0000545EFF05FA12A849377090491C7A68576
:1059C0000545EFF0DFA82A849377090891C7A685DB
:1059D0000545EFF03FB02A849377091089C7A68563
:1059E0000545A53E2A849377092089C7A6850545E4
:1059F000CD3E2A8493F9490063860900A6850545B2
:105A0000A5312A849317C90063D60700A6850545EA
:105A1000E1392A849317B90063D60700A6850545A6
:105A2000813B2A848547631EFA0001ECA685054563
:105A3000EFE09FC131A0A6850145EFE0FFC029D569
:105A40002A842285F2506254D2544259B259225AC1
:105A50002161828039714AD8814701482A8932857B
:105A600022DC26DA06DE4ED652D42EC6B2843ECCD6
:105A700042CEEFF0EFF77D5463140516630209166A
:105A8000B24530084A85EFF06FF82A84631A05148E
:105A9000A6860546930571011305D0076249F249B0
:105AA000EFE02FEE2A84631D05129377190091C74A
:105AB00083477101ED9BA30BF1009377290091C7F8
:105AC00083477101F59BA30BF1009377490091C7C0
:105AD00083477101F99BA30BF10093F6190091C65E
:105AE000034771015D9BA30BE10093777900D58F8C
:105AF00099CBA6860546930571011305D007EFE003
:105B00005F87631E050C937789FF13F7E9FFD98F31
:105B10006388070C03CAF4048547630DFA0A937778
:105B2000890091C7A6850145EFF08FF92A84937704
:105B3000090191C7A6850145EFF09F802A849377DC
:105B4000090291C7A6850145EFF0FF872A84937764
:105B5000090491C7A6850145EFF07F8F2A849377CA
:105B6000090891C7A6850145EFF0DF962A8493774F
:105B7000091091C7A6850145EFF03F9E2A849377CF
:105B8000092091C7A6850145EFF0BFA52A8493F9A6
:105B9000490063870900A6850145EFF0FFAC2A8420
:105BA0009317C90063D70700A6850145EFF0DFB35F
:105BB0002A849317B90063D60700A68501454D3E98
:105BC0002A848547631EFA0001ECA6850545EFE0AF
:105BD000BFA731A0A6850145EFE01FA729D12A84E0
:105BE0002285F2506254D2544259B259225A21614C
:105BF00082805971A2D42A843285A6D2CAD086D690
:105C0000CECED2CCD6CADAC8DEC6E2C4E6C2EAC07C
:105C10006EDE2E89B284EFF0AFDD6319055663079F
:105C20000456930580033309B90203C7F404096AD3
:105C3000F97A3AC0717BA16BAA877D1AFD1A3307E6
:105C400024013AC27D1BFD1B1247631CE4028246FD
:105C500005476398E60091E7A6850545EFE0DF9EDE
:105C6000AA87B650265496540659F649664AD64A2B
:105C7000464BB64B264C964C064DF25D3E85656113
:105C8000828003470400894663F5E600A546631950
:105C9000D700268685452285EFF0EF8AAA8715A6CC
:105CA000824605476397E600A6850145EFE0DF9948
:105CB000AA87C5FB03470400A14663EFE6009947A6
:105CC0006379F73891476304F70C63E8E7188D4769
:105CD0006303F724E157F5A4D146630AD73EF5469E
:105CE000630AD728CD47E317F7FE2686CD45680817
:105CF00002D002D202D402D6231E0100230F0100DB
:105D0000EFF0CF80E157630E052A0345D1012686C7
:105D10000C10EFE01FD4AA876315052A8345E10123
:105D2000181093D7150093961700BA96035744009E
:105D300003D606001207418B3D9A518F2390E6004F
:105D40001387170014180607369783566400231824
:105D5000D7FE13872700141806073697835684004A
:105D60002318D7FE138737001418060736979107B4
:105D70008356A40086078D8F2318D7FE93F7F70F5D
:105D800001476380E70C05071377F70FDDBF268611
:105D90009145680802D002D202D402D6231E010027
:105DA000230F0100EFE09FF6E157630C0520034548
:105DB000D10126860C10EFE0DFC9AA876313052006
:105DC0000346E1011C10F9761357160093151700CE
:105DD000BE9583D705000965F58F83564400B3F659
:105DE0004601D58F83568400B3F75701B606E98E76
:105DF000D58F8356A4001165B3F76701BA06E98E03
:105E0000D58F8356C400B3F77701BE06D58F239094
:105E1000F5009307170014108607B69783D607007E
:105E200083556400090793F6068093F5F57F06070E
:105E3000CD8E118F2390D7001377F70F8147631A08
:105E4000F700A68641460C1013050003EFE06FD261
:105E5000B1B5850793F7F70FDDB726869545680836
:105E600002D002D202D402D6231E0100230F010069
:105E7000EFE0DFE9E157630605140345D10126860B
:105E80000C10EFE01FBDAA87631D05120346E10158
:105E90001C10F9761357160093151700BE9583D77B
:105EA00005000965F58F83564400B3F64601D58F8A
:105EB00083568400B3F75701B606E98ED58F835613
:105EC000A4001165B3F76701BA06E98ED58F835632
:105ED000C400B3F77701BE06D58F2390F500930772
:105EE000170014108607B69783D607008355640001
:105EF000090793F6068093F5F57F0607CD8E118F7F
:105F00002390D7001377F70F8147E30CF7F285074B
:105F100093F7F70FDDBF26868D45680802D002D2C1
:105F200002D402D6231E0100230F0100EFE01FDE82
:105F3000E15741C90345D10126860C10EFE07FB13E
:105F4000AA8741E18346E101101893D71600139701
:105F5000170032978507035644008607958F23184C
:105F6000C7FE93F7F70F0147E38DE7EC05071377BB
:105F7000F70FDDBF3EC6268693074400F545680847
:105F80003EC402D002D202D402D6231E0100230F47
:105F90000100EFE0BFD7E30F05D2834CE1010349D5
:105FA000D101B24793892C00130C390093F9F90FF2
:105FB000137CFC0F93D91900CA8D0147214D6375DD
:105FC000BC011304840349B126860C106E853AC6C1
:105FD000EFE03FA8AA87324731E56373B901814CEE
:105FE0006313BC014E8D93D61C00B305D74093F7C5
:105FF000F60F3387B7001377F70F63EAA7038346DB
:10600000E1018607958F93F7F70F8146639FD702CB
:10601000A68641460C10130500033AC6EFE06FB5A3
:106020003247AA8713881D00937DF80F49BF9397C5
:1060300016001010B29713161700224785063A96DD
:10604000035706002390E7005DB7850693F6F60F29
:1060500075BF26869D45680802D002D202D402D6BA
:10606000231E0100230F0100EFE05FCAE15731D981
:106070000345D10126860C10EFE0BF9DAA8731F1C0
:106080008345E10118108356440093D715001396F9
:1060900017003A960357060093F6F63F85071377E5
:1060A00007C0558F835664001377F7BF8607AA068B
:1060B00093F60640558F8D8F2310E60093F7F70F68
:1060C0000147E380E7D805071377F70FDDBF268682
:1060D000D145680802D002D202D402D6231E0100A4
:1060E000230F0100EFE09FC2E157E30C05EC0345ED
:1060F000D10126860C10EFE0DF95AA87E31305ECAB
:106100008346E101101893D716001387170006077E
:106110003297035644002318C7FE13872700101830
:1061200006073297035664002318C7FE138737000B
:10613000101806073297035684002318C7FE1387EA
:1061400047001018060732970356A4002318C7FE0D
:10615000138757001018060732970356C4002318F8
:10616000C7FE138767001018060732979D0703566E
:10617000E4008607958F2318C7FE93F7F70F0147B2
:10618000E381E7CC05071377F70FDDBFFD57D1BCDF
:106190001971A2DC2A843285CAD8CED686DEA6DA68
:1061A000D2D4D6D2DAD0DECEE2CCE6CAEAC8EEC687
:1061B000AE893289EFF0CF836311053A630F04385B
:1061C00093058003B389B902834AF904096AAA8452
:1061D000894B254C0D4B7D1AA299631B34038547CF
:1061E0006398FA0091E4CA850545EFE0EFC5AA84FB
:1061F000F650665426854659D654B659265A965AAC
:10620000065BF64B664CD64C464DB64D0961828016
:106210008347040063F4FB00639B87014A8685453E
:106220002285EFE03FE1AA84130484037DB76388ED
:10623000673385476397FA00CA850145EFE0CFC011
:10624000AA84DDF4834704002147636EF7001947F1
:1062500063F9E7201147638DE7086368F7126382EB
:106260006731E154D1B75147638CE724754763899F
:10627000E7124D47E397E7FE4A86CD45681002D8FE
:1062800002DA02DC02DE2316010223070102EFE03C
:10629000FFA7E15451D90345D1024A860C18EFE01B
:1062A0004FFBAA8451F18347E10294008583139741
:1062B00017003697035707FF1187058B2312E40059
:1062C0001387170006073697035707FF2313E400C9
:1062D000138727008D07060786073697B69703575B
:1062E00007FF83D707FF2314E4002315F4002DBF15
:1062F00002D802DA02DC02DE2316010223070102C1
:106300004A8691456810EFE07FA0E15411DD034516
:10631000D1024A860C18EFE0CFF3AA84E31605F009
:106320008347E1029400138717001377F70F36971E
:10633000034707FFBE9683C606FF2207558FB37635
:1063400047012312D4009356D740858A2314D400E2
:106350009356E7403D832316E400858A1387370070
:106360002315D4001377F70F94008907369793F716
:10637000F70F034707FFB69783C707FF2207D98F99
:1063800093F7F77F2313F40045B502D802DA02DC55
:1063900002DE23160102230701024A8695459DB7B6
:1063A0004A86F5456810130D440002D802DA02DC73
:1063B00002DE2316010223070102EFE03F95E3020C
:1063C00005EA8348D102834EE102814D938638006D
:1063D00013832E0093F6F60F1373F30FC68C414E02
:1063E0000148E3E396E54A860C18668576CE42CCF2
:1063F00072CA1AC836C646C4EFE0AFE5AA84A248FE
:10640000B2464243524E6248F24E11E963F398019C
:10641000814E639396011A8E76876366C701850C59
:1064200093FCFC0F7DBF9307170090003A9693F7FB
:10643000F70F034606FF63FAC7018C00AE9703C847
:1064400007FF09079377F70F220813971D006A9734
:1064500033660601850D2310C70093FDFD0F3E87AF
:106460006DBF4A869D45681002D802DA02DC02DE62
:106470002316010223070102EFE05F89E154E305DF
:1064800005DA0345D1024A860C18EFE08FDCAA84B6
:10649000E31C05D80347E10294009307170093F724
:1064A000F70FB69783C707FF3697034707FFA20783
:1064B000D98F13F7F73FA9872312E400858BD9B54D
:1064C0004A86D145681002D802DA02DC02DE2316C1
:1064D000010223070102EFE07F83E154E30605D4C4
:1064E0000345D1024A860C18EFE0AFD6AA84E31D1B
:1064F00005D28347E10294008583138717000607BE
:106500003697035707FF2312E40013872700060777
:106510003697035707FF2313E40013873700060756
:106520003697035707FF2314E40013874700060735
:106530003697035707FF2315E40013875700990781
:10654000060786073697B697035707FF83D707FFD7
:106550002316E4002317F400C1B9FD5451B9E3999F
:1065600004C84A868D45681002D802DA02DC02DED1
:106570002316010223070102EFE04FF9E154E3057E
:1065800005CA0345D1024A860C18EFE08FCCAA84D5
:10659000E31C05C80347E10294009307170093F733
:1065A000F70FB69783C707FF3697034707FFA20782
:1065B000D98F2312F4008DB95D71A6C2AA843285E9
:1065C000CAC04EDE86C6A2C452DC56DA5AD85ED69F
:1065D00062D466D26AD0AE893289EFE07FC163139C
:1065E000052463810424034AF90492092A84A699A4
:1065F000254B8D4BCD4A130C7002930C80021D4D20
:106600006380340783C7040013F7F70D6313670330
:106610004A8685452685EFE0EFD885472A846318AA
:10662000FA0011E5CA850545EFE00F822A84C1040E
:10663000C1BF63FAFB0085476317FA00CA850145AD
:10664000EFE08F802A8465F483C70400638F571BB3
:1066500063E7FA026387A70921476381E710615462
:106660002285B640264496440649F259625AD25AC7
:10667000425BB25B225C925C025D61618280638EF0
:106680008711E39E97FD4A8693058002680002C841
:1066900002CA02CC02CE2316010023070100EFF04C
:1066A0008F9555DD0345D1004A860C08EFE06FBA9F
:1066B000631805168347E1001810850793F7F70F55
:1066C000BA9783C707FF13D75740058B2382E4008F
:1066D00013D76740058B9D83A382E4002383F400D6
:1066E00095A84A869D45680002C802CA02CC02CE1F
:1066F0002316010023070100EFF0EF8F2DD1034592
:10670000D1004A860C08EFE0CFB4631B0510834725
:10671000E10014101010138717001377F70F369746
:106720009386270093F6F60FB296034707FF83C6BA
:1067300006FF2207C206558FB306F6008D0793F7B2
:10674000F70FB29783C606FF83C707FF558FE2078F
:10675000D98FDCC08547E31CFAECE9B502C802CA50
:1067600002CC02CE23160100230701004A86A14570
:106770006800EFF04F88E30405EE0345D1004A8638
:106780000C08EFE00FAD49ED8347E1001810BA9710
:1067900083C707FF2382F40075BF4A869305700202
:1067A000680002C802CA02CC02CE231601002307E9
:1067B0000100EFF04F84E30405EA0345D1004A8667
:1067C0000C08EFE00FA929ED8347E10018108507B9
:1067D00093F7F70FBA9783C707FF13F717002382C2
:1067E000E40013D71740058BA382E40013D727409A
:1067F000058B2383E40013D737409187058B858B66
:10680000A383E4002384F400B1B702C802CA02CC17
:1068100002CE23160100230701004A86CD4589BF19
:106820002A843DBD7D542DBD011122CC2A843285A0
:1068300026CA4EC606CE4AC852C456C2AE84B289D3
:10684000EFE01F9B39E57D5505CC8E043709180014
:10685000A294514A854A1309891F63149400014583
:1068600005A0034504006368AA02B397AA00B3F722
:10687000270195C34C404E862104EFD07FE971DD9E
:10688000F2406244D2444249B249224A924A0561E6
:1068900082807D55F5B76155E5B783C7060093162D
:1068A0000601C1822E86AA853E856F40810883C776
:1068B000060093160601C1822E86AA853E856F408A
:1068C000A1104205418117C3FF1F6700433F45C127
:1068D000411122C406C685472A846392F5089307AE
:1068E000900617D7FF1FA30DF74C9707000093875B
:1068F00007FB3CC1970700009387A7FB7CC14CC5F1
:10690000EF30512497D7FF1F238C074A97D7FF1FDB
:106910009387074B83C70700232C0400B24017D787
:10692000FF1FA301F74A97D7FF1F9387774983C7B4
:106930000700014517D7FF1F2306F74897D7FF1F0A
:10694000938747485CC0970700009387C7F73CC40C
:106950009307E002231AF400224441018280DDF50E
:10696000171502001305852EEF50210345B77D55FD
:1069700082809307250293F7F70F13074002AA8539
:10698000636EF718170702001307C7308A07BA9714
:106990009C43BA9782878545170502001305C538C1
:1069A0006F40B17F8945170502001305A539CDBF9A
:1069B000FD55170502001305253BDDB7F9551705F1
:1069C00002001305A543E9BFF5551705020013059D
:1069D000E54BF9B7E1551705020013052551C9B775
:1069E000C155170502001305E5575DBFD1551705C1
:1069F00002001305255E6DB7F1551705020013055A
:106A0000656579BFED55170502001305257149BF6E
:106A1000E955170502001305657C59B7E5551715AB
:106A2000020013056587ADBFDD551715020013057C
:106A30002594BDB7D955171502001305259B8DB7B1
:106A4000CD5517150200130525A299BFC955171575
:106A500002001305A5A8A9B7C5551715020013050F
:106A6000A5AF3DBFBD5517150200130525B60DBFD7
:106A7000B955171502001305E5BD1DB7B555171516
:106A80000200130525C429BFB155171502001305CF
:106A900025CA39B7AD55171502001305A5CE09B79C
:106AA000A95517150200130565D3DDBDA5551715AA
:106AB00002001305E5D6EDB5A15517150200130523
:106AC00025DEF9BD9D5517150200130525E5C9BD45
:106AD0009955171502001305A5EAD9B5955517154F
:106AE00002001305A5F06DBD8955171502001305A9
:106AF00025F57DB5815517150200130525FC4DB50B
:106B00009305F0FD171502001305450251BD9305CD
:106B1000E0FD171502001305650A59B517150200A7
:106B200013058510B5BD8280011197D7FF1F2397EC
:106B3000A72A06CE22CC0989630105161707002073
:106B40000357A7A99307907E170400201304049EFF
:106B500063FDE7149305600217150200130545292C
:106B6000EF50410D9706002083D666A71706002038
:106B70000356C6A69705002083D525A61715020043
:106B800013058529EF4071619706002083D686A5FD
:106B9000170600200356E6A49705002083D545A4D8
:106BA0001715020013058528EF40315F17050020F7
:106BB0001305A5A2EF60F16117050020130565A379
:106BC000EFE0207597050020938525A12800EF6050
:106BD000D156970500209385C5A16800EF60F15557
:106BE000170700200357A79F9707002083D7A7A068
:106BF0006301F70613057100A3030100EFE0C06312
:106C00008347710099C713057100A3030100EFE0EA
:106C100040670357E40A9707002083D7A79C17050E
:106C200000201305059D970600202394E69C03276A
:106C3000040B9706002023AFE69A0327440B970620
:106C4000002023ABE69A170700202319F79AEFE0FC
:106C5000C07A3247A24763FCE7020357E40A97076A
:106C6000002083D72798970600202394E6980327CF
:106C7000040B9706002023AFE6960327440B9706E4
:106C8000002023ABE696170700202319F7968357B9
:106C90006409170700202318F79281456145EF30FA
:106CA000D009F240624405618280914717D7FF1FE7
:106CB0002316F712DDB7854717070020A302F790C8
:106CC00017D7FF1F2309F71C814597D7FF1F23976D
:106CD000071055456F30700697D7FF1F83D7670F92
:106CE000AD17C207C18319476361F7501717020038
:106CF0001307C7F68A07BA979C43011106CE22CC28
:106D000026CABA978287D145171502001305C5F622
:106D1000EF405172EF50005B9707002083C7078157
:106D20000D476383E70091EB97D7FF1F2398070A6E
:106D300081455945EF307000E1A0E145171502008B
:106D40001305C5F4EF40116F9305C012970700209B
:106D5000A38807860945EF50C0635DA0E945171574
:106D60000200130525F4EF40F16CEF50A04997D7CE
:106D7000FF1F23950706170700200347E785854770
:106D8000630BF70097F7FF1F83C7477A89E7EF5038
:106D9000615E814515C18145614569BF97D7FF1F78
:106DA00083D7C703D1E397D7FF1F83C7E7090544FC
:106DB00063968700930540065D45ADBFDD45171519
:106DC00002001305E5EFEF40F1660545EF7020394D
:106DD000854717D7FF1F2309F706094517D7FF1F58
:106DE000231E87FE17D7FF1F2307F70AEF30106C0B
:106DF00009CD973500009385A5720D45EF9040169B
:106E0000F2406244D2440561828017F7FF1F0347B6
:106E1000277393075002E3FEE7FC173500001305C4
:106E20002570EF90010BE9BF97D7FF1F238E070056
:106E300097D7FF1F239407FAB9BF97D7FF1F83D7B0
:106E4000E7F9B1E717D7FF1F034707008547631529
:106E5000F7009305400689B717D7FF1F2310F7F8EF
:106E6000E545854717150200130505E717D7FF1FEE
:106E7000230CF7FCEF40115C17050000130505CB50
:106E800097F7FF1FA38D0776EF90100995BF09476D
:106E90006390E70497D7FF1F238807FA97F7FF1F30
:106EA00083C7F76881CB014597F7FF1FA381076868
:106EB000EFD0F041D945171502001305A5E3EF40C7
:106EC000715797D7FF1F239B07F0814565459DB5F7
:106ED000C94517150200130565E3EF40B155D545C7
:106EE000171502001305C5E3EF40D154D54517151A
:106EF00002001305E5E2EF40F153D54517150200F6
:106F0000130505E2EF40115397D7FF1F238E07F2B9
:106F100097F7FF1FA386076A17F7FF1F034737611D
:106F2000A54763F7E700994717F7FF1FA301F7602D
:106F300017F5FF1F0345B55FEFD0703917F7FF1F37
:106F40000347F75E971702009387C7E9BA9783C58F
:106F500007009307C0030145B385F502EDBB17F7A2
:106F6000FF1F0347B75C8547631EF702E54517150A
:106F70000200130565DCEF40F14BEF50402497D73A
:106F8000FF1F239D07E4170700200347C7AF85476E
:106F90006314F702C547170700202306F7AE8145A3
:106FA000694549BBE945171502001305A5CFEF4018
:106FB0007148EF502025E1B781456D45A5BB97D7B6
:106FC000FF1F83D7A7E1D9EB17D7FF1F0347C7E7F9
:106FD00085476315F70093054006D9B717D7FF1FFC
:106FE000231EF7DEED45854717150200130585D6EC
:106FF00017D7FF1F230AF7E4EF40D1439567938724
:10700000379517F5FF1F1305856717F7FF1F231621
:10701000F76623170100EF1000378357E10093054F
:10702000E10009463E95B7070400FC472317A1007D
:1070300017F5FF1F1305856482978355E100973686
:1070400000009386E64D05469105C205C18117F5FE
:10705000FF1F13058562EFC0E0675DB30947639FBB
:10706000E7009305300217150200130565D0EF40C5
:10707000713C97D7FF1F238907DCA1B59305100248
:1070800017150200130505D1DDB7C9451715020014
:10709000130585D223070100EF40D13917F5FF1FF3
:1070A0001305A553EF60110E97F6FF1F83D62653E5
:1070B00017F6FF1F0356865297F5FF1F83D5E5513C
:1070C00017150200130585D0EF40310D97F6FF1F0D
:1070D00083D6465117F6FF1F0356A65097F5FF1F9C
:1070E00083D5055017150200130505CFEF40F10AAF
:1070F000894717D7FF1F2300F7DA854717070020B6
:107100002302F7B617F4FF1F130444420357040287
:1071100095679387C7046313F70697F7FF1F83D715
:10712000C7421307B048639EE70217F7FF1F0347E4
:107130003754F54763F4E7041305E100EFE0C00FAF
:107140008347E100894463EBF40285071305E100FE
:107150002307F100EFE0E01297F7FF1F238B973C26
:1071600031A89387C7B7C207C18311476368F70087
:10717000B717004083A7470A918BDDDF1707002070
:1071800003476790C5476316F70097070020238CD5
:10719000078E89470145854417D7FF1F230DF7CE7A
:1071A00097F7FF1FA38E074097F7FF1F238097389D
:1071B00097070020238C078CEF60707A0545EF302D
:1071C00071360327840A954763EAE70097F7FF1FA4
:1071D000A384974A97D7FF1FA38C97BE1305A005DA
:1071E000EF50001881455145B1B682807971F14761
:1071F00006D622D426D24AD04ECE52CC56CA23111D
:10720000F1009307400217D9FF1F034959C7230014
:10721000F5009307A003A300F500370A04008327B5
:10722000CA042A84094693052100090582979147DB
:107230002302F4003D098947A302F4001379F90001
:10724000D14997F7FF1F83C7D72FB309390323030A
:10725000F40097F7FF1F83C7E72EA303F40097F707
:10726000FF1F83C7372E2304F40097F7FF1F83C740
:10727000872DA304F40097F7FF1F83C7D72C97E44B
:10728000FF1F938424CB2305F40097F7FF1F83C7C8
:10729000A72BB38A9900A305F4004C005685EF6034
:1072A0002165834741009385490011469387070371
:1072B0002306F40083576100A69513054401A30635
:1072C000F400835781002307F4008357A100A3072C
:1072D000F4008357C1002308F4008357E100A3089A
:1072E000F40097F7FF1F83C797312309F40083C782
:1072F0000A01A309F4008327CA0482978327CA04DA
:107300009385C9000946A6951305840182978327B2
:10731000CA04938589001146A6951305A401829796
:1073200083D7EA0005671307679F9306F00F63672B
:10733000F7002947B3D7E70293F6F70FD147B30712
:10734000F902230FD4001307440093060402A69702
:1073500083C71701A30FF400814703460700050701
:10736000B29793F7F70FE39AE6FE2300F402B957BA
:10737000A300F4029307A0FA2301F402D1473309D2
:10738000F90237440F0013040424171502001305F3
:10739000A5ABCA94D04083850401B3668602334608
:1073A0008602EF40815F90448395C4001715020068
:1073B000130585AAB366860233468602EF40E15D77
:1073C00083D5E4009307400617150200130585A92D
:1073D00033F6F502B3D5F502EF40215CEF00A1785A
:1073E000B250225492540259F249624AD24A1305C9
:1073F0003002456182805D71F147A2C4A6C286C693
:10740000CAC04EDE52DC56DA2317F1009307400261
:107410002300F5009307A003A300F500B7070400BD
:10742000FC472A8409469305E100090582979147A4
:107430002302F4008947A302F40097F7FF1F83C7D4
:1074400057102303F40097F7FF1F83C7A70FA30369
:10745000F40097F7FF1F83C7F70E2304F40097F794
:10746000FF1F83C7470EA304F40097F7FF1F83C7CE
:10747000970D2305F40097F7FF1F83C7E70CC1663C
:10748000A305F40017D8FF1F0348489F97D8FF1F94
:1074900083C8D89E7008FD160147814797E4FF1FF7
:1074A000938444A951436319F81A1C180A073E979C
:1074B0008349E7FE51490C0833892903B70A0400C0
:1074C000338A24015285EF60A1428347010193056D
:1074D00049001146938707032306F40083572101CF
:1074E000A69513054401A306F40083574101230721
:1074F000F40083576101A307F40083578101230837
:10750000F4008357A101A308F40097F7FF1F83C776
:10751000170F2309F40083470A01A309F40083A786
:10752000CA04829783A7CA049305C9000946A69591
:1075300013058401829783A7CA0493058900114625
:10754000A6951305A40182978357EA0005671307E0
:10755000679F9306F00F6367F7002947B3D7E702E9
:1075600093F6F70FD147B387F902230FD40013071F
:10757000440093060402A69783C71701A30FF400E3
:107580008147034607000507B29793F7F70FE39A81
:10759000E6FE2300F402B957A300F4029307A0FA11
:1075A0002301F402D147B389F90237490F001309C7
:1075B00009241715020013052589CE94D040838530
:1075C0000401971902009389A987B36626033346FD
:1075D0002603EF40813C90448395C40017150200B8
:1075E00013058587B3662603334626031309300245
:1075F000EF40A13A83D5E400930740061715020037
:107600001305458633F6F5028144B3D5F502EF4004
:10761000C138EF00415517150200130525AAEF40A8
:10762000C137B307940083C507004E858504EF403A
:10763000C136E39824FF17150200130525A8EF4073
:10764000C135B640264496440649F259625AD25A88
:107650001305300261618280B385F800BD893385EE
:1076600065022311B60026950355E5002310A600F8
:1076700063E4A600AA863E87850793F7F70F1106F5
:107680001DB5011122CC930720022A841305910015
:1076900006CE26CA4AC8A30401002315F100EF3024
:1076A000710919E58347910017F7FF1F2301F7FAC6
:1076B000930740022300F4009307A0033709040056
:1076C000A300F4008327C90409469305A10013050C
:1076D0002400829791472302F4008D47A302F4000F
:1076E00097F7FF1F83C7F7E52303F40097F7FF1F02
:1076F00083C747E5A303F40097F7FF1F83C797E409
:107700002304F40097F7FF1F83C7E7E3A304F40003
:1077100097F7FF1F83C737E32305F40097F7FF1F91
:1077200083C787E2A305F40017F5FF1F1305E5EAF9
:10773000EF60412597F4FF1F938444DF83C7E40A79
:10774000114697F5FF1F9385E5F0938707032306FE
:10775000F40083D7040B13052401A306F40083D798
:10776000240B2307F40083D7440BA307F40083D72B
:10777000640B2308F40083D7840BA308F400832749
:10778000C904829783A7441209469305A1002315D3
:10779000F1008327C90413056401829797F7FF1F3F
:1077A00083C7E7EA230CF400EF40217B97F7FF1F24
:1077B00083C737ECA30CF4001307001497F7FF1FDF
:1077C00083D767EBB3D7E70217F7FF1F0347C7EA73
:1077D000BD8B19C393E7070193E707FC230DF40062
:1077E00083C7440109469305A100A30DF400930744
:1077F000E003230EF40083C764011305E401A30E24
:10780000F40083D7E4012315F100B7070400FC4717
:1078100082972300040283C74409858B2300F40266
:10782000EF50C13819C58347040293E707042300CA
:10783000F40297C7FF1F83C7A766A18B99C7834729
:10784000040293E707012300F40297F7FF1F83C7A1
:10785000F7CD99C78347040293E707022300F40298
:1078600097F7FF1F83C7C721A300F402DC4411462A
:107870006C00F59B3EC6B7070400FC4713052402C5
:107880008297130744009306640281476313D7026B
:107890002303F402B957A303F4029307A0FA2304C5
:1078A000F402F2406244D244424913059002056159
:1078B0008280034607000507B29793F7F70FF9B7E1
:1078C00001119307100706CE22CC26CA2317F10018
:1078D000930740022300F5009307A003B7040400B8
:1078E000A300F500FC442A8409469305E10009053C
:1078F000829791472302F4009947A302F40097F777
:10790000FF1F83C717C42303F40097F7FF1F83C724
:1079100067C3A303F40097F7FF1F83C7B7C223040D
:10792000F40097F7FF1F83C707C2A304F40097F77B
:10793000FF1F83C757C12305F40097F7FF1F83C7B5
:10794000A7C0A305F40097F7FF1F83C767BF2306EF
:10795000F4009307E003A306F40097F7FF1F83C723
:1079600047BE2307F40097F7FF1F938727BC83D7F1
:10797000E70109469305E1002317F100FC441305D4
:10798000F4008297FC44514697F5FF1F9385A5BCF0
:10799000130514018297FC44654697F5FF1F9385F4
:1079A00005BE130554028297FC44514697F5FF1F0C
:1079B0009385A5BB1305E4038297FC4413063002AC
:1079C00097F5FF1F938585BD13052405829713073F
:1079D0004400930654078147034607000507B29702
:1079E00093F7F70FE31AD7FEA30AF406B957230B50
:1079F000F4069307A0FAA30BF406F2406244D244C3
:107A00001305800705618280011122CCD5452A84A7
:107A1000170502001305C54706CE26CA4AC8231714
:107A20000100EF402121B7070400FC4709469305F8
:107A300024001305E10082978356E1009307F002CA
:107A4000638CF604DD476389F604BD451705020023
:107A500013058545EF40011EF2406244D24442497D
:107A600005618280B305E40083C505000507420770
:107A7000AE9793F7F70F4183E356E6FE1307F00244
:107A80006391E602034734036303F702BD4517051C
:107A90000200130565427DBF8147114713863600FA
:107AA000E1BF5D476395E6000347B401F1BF0347BB
:107AB000440091476308F700BD4517050200130510
:107AC000A54049BF834754001307400693F7D70FDB
:107AD000E394E7FE17F7FF1F130747A5930764001A
:107AE0009306C400BA848345770103C60700638800
:107AF000C500C145170502001305053EA1BF850756
:107B00000507E392F6FE8347C40005671307178055
:107B10009387077D6369F7060345D40031476364A3
:107B2000A7068345E4007D47636FB7040346F4006E
:107B30005D47636AC704834604011308B0036364A6
:107B4000D804034714016360E80417F8FF1F2316E5
:107B5000F8A897F7FF1F2393A7A817F5FF1F130592
:107B6000C5A797F7FF1F239CB7A697F7FF1F239979
:107B7000C7A697F7FF1F2396D7A697F7FF1F239354
:107B8000E7A6EF501165834754001307400663943E
:107B9000E7681705020013052535EF3011608345AE
:107BA00024011705020013052535EF30115F034945
:107BB00024019307F00F630BF9061379F9006300B2
:107BC000090497F7FF1F83D707AB13070014B3D738
:107BD000E7024209135909016303F902E545170554
:107BE00002001305E532EF40E10493070014330966
:107BF000F90297F7FF1F239027A9EF5010708347D2
:107C000024019183858B17F7FF1F2307F7A6638154
:107C10000716B707040083A7070A1305D003829746
:107C20001705020013058530EF30315797F5FF1F18
:107C300083D565A41705020013054531EF30F155D2
:107C400083473401858B63800714170502001305F1
:107C5000E531EF309154054983473401918B638CB2
:107C600007121705020013056532EF3011538547DF
:107C700017F7FF1F230DF7FE83473401A18B6381A4
:107C80000712170502001305A531EF301151854782
:107C900017F7FF1FA30DF7FC8347340193F7070283
:107CA00063850710170502001305C530EF30F14E4C
:107CB00017F7FF1F0347978785476300F70217F7FA
:107CC000FF1FA305F78617F5FF1F13053586EFD0B5
:107CD000403F97F7FF1F238B078497F7FF1F83C74A
:107CE000278E6380270397F7FF1F238B278D97F736
:107CF000FF1F83C7B78391E7854717C7FF1FA308F7
:107D0000F70C83473401C18BE9C317050200130543
:107D1000252CEF3091480545EF40F1698347340148
:107D200093F70704DDCB170502001305E52BEF30B1
:107D3000D1460545EF40B1638307340163D807009E
:107D40008565938585BB0145EF40A0648347440169
:107D50000947636CF70817E7FF1F230BF77C97F7BA
:107D6000FF1F238A07EC970502009385251171A850
:107D7000B707040083A7070A5D458297170502002D
:107D80001305C51B55B5170502001305251FEF3058
:107D9000D1400149D1B597F7FF1F238A07ECE9BD10
:107DA00097F7FF1FA38507ECC5BD17050200130554
:107DB0002521EF30913E97E7FF1F83C7377791DF8B
:107DC00097E7FF1FA3840776FDBD17050200130583
:107DD000E520EF30913C014581B7170502001305FE
:107DE0006521EF30913B0145B1B70D47639DE70E2B
:107DF000854717E7FF1F230DF77217F7FF1F230CA7
:107E0000F7E2970502009385250717050200130581
:107E1000251FEF309138170502001305E50CEF30F0
:107E2000D1378347540137090400114617E7FF1F74
:107E30002308F77C8327C9049305640117E5FF1F16
:107E40001305457C82978327C90409469305A4013D
:107E500017E5FF1F1305457B82978327C904114649
:107E60009305C40117E5FF1F1305457A82978347E1
:107E7000040209476373F700814717F7FF1F0347A1
:107E8000E7DE630CF70017F5FF1F130525DE17F774
:107E9000FF1F230DF7DCEFD020318347140217E7D3
:107EA000FF1F2308F7688347240217F7FF1F0347C4
:107EB000F7DB858BB9C31DE3854717F7FF1FA307C2
:107EC000F7DAEF300112EF30210E97F7FF1F83C76B
:107ED000F7D997050200938525FB8DCF9705020002
:107EE000938505FA05A897F7FF1F83C7C7D49705A1
:107EF0000200938565F891FBBDB58547E317F7FC54
:107F0000EF30210C97050200938505F897F7FF1FC6
:107F1000A38E07D4170502001305850FEF30F12754
:107F20000345340297F7FF1FA387A7D003434402FA
:107F300097F7FF1F238267D08348540297F7FF1FEC
:107F4000A38C17CF8345640297F7FF1F2387B7CE13
:107F50000346740297F7FF1FA381C7CE83468402AE
:107F600097F7FF1F238CD7CC8347940217F7FF1F87
:107F7000A306F7CC8342A40297F7FF1FA38157CC37
:107F80008347B40217F7FF1F230CF7CA8347C402C5
:107F900017F7FF1FA306F7CA034FD40297F7FF1F77
:107FA0002381E7CB834EE40297F7FF1FA38BD7C94A
:107FB000034EF40297F7FF1F2386C7C983470403C4
:107FC00017F7FF1FA300F7C883C734720547F917D7
:107FD00093F7F70F636BF70C97FFFF1F83CFCFC6A5
:107FE0006312F505C1671387F7FF83A7C471039870
:107FF000C470A207C1873378E800F98F6314F802D0
:1080000097F7FF1F83C777C4639EB70097F7FF1FDB
:1080100083C7C7C36398C70097F7FF1F83C717C3FA
:108020006385D7086392F205C1671387F7FF83A7BB
:10803000C47103984471A207C1873378E800F98FAF
:108040006314F80297F7FF1F83C737C0639EE701E9
:1080500097F7FF1F83C787BF6398D70197F7FF1F65
:1080600083C7D7BE6383C705854717F7FF1FA30CD8
:10807000F7BC97F7FF1F238C07BC97F7FF1F2385DB
:10808000A7BC97F7FF1FA38167BC97F7FF1F238E3D
:1080900017BB97F7FF1FA38AB7BA97F7FF1F23876E
:1080A000C7BA97F7FF1FA383D7BA03C7C471930753
:1080B000D00F7D171377F70F63FDE70603C7D47161
:1080C0007D171377F70F63F6E70603C7E4717D1793
:1080D0001377F70F63FFE70403C7F4717D17137776
:1080E000F70F63F8E70403C704727D171377F70FE0
:1080F00063F1E70403C714727D171377F70F63FA70
:10810000E702170502001305E5F1EF30110997F7B3
:10811000FF1FA38A07B2B7070400FC471946814531
:1081200017F5FF1F130545B2829797F7FF1F2380AE
:1081300007B297F7FF1F83C797B109476390E70A14
:1081400083C724723147FD1793F7F70F637CF7005D
:1081500017050200130545EEEF30310497F7FF1FB6
:10816000238707AE83471403D1EF9307200D17E74A
:10817000FF1F231EF74497E5FF1F83D54545F905EB
:10818000170502001305C5ECEF30310183452403C8
:108190009307C00363F4B7009305C00393F5F50F8D
:1081A00017050200130545EC97E7FF1F2392B7421E
:1081B000EF30A17E0348B4008347A4000347940036
:1081C000834684000346740083456400170502005B
:1081D000130545ECEF30617C6FF01F880D47E39984
:1081E000E7F697F7FF1F83C787A61387F7FF137775
:1081F000F70FB146E3F8E6F69387B70693F7F70F64
:108200004147A9B71147E368F7F613078007B3871B
:10821000E7028917A9BF13076006E39DE7F8170572
:108220000200130565CCEF30417783444401854754
:108230006392F40E17050200130545D3EF30E17584
:1082400097E7FF1F83C7C7376380970297E7FF1F32
:108250002388973697E7FF1F83C7572D91E78547F8
:1082600017C7FF1FA305F7B68344540185476394DE
:10827000F40C170502001305E5D3EF30017297E700
:10828000FF1F83C7B72A6380970297E7FF1FA38F5B
:10829000972817E5FF1F13057529EFC0906297E730
:1082A000FF1F238507288347240105476396E70AB4
:1082B000170502001305C5D1EF30216E0545EF40CB
:1082C000910F8347340105476391E70A17050200C0
:1082D000130585D1EF30616C0545EF4051098344AA
:1082E00064018547639CF40817050200130545D90E
:1082F000EF30A16A97F7FF1F238B979617050200AF
:10830000130585BEEF306169854717E7FF1F230C12
:10831000F7764DB5B1F817050200130525C6EF3005
:10832000C16797E7FF1F83C7A7299DDF97E7FF1F57
:108330002388072805B7A5F817050200130545C8C7
:10834000EF30A16597E7FF1F83C7571EA9DF97E7A7
:10835000FF1FA38D071C35BFADF7170502001305DE
:10836000E5C7EF308163014599BFB5FB17050200F2
:10837000130545C8EF306162014585B797F7FF1FC8
:108380002387078EA5BF0111C54706CE22CC26CA7A
:108390002317F100930740022300F5009307A00381
:1083A000A300F500B7070400FC472A84094693059B
:1083B000E1000905829791472302F400B147A30227
:1083C000F40097E7FF1F83C7D7172303F40097E74D
:1083D000FF1F83C72717A303F40097E7FF1F83C777
:1083E00077162304F40097E7FF1F83C7C715A3047C
:1083F000F40097E7FF1F83C717152305F40097E7DD
:10840000FF1F83C76714A305F40097C7FF1F83C727
:1084100027A98D83858B2306F400EF402179A306DD
:10842000A40097E4FF1F9384641083C744091307D3
:10843000440093065401858B2307F40097E7FF1F40
:1084400083C7D70EB337F000A307F40097E7FF1FE9
:1084500083C727222308F40097C7FF1F9387A79697
:1084600083C70700A308F40083A7C473230A04008A
:108470002309F400DC44A309F40081470346070004
:108480000507B29793F7F70FE31AD7FEA30AF40094
:10849000B957230BF4009307A0FAA30BF400F240A2
:1084A0006244D24461450561828089476313F502C5
:1084B00097E7FF1F9387870783A7870E639BB70004
:1084C00097C7FF1F239CA79081451305E0036F20EA
:1084D000C0061145F5B789476313F50697C7FF1F17
:1084E000239EA78E17C5FF1F0355058E3307C500B2
:1084F000896763EBE704411122C41314060141802C
:10850000228606C6EFC0102F97C7FF1F9387C78B21
:1085100083D5070017050200130545BCA295C205C7
:10852000C18197C7FF1F2391B78AEF3001472244CB
:10853000B24081451305F00341016F2000009147CF
:1085400017C7FF1F231CF78881451305F003F5B7F4
:10855000411117E5FF1F1305450806C622C4EF5059
:10856000614217E4FF1F130464FC8356240B035677
:10857000040B8355E40A170502001305258AEF3022
:10858000C1418355440B8356840B0356640B170576
:1085900002001305E589EF3041401305E003EF3099
:1085A000305C8547A30AF4082244B24017C7FF1F76
:1085B0002303F78E17C7FF1F231207828145130578
:1085C000A00341016F1070774111054506C6EF20E9
:1085D000E06D81471DE117E7FF1F130727F583575C
:1085E00067090357070A998FC2070567C1831307F5
:1085F00007E1B3B7E70093C71700B2403E854101DA
:10860000828097B7FF1F83D7C77C938767FCC20719
:10861000C1831947636EF73617070200130747AA8D
:108620008A07BA979C43411106C622C4BA9782872B
:1086300097B7FF1F2394077A81451305D00322447F
:10864000B24041016F10706F97B7FF1F83D7077952
:10865000A1EB17B7FF1F0347277F85476315F70077
:1086600093054006D9BF17B7FF1F2319F776CD45ED
:108670008547170502001305A5A717B7FF1F230598
:10868000F77CEF30215B2244B240972500009385B0
:1086900025E9170502001305E5A641016F902008A2
:1086A00097B7FF1F239C077281451305C00341BF85
:1086B00097B7FF1F83D7877295E3D9451705020047
:1086C000130545A5EF3001572244B24085451725D3
:1086D00000001305E5E441016F90805B0947639A50
:1086E000E70097B7FF1F239B076E81451305E00343
:1086F000B9B717050200130565A3EF30012A97B734
:10870000FF1F239D076C8145130500040DBF97B71C
:10871000FF1F83D7A76C95EB8547D545170502004A
:10872000130505A217B7FF1F2300F772EF30815022
:108730002244B24097050000938565D717050200D3
:108740001305459C41016F9020050947E399E7FA1D
:10875000D14517050200130525A0EF30A14D17E5FF
:10876000FF1F0345B531EFC0900597B7FF1F239D4D
:10877000076497B7FF1F2393076681451305F0032E
:108780007DBD17B4FF1F0354646521EC8547C945BF
:10879000170502001305859D17B7FF1F2306F76A0B
:1087A000EF30414997E7FF1F938747D883A5870E8E
:1087B00017B6FF1F03564661930706209706000071
:1087C0009386A6D163ECB700918D2244B240170581
:1087D00002001305259341016F90A003930500202B
:1087E000EDB78947E31DF4F017E7FF1F130707D420
:1087F0000327870E97B7FF1F2392075E97B7FF1FC8
:1088000083D7875CE39BE7F617E7FF1F2319F7265B
:10881000B7070400FC47094697E5FF1F9385252607
:1088200017E5FF1F130565E5829797E7FF1F83C7CD
:10883000F72405476391E708894617E6FF1F1306EB
:10884000C6E38965294597A0FF1FE78080779307D6
:10885000102017E7FF1F2313F7229306001001468D
:108860009165254597A0FF1FE780A075E94517058D
:1088700002001305E590EF30E13B97E5FF1F83C54C
:10888000F51F1705020013056591EF30011197E5FB
:10889000FF1F83C5A51E170502001305A591EF3024
:1088A000C10F854717B7FF1F230AF74897B7FF1F68
:1088B000238D075089BDE39B87FA894617E6FF1F82
:1088C0001306A6DB9165294597A0FF1FE780606F1F
:1088D0009307201017E7FF1F2312F71A93060010C3
:1088E00001468965BDBFD145170502001305058EF8
:1088F000EF30413417E4FF1F130444C38357640966
:1089000017E5FF1F130565CD17E7FF1F2310F7CCF1
:10891000EF5041070357E40A97E7FF1F83D787CC3F
:108920001305A00597E6FF1F239FE6CA0327040B44
:1089300097E6FF1F23AAE6CA0327440B97E6FF1F0B
:1089400023A6E6CA17E7FF1F2314F7CA97B7FF1F2E
:10895000238C074E97B7FF1F2389074697E7FF1F12
:10896000A38907BC97E7FF1FA38C07C497B7FF1F16
:1089700023960746894717B7FF1F230EF750EF309E
:10898000301E8145514565B9B24022444101828083
:108990008280411106C69377A500B1C3D54517055E
:1089A00002001305259EEF30E128894717B7FF1F06
:1089B0002316F74297B7FF1F238A074097E7FF1F49
:1089C0002386070CB7070400B24003A3870517B539
:1089D000FF1F0345B5332146854541010283914779
:1089E000E312F5FE97B7FF1F83C7473E850793F74E
:1089F000F70F17B7FF1F230BF73C25476375F702E7
:108A000097B7FF1F2384073C97B7FF1F2398A73C06
:108A100097B5FF1F83C5853B170502001305059811
:108A2000EF20B17745B7894717B7FF1F2318F73AEB
:108A3000C5B7411117E5FF1F130525BA06C622C4A5
:108A4000EF40517417E4FF1F130444AE8356240B08
:108A50000356040B8355E40A17F501001305053C82
:108A6000EF20B1738356840B0356640B8355440B7C
:108A700017F501001305C53BEF203172EFF0A00E92
:108A80009307200381451305600217B7FF1F2307D3
:108A9000F74097B7FF1F23930734EF10102A85473D
:108AA000A30AF408B240224497B7FF1FA38F0730F0
:108AB0004101828097E7FF1F83C787B0B5CF41117F
:108AC00022C406C697B7FF1F83C75730054463818A
:108AD0008706E9451705020013058587EF308115E4
:108AE00097B5FF1F83D5E52E1705020013050588EE
:108AF00097B7FF1FA38C872CEF20316A17B7FF1F92
:108B00000357272D9307D0026314F70297B7FF1F6F
:108B10002396072C2244B2409307200317B7FF1F68
:108B2000230EF73681451305E00241016F10F02056
:108B3000B240224441018280828097B7FF1F83D7D1
:108B400047299387A7FDC207C1832147E360F72226
:108B500017F701001307C7688A07BA979C43797112
:108B600006D622D426D2BA978287914717F50100FC
:108B700013054569D54517E7FF1FA302F7A8EF3096
:108B8000610B0545EF2080120DC5CD4517F501009D
:108B90001305C568EF30010A854717B7FF1F230C7F
:108BA000F72E97B7FF1F239B072281451305A002CD
:108BB000A1AA97B7FF1F83D76722F9FF17F5010016
:108BC0001305056797B5FF1F83C5452DEF20F15CA1
:108BD0008547172500001305A59417B7FF1F230C21
:108BE000F72AEF00B109B2502254925445618280B5
:108BF0000545EF20A00B15CD97B5FF1F83C5052AAE
:108C000017F501001305C562EF203159CD4517F561
:108C100001001305A560EF30E10197B7FF1F239F07
:108C2000071A9307300317B7FF1F2309F72681455B
:108C3000ADA217B7FF1F0357671A25E397B5FF1FAC
:108C400083C5C52517F501001305855EEF20F15496
:108C5000D94517F501001305E55DEF20B17DEF3033
:108C60000134EF30217A97E7FF1FA383A7A0854740
:108C70001305100517B7FF1F230FF720EF30406EC5
:108C8000894705479306D002054681451725000010
:108C900013050589EFE0706FB9B7894697B7FF1FD5
:108CA00083C7D7126315D7060544639D870097B71E
:108CB000FF1F239507129307200317B7FF1F230FEA
:108CC000F71CA9A197B5FF1F83C5451D17F5010026
:108CD00013050556EF20714CD94517F50100130512
:108CE000E556EF20317597E7FF1F238C87D897B79C
:108CF000FF1F2395070E9307200317B7FF1F230FAE
:108D0000F71881451305B002EF103003E9BD0547A0
:108D1000E394E7EE69BF97B7FF1F83D7270CC5EF32
:108D200017B7FF1F0347471285479305803E630629
:108D3000F706054417B7FF1F2312F70A97B7FF1F5F
:108D40002384871017B7FF1F034747159307300386
:108D5000E31BF7E897B7FF1F9387471483C5070006
:108D600017F501001305C54CEF203143DD4517F51C
:108D700001001305254F97B7FF1F238E8710EF20A3
:108D8000716B97E7FF1F83C7A7D099CB894717B7A8
:108D9000FF1F2315F7049305400613058002ADB7A6
:108DA0000945EF10B07009C9971500009385457704
:108DB0000D45EF70E01A05BD17D7FF1F0347477831
:108DC00093075002E3F2E7FE1715000013054575FF
:108DD000EF70211009BD894617B7FF1F034717FF22
:108DE0006385D700C1466399D70285476317F700AB
:108DF00097B7FF1F238A07045DBD97B7FF1F238521
:108E0000070497B7FF1F239B07FC97E7FF1F238AE1
:108E100007C693073003D5B58547E30BF7FC97B733
:108E2000FF1F2383070297B7FF1F239907FA9307B2
:108E30004003E1B597D7FF1F83C7476F854617B734
:108E4000FF1F0357A7F96394D71E6312071E17B7B6
:108E5000FF1F034767FF6315F700930540065DB5E5
:108E6000054417D5FF1F1305457717B7FF1F2317B5
:108E7000F7F697B7FF1F238987FCEF40B13097B60D
:108E8000FF1F83C6A60197D7FF1F2391077C1307F7
:108E9000200397B7FF1F93876700639EE60883C58B
:108EA000070017F501001305A53897D4FF1F938419
:108EB000C47CEF20912EDD4517F501001305053C1C
:108EC000EF20515795679387D75417D5FF1F130588
:108ED000057B17D7FF1F2312F77A231F0100EFE04E
:108EE0004FFA231FA10011052695EFE02FB08357FD
:108EF000E1013E95231FA100EFE0F046B707040013
:108F0000FC4709469305E10117D5FF1F13050577B7
:108F100082978355E10197B7FF1F238E87F6970647
:108F20000000938646A79105C2050546C1812685A6
:108F3000EFA0407A4DB903C707009306300363944E
:108F4000E60683C5070017F501001305652E97D4C3
:108F5000FF1F93848472EF205124E14517F501002F
:108F600013054533EF20114D97D7FF1F2382875CF0
:108F700095679387D75417D5FF1F1305457017D7EB
:108F8000FF1F231CF76E231F0100EFE08FEF231F4D
:108F9000A10011052695EF70003A8357E1013E9537
:108FA000231FA100A1BF03C7070093064003E39C52
:108FB000E6C283C5070017F5010013056527EF20FA
:108FC000D11DE14517F501001305452EEF2091460F
:108FD00095679387379517D5FF1F1305456A17D7F0
:108FE000FF1F231CF768231F0100EFE08FE9B7077D
:108FF0000400FC47231FA1009305E101094617D592
:10900000FF1F1305A56782978355E10197B7FF1FDF
:10901000238387E8970600009386E6979105C205AB
:109020000546C18117D5FF1F1305256511B7894670
:109030006313D72697B6FF1F238806E097B6FF1F56
:10904000239E06D897B6FF1F83C646E59386E6FCA7
:1090500017B6FF1F130686E4E367D7B8054797B630
:10906000FF1F238AE6E20347060093062003638876
:10907000E6000347060093063003639CE60017D71B
:10908000FF1F1307A74A0357670997D6FF1F239EA1
:10909000E65217D7FF1F0357C75297D6FF1F2395D6
:1090A000E65297D6FF1F2390E65217D7FF1F0347BC
:1090B000F7470DE397E6FF1F83C6E69C0547639BD2
:1090C000E600C54717E7FF1F230FF79A81451305F1
:1090D000C0021DB9854617B7FF1F034757C4639BDE
:1090E000D70215CB17D7FF1F0347874D01CF17D7DF
:1090F000FF1F0347074419E717E7FF1F0347379987
:109100006310F70297D7FF1FA38C074A8145130509
:10911000E002DDBE65FB97D7FF1F2383074ADDB75B
:1091200017B7FF1F034797CA631CF71497B7FF1FB2
:10913000238C07D049B697D7FF1F83C7273F8546A3
:1091400017B7FF1F035787C917D4FF1F1304043E27
:109150006393D70849E317B7FF1F0347E7CE6315AB
:10916000F70093054006A5B7F14517B7FF1F231772
:10917000F7C617F501001305E514854717B7FF1F5C
:109180002304F7CCEF20112B95679387379517D5DC
:10919000FF1F1305C54E17D7FF1F2310F74E231FC0
:1091A0000100EFF04F9E8357E1019305E10109466D
:1091B0003E95B7070400FC47231FA10017D5FF1FEA
:1091C0001305C54B82978355E101971600009386DE
:1091D00026359105A9B58947631FF70A9305400213
:1091E00017F501001305C50F97B7FF1F238E07C49E
:1091F00097B7FF1F239407BEEF20D12397D7FF1FF8
:1092000083C7D73281EB17E7FF1F0347C78785471F
:10921000E309F7EA97D7FF1F83C74731854617B79A
:10922000FF1F0347D7AFE397D7EEE30607EE17D745
:10923000FF1F0347E738E30707EC17E7FF1F034764
:109240001785E301F7EC0347640083463474558FB8
:10925000E31A07EA17B7FF1F034757B7E309F7A455
:1092600097E7FF1F83C7A7A081CFC54517F501006A
:109270001305450997E7FF1F238B079EEF20911BDE
:10928000B94517F50100130565CEEF20B11A8145E8
:109290001305D00295BC97B7FF1F238707BA97B76E
:1092A000FF1F239D07B29307B00301BC17B7FF1F31
:1092B0000347C7BE93062003E367D7929307500383
:1092C00063F4E7069307A003E31FF79017B6FF1FA9
:1092D000035646B097B7FF1F83C737AF630B06121D
:1092E00097B6FF1F938606AF83D60600FD1617B606
:1092F000FF1F2311D6AE97B6FF1F2381E6BA99C789
:10930000F91793F7F70F05476363F71097B7FF1F38
:1093100083C787B3639D070E894717B7FF1F230CC9
:10932000F7B69305803EADB797B7FF1F938707B792
:1093300083C5070017F50100130585EF8544EF206D
:10934000C165C14517F50100130505FDEF20910E1C
:1093500017B4FF1F034474A705041374F40F97B7E1
:10936000FF1FA38487A66316940297B7FF1F238469
:1093700087B29307A00317B7FF1F2301F7B217D7D0
:10938000FF1F0347E71B9307500263F7E706F94700
:1093900095A889476316F40417D7FF1F0347471A98
:1093A0009307300263F4E702EFE0807D63109502DB
:1093B0002AC6EF00A11097B7FF1F83C7E7A8324561
:1093C000CDD797B7FF1F2388A7AC65B7854717B7D9
:1093D000FF1FA30CF79E17B7FF1F230EF7AA51BF5D
:1093E0009147E318F4F897B7FF1FA380079E97B73C
:1093F000FF1F238297AAB5BF97D7FF1F83C7676850
:10940000D9F7E54717B7FF1F2316F79C49B58547DE
:1094100029B70547F91717B6FF1F230EE6A693F7DE
:10942000F70F0547637FF7FE97B7FF1F2388D7A67F
:109430006FF0AFF797B7FF1F83D7479A17B4FF1F97
:109440001304C4A5ADE78345040017F50100130517
:1094500025DEEF208154D14517F501001305C5EC39
:10946000EF20417D834704001307B0036304F70234
:109470008347040013072003630EF70083470400AB
:10948000130730036308F700834704001307400302
:10949000631BF7F48547171500001305650817B718
:1094A000FF1F230AF79EEFF0F0786FF0CFF397B726
:1094B000FF1FA38D079097B7FF1F23910792834744
:1094C00004001307B0036304F70283470400130783
:1094D0002003630EF700834704001307300363087B
:1094E000F7008347040013074003631EF7EEEFE025
:1094F00080678345040017F50100130565D3EF204D
:10950000C149D14517F50100130545E3EF208172EC
:10951000834704001307200393F7F70F63E5E7EC95
:1095200013074003637BF7001307B003639DE7EA6B
:109530008D4717D7FF1F230BF7FE97B7FF1F238514
:10954000079097D7FF1FA38D070689471305A0052E
:1095500017B7FF1F2301F79497D7FF1FA388070EA4
:10956000EF201060A94551456FF00FFA828041113C
:1095700026C206C622C49377A50097D4FF1F938402
:10958000E4FAB1CB2A84E14517F50100130505E59E
:10959000EF20416A894717B7FF1F2311F7842188FD
:1095A00097D7FF1F2384074E01C8DC4493E70701C8
:1095B00017D7FF1F2322F7F82244B7070400B24051
:1095C000924403A3870517A5FF1F03453574214661
:1095D000854541010283DC4497D6FF1F83C616F5FB
:1095E00093E7870017D7FF1F2328F7F483C7045694
:1095F000850793F7F70F17D7FF1F2309F74805478C
:10960000639AE6020947637CF7028D4717D7FF1F6D
:10961000230EF746914797D5FF1F83C5254717F5BA
:109620000100130525DD17A7FF1F2319F77AEF2087
:10963000C13659B789E66374F7008947C1BF8947C6
:10964000D9BF41111305200506C6EF20705197B709
:10965000FF1F23850784EF20110C97A7FF1F23848A
:10966000A77697A7FF1F239B0776B240854717D79A
:10967000FF1FA307F7F48145714541016F00F06BAF
:1096800097A7FF1F83D7E7749117C207C1832547A8
:10969000E365F76817F701001307C7D18A07BA9780
:1096A0009C43011106CE22CC26CA4AC8BA978287AB
:1096B000ED4517F501001305A5D5EF20A15717D5E6
:1096C000FF1F130585F1EF40E12B854517050200CB
:1096D0001305C5E8EF20015697D6FF1F83D626F065
:1096E00017D6FF1F035686EF97D5FF1F83D5E5EEEC
:1096F00017F50100130585D3EF20212A97D6FF1F08
:1097000083D646EE17D6FF1F0356A6ED97D5FF1F4B
:1097100083D505ED17F501001305C5D2EF20E1272C
:1097200097D6FF1F83D666EC17D6FF1F0356C6EBEE
:1097300097D5FF1F83D525EB17F501001305C5D17C
:10974000EF20A12597D6FF1F83D686EA17D6FF1FE5
:109750000356E6E997D5FF1F83D545E917F50100C4
:10976000130545CEEF20612317F50100130545D001
:1097700017D6FF1F035686E597D5FF1F83D565E4EF
:10978000EF20A121014597A7FF1F23890770EF1044
:10979000E051630D050E97A7FF1F83C7E7630544DC
:1097A000639C870097A7FF1F238807628D4717A731
:1097B000FF1FA30FF76001A8EF00D06139C997A779
:1097C000FF1FA387876097A7FF1F83C77760638A00
:1097D000075097D6FF1F83C636EA854717D7FF1F66
:1097E0001307C7D46392F60497D7FF1FA38607E831
:1097F0008D4717A6FF1F2303F66A97A7FF1F238C29
:10980000D7688357670917D7FF1F2310F7DC8145F7
:1098100021A3EF00B05845D9B717004083A7470AE6
:10982000918BD1DF894761B797A6FF1F9386565A60
:1098300003C406001374F40F631DF4028357670911
:1098400017D7FF1F2313F7D8E54517F501001305B8
:10985000E5C3EF20213E97A7FF1F2381876497A7C9
:10986000FF1F238A8762814513050002EF00F04C39
:1098700011AB1D4797A6FF1F2382E66217A7FF1FA4
:10988000230BF760814513051002CDB797A7FF1F83
:1098900083C7F753638E07149305300317F5010050
:1098A000130585C0EF200139854717A7FF1FA301C6
:1098B000F75297A7FF1FA38C075097D7FF1F83C7A7
:1098C000F73A17D4FF1F130464C66392071697D79D
:1098D000FF1FA38D07D6814517F50100130505C0AD
:1098E000EF20A10B9307200317A7FF1F2302F74EBA
:1098F00097D5FF1F83C5853789476398F500930780
:10990000400617A7FF1F2305F74C17F501001305A5
:10991000A5C2EF20810897A5FF1F83C5654B17F5EA
:109920000100130565C2EF204107832504130326B8
:10993000841217A5FF1F0345A549B307B50063743B
:10994000F61217D7FF1F034777D0637BA71E17A810
:10995000FF1F0348F847854697A7FF1F9387574780
:109960006315D800CD4663E3E62083C607000548AB
:1099700093F6F60F639C060117D8FF1F034808CD26
:109980006316D8006314071E63EBC51A83C607006D
:109990000D49630DD91C03250474C176E98E6397C4
:1099A000061C03C707001377F70F630C073297D421
:1099B000FF1F83C474CC05476390E42EF94517F567
:1099C00001001305A5C8EF20E12697D7FF1FA38547
:1099D00007CA97D7FF1FA38B07C68327841217D701
:1099E000FF1F232DF7C697A7FF1F2389274B99A297
:1099F00097A7FF1F83C7473E0544639C870097A72F
:109A0000FF1F238B073C8D4717A7FF1FA302F73CBF
:109A10006DB5EF00303C11C597A7FF1FA38A873AA9
:109A200069BDEF00B037E30A05E88947F1BF97D772
:109A3000FF1F83C7472097D5FF1F83C535C191E717
:109A400017F50100130585AB61BDF54763F6B70057
:109A500097D7FF1FA38C07BE17F501001305C5ABF1
:109A6000EF10B17341B58544C54517F501001305E5
:109A7000A5AF97A7FF1F238A973497D7FF1F238788
:109A800097BCEF20211B97D7FF1FA38A97B6835758
:109A9000640917D7FF1F231AF7B297D7FF1FA387B1
:109AA00007BA97A7FF1F23890732854717A7FF1F0C
:109AB000230EF72497D7FF1F83C7771B6399071CD3
:109AC00097D7FF1F83C72717639F071A17D7FF1F53
:109AD000034727FB85476312F71897A7FF1F2388C3
:109AE000072E97A5FF1F83C5852E17F501001305C7
:109AF000E5AFEF10916A8325841217F50100130575
:109B0000E5B0854497D7FF1F23AAB7B4EF10F168DB
:109B100017A4FF1F0344841FE30894D2E94517F5F7
:109B200001001305E5B0EF20E1108D4717A7FF1FD7
:109B30002306F73697A7FF1F238F9734C9B91DE572
:109B40008547C14517F50100130545A317A7FF1F5A
:109B5000230DF72617D7FF1F230AF7AEEF20810D3D
:109B60008D4717D7FF1FA30CF7A815B783C60700AB
:109B7000054593F6F60F639AA6024D456377E50215
:109B800097A7FF1F2383D72497D7FF1F238007ACF6
:109B90008D47ED4517F501001305459F17D7FF1FAA
:109BA000A30FF7A4EF200109DDB583C60700054523
:109BB00093F6F60F6398A60217D5FF1F034505A974
:109BC0006312D50219E363FFC500E54517F50100EF
:109BD0001305859D97D7FF1F238A07A6EF208105D0
:109BE000854741B783C707000D47631FF700BD4591
:109BF00017F501001305059D97D7FF1F238807A4BC
:109C0000EF2041038947B1BF97D7FF1F83C73706AE
:109C100091CFD94517F501001305C59B97D7FF1FB5
:109C2000238607A2EF200101994725BF97D7FF1F81
:109C300083C7E703E38D07E4C54517E50100130576
:109C4000656C97D7FF1F238307A0EF10B17E97D7CE
:109C5000FF1F238E0700954729B797A7FF1F83C7CC
:109C60000717850793F7F70F17A7FF1F2301F716AD
:109C70000D47E378F7E617A7FF1F230907081547E5
:109C8000E36DF7E4B9BD97A7FF1F2382071497A7D9
:109C9000FF1F238D0706B1B503C407001374F40F2B
:109CA0006314E402D54517F501001305259CEF1058
:109CB000717897D7FF1F238687DC9D4717A7FF1F63
:109CC000230EF71C85475DBE83C707000947E316CF
:109CD000F7FED14517F501001305C59AEF109175F0
:109CE000E9BF9D4717A7FF1F230AF71A97A7FF1F72
:109CF0002396070E8145130550028DBE97A7FF1FBF
:109D000083D7C70DCDE717A7FF1F0347E713854785
:109D10006316F70093054006794589BE054417A7E9
:109D2000FF1F231DF70A97A7FF1F238F871097A5F3
:109D3000FF1F83C5A51617E501001305654FEF103A
:109D4000D145D94517F501001305059597A7FF1FC4
:109D500023838714EF10116E97D7FF1F83C747D354
:109D600099C7894717A7FF1F231AF70665B7094543
:109D7000EF00D07311CD970500009385657A0D45EE
:109D8000EF60001EF2406244D24442490561828085
:109D900017C7FF1F0347C77A93075002E3FDE7FC8D
:109DA000170500001305C577EF60A112E1BF094751
:109DB000639FE70097A7FF1F2388070897A7FF1F48
:109DC000239E070097D7FF1F238D07CA65BC97A75F
:109DD000FF1F238B070697A7FF1F239107009D47AF
:109DE00017A7FF1F230CF70A71BC0545EF00106C85
:109DF00097A7FF1F9387870A15C983C5070017E533
:109E000001001305E542EF105139CD4517E501007A
:109E10001305C540EF10116297A7FF1F239007FCA1
:109E20008D4717A7FF1F230BF70669A817A7FF1F6A
:109E30000357C7FA29EB83C5070017E5010013058F
:109E4000253FEF109135D54517F5010013054586DF
:109E5000EF10515E854717A7FF1F230EF702EFD0C3
:109E60009050EFE06FF6854715479306600419E1BF
:109E70009306800205468545170500001305456ACF
:109E8000EFD0B05001B783C50700894617E5010040
:109E90001305053AE319D7F6EF103130D94517E528
:109EA00001001305A53AEF10F158854717D7FF1F9A
:109EB0002309F7BC97A7FF1F239207F297A7FF1F5D
:109EC000238707F08145130540024DB217C7FF1FD6
:109ED0000347C765854797A6FF1F83D626F0631BF8
:109EE000F7266399062697A7FF1F83C7E7F5930513
:109EF0004006E38AE798054497A7FF1F238687F467
:109F000097A7FF1F239CE7EC97A7FF1F938707F9ED
:109F100017A6FF1F034686F8BE86631CE60883C5A6
:109F2000070017E501001305A53097C4FF1F9384B0
:109F3000C474EF109126D94517E501001305C578C3
:109F4000EF10514F95679387D75417C5FF1F13051F
:109F5000057317C7FF1F2312F77223170100EFD0F5
:109F60004FF22317A10011052695EFD0CFC88357D4
:109F7000E10009469305E1003E95B7070400FC4760
:109F80002317A10017C5FF1F1305456F829783553F
:109F9000E10097A7FF1F238087F097F6FFFF9386C6
:109FA000465D9105C2050546C1812685EF90807208
:109FB000D1BB03C607008D45639FC50483C5070059
:109FC00017E501001305C52697C4FF1F9384E46AB3
:109FD000EF10B11CDD4517E5010013056570EF10AA
:109FE000714597C7FF1F2385875495679387D7547B
:109FF00017C5FF1F1305A56817C7FF1F231FF766A7
:10A0000023170100EFD0EFE72317A10011052695D4
:10A01000EF606032A9BF17C6FF1F03463651631AAF
:10A02000E60817A6FF1F0346B6DA09476313E608DA
:10A0300083C5070017E501001305851FEF10F11513
:10A04000D14517E501001305256BEF10B13E95676B
:10A050009387379517C5FF1F1305656217C7FF1F45
:10A06000231DF76023170100EFE0EFB18357E100F4
:10A0700009469305E1003E95B7070400FC47231706
:10A08000A10017C5FF1F1305655F829797A7FF1FE4
:10A09000238387E08355E10097F6FFFF9386664DA3
:10A0A0009105C2050546C18117C5FF1F1305E55C73
:10A0B000F5BD83C5060017E501001305651717C434
:10A0C000FF1F1304845BEF10510DDD4517E5010000
:10A0D0001305C563EF10113695679387D75417C5DD
:10A0E000FF1F1305C55917C7FF1F2318F75823175C
:10A0F0000100EFD00FD98357E1003E952317A1004F
:10A10000EF20412701CD0355E10011052295EFD045
:10A110002FFB8357E1003E952317A1000355E10073
:10A1200011052295EFE02FA68357E100094693051C
:10A13000E1003E95B7070400FC472317A10017C5AF
:10A14000FF1F1305A5538297854717A7FF1F2304F9
:10A15000F7D489B78947639DF60E97A7FF1F23851C
:10A1600007CE97A7FF1F239B07C697A7FF1F83C78D
:10A17000E7D20D476389E7061D476385E70005477A
:10A18000639DE708854717A7FF1F2306F7D017A78A
:10A19000FF1F0347F7C38547630BF70097A7FF1F10
:10A1A000938717C383C707000D476317F70297C745
:10A1B000FF1F83D7074117C7FF1F2317F74017A7B4
:10A1C000FF1F1307A7CD0347070085466396E600E8
:10A1D00017C7FF1F231BF73E97C7FF1F938707353E
:10A1E00083D767093DA0854717A7FF1F2305F7CA37
:10A1F00017A7FF1F0347D7BD97C7FF1F83D7673C2C
:10A2000009CB17C7FF1F2311F73C17C7FF1F231EDA
:10A21000F73A17C7FF1F2318F73A97A7FF1FA3891D
:10A2200007BA97C7FF1F83C77730E39507AC17D7E7
:10A23000FF1F034747858547E31EF7AAC54717D782
:10A24000FF1F2302F7848145130520026FF00FE200
:10A2500017A7FF1F230A07BE17A7FF1F231007B862
:10A26000254797A6FF1F238BE6C217A7FF1F2304CE
:10A27000F7C297D7FF1F238B07808D4717E5010093
:10A280001305454A17C7FF1F2302F72AEF10E17095
:10A29000814551456FF08FDD97A7FF1F83D707B426
:10A2A000D1E317A7FF1F034727BA85476315F700B8
:10A2B0009305400651BFED4517A7FF1F2310F7B2C6
:10A2C00017E50100130505A9854717A7FF1F230DF3
:10A2D000F7B6EF10311695679387379517C5FF1FAF
:10A2E0001305E53917C7FF1F2319F7382317010096
:10A2F000EFE06F898357E1009305E10009463E9541
:10A30000B7070400FC472317A10017C5FF1F13055B
:10A31000E53682978355E100970600009386462034
:10A32000910541B30944639087049305300217E512
:10A3300001001305A54197A7FF1F238707B097A723
:10A34000FF1F239D07A8EF10F10E97C7FF1F83C7BC
:10A35000F71DE39D079817C7FF1F0347C77285477F
:10A36000E316F798E1BD9305100217E50100130508
:10A370002540EF10310C97A7FF1F238707AC97A745
:10A38000FF1F239D07A4A54717A7FF1F2308F7B0AA
:10A3900097A7FF1F238187B0E9BD0545EF00101186
:10A3A00017A4FF1F130484AF0DC197A7FF1F2397A6
:10A3B00007A28347040005476306F7CC8D4717A71C
:10A3C000FF1F230DF7AC6FF08FC497A7FF1F83D734
:10A3D000E7A0E1FF8345040017E50100130545E50B
:10A3E000EF10A15BCD4517E501001305A53AEF106D
:10A3F00071048347040005476307F7008D4717A7DB
:10A40000FF1F230DF7A88547170500001305451109
:10A4100017A7FF1F2301F7A8EFF0C001A5B297A56A
:10A42000FF1F83C5A5A717E50100130565E0EF1021
:10A43000C156BD4517E5010013050537EF10817FB3
:10A4400097A7FF1F238C07A48947054517A7FF1F60
:10A450002303F7A4EF70D07EEFF040060145EF50E4
:10A46000C13997C7FF1FA38D071497C7FF1F83C765
:10A47000E70B054797A6FF1F83C6768A6394E70616
:10A480006384F60617C7FF1F03478713E302F7E04D
:10A4900017C7FF1F0347E709E31C07DE17C7FF1FA6
:10A4A0000347F75EE306F7DE97C7FF1F93870708AA
:10A4B00003A70774C177F98FE39C07DC97A7FF1FF9
:10A4C00083C7F79085CB1305A005EF1070699545FC
:10A4D00017E501001305452EEF10214C8565938586
:10A4E000853845BBE396E6DA854717C7FF1F230982
:10A4F000F70C79BB9305800717E501001305C52B01
:10A50000EF10A149F5659385054C51453D20130594
:10A51000A005EF10F0646FF0FF86828097A7FF1F01
:10A52000239EA78AB707040003A387052146854514
:10A530001795FF1F0345957D028397A7FF1F239A59
:10A54000A7881795FF1F0345757C81E9B7070400AD
:10A5500003A387052146854502831306803EB38504
:10A56000C502B70704001306102703A3870533D6D7
:10A57000C502D5B7854717A7FF1F231CF78497A7E8
:10A58000FF1F239D0784B707040003A38705214607
:10A5900085451795FF1F03457577028397C6FF1FF3
:10A5A00083C6D6F8854717C7FF1F130727F801454D
:10A5B0006391F6020355A70983576709898FC2077C
:10A5C00017C5FF1F0355A500C18333B5A700134569
:10A5D0001500828017C7FF1F130747F58357C70968
:10A5E0000355670985461D8D9797FF1F83C74778D9
:10A5F000FD17420593F7F70F418163ECF60283479D
:10A600004701851793F7F70F63E2F60217C7FF1F9D
:10A61000034717069307100663FDE70085679387D6
:10A6200007E13335F5001345150082801335852584
:10A63000DDBF13358570C5BF97C7FF1F938707EF31
:10A6400003C74701854605171377F70F63ECE6004C
:10A650001797FF1F0347C7717D171377F70F014542
:10A6600063F0E60203D5670983D7E7091D8D42052C
:10A670009D674181938787973335F5001345150012
:10A6800082809797FF1F83D7A77581CF8507C20761
:10A69000C1831307B0126367F7021797FF1F2311D7
:10A6A000F7749797FF1F83D7877395C78507C207EE
:10A6B000C18313077007636CF7001797FF1F231000
:10A6C000F77282809797FF1F239C0770D9BF9797D7
:10A6D000FF1F23960770828017C7FF1F035767EE7F
:10A6E0009797FF1F83D7676FB307F740C207C183F0
:10A6F00093063038014563F7F6009797FF1F239EB6
:10A70000E76C054582801797FF1F0357876CD14779
:10A71000631AF72C411106C6EF107108EF10914E25
:10A720001375F50F97C7FF1FA384A7F405C597C737
:10A73000FF1F83C7A7DF0547638EE7049305400229
:10A7400017E5010013058508EF10C14EB240410125
:10A750006FC06FD6EF10114279F9D14517E50100AE
:10A760001305052BEF10014DEF10F03E89471797A9
:10A77000FF1F2302F772B7070400B24003A3870547
:10A7800009661795FF1F03457558130606F4D14552
:10A790004101028317C7FF1F0347674D01CFD5450E
:10A7A00017E501001305C504EF10C148B24041018F
:10A7B0006FE03FE917C7FF1F0347774B19C7E9450C
:10A7C00017E5010013054504C5B717C7FF1F034769
:10A7D00027D76314F7020945D12905E1EFF0DFEF30
:10A7E00009CD9305300217E501001305A503EF100D
:10A7F0006144B24041016F50217217C7FF1F0347E8
:10A8000047D389476312F7029305000217E5010059
:10A8100013058503EF100142B24097C7FF1F238A3B
:10A8200007D041016F00F06D17C7FF1F034757D9CD
:10A8300005EB97C6FF1F83C6962505476392E60280
:10A8400017C7FF1FA305F724EF20A01FB2409305F1
:10A85000100217E501001305250141016F10813D2C
:10A860001797FF1F0347B74B85469797FF1F83D75F
:10A8700027576313D70485E3EFD01FD509CD930580
:10A88000C00217E5010013056500EF10A13AB240C0
:10A8900041016FD0FFCB9305300317E5010013058D
:10A8A000A501EF102139FD571797FF1FA309F746A0
:10A8B000B24041016FE0EF9717C6FF1F034646D035
:10A8C000631FD60081E7EFD03FD055F993053003E1
:10A8D00017E50100130545FEEF10C135D1BF97966E
:10A8E000FF1F83D6C64FBDEE91EFEFD0FFCD19C944
:10A8F000EFF09FD439C19305E00217E5010013057D
:10A90000E5FE61B7EFF05FD30DC99305C00317E50E
:10A9100001001305A500EF10E13185471797FF1FD0
:10A92000230CF74AB24085471797FF1F2319F74AB0
:10A930008145514541016FF05FC0894781455145CF
:10A940001797FF1F2309F7549797FF1F239807486E
:10A95000EFF0BFBEB24085471797FF1F2311F7489E
:10A960004101828021E78DE797C7FF1F83C7A72C8E
:10A9700085E39797FF1F83C7474599CBEFD0DFC487
:10A9800001C99305D00217E501001305E5FCF5BDEB
:10A990009305C00217E50100130505FFEF1081299B
:10A9A000FD571797FF1FA30CF73609B58DE797C71B
:10A9B000FF1F83C7472885E39797FF1F83C7E7409B
:10A9C00099CBEFD07FC001C99305D00217E50100F4
:10A9D000130545FE5DBD9305C00217E50100130593
:10A9E0006500D9B3828041119397050122C406C640
:10A9F00026C2C1872E8463D40702B7040400FC5426
:10AA00001795FF1F03459530829719C1BC54829753
:10AA10002165218DB240224492444101828093F706
:10AA200015000145E5DB1797FF1F1307873A979637
:10AA3000FF1F83D6063ABA8799CA03570700A5466F
:10AA400063E7E600EF00707613451400E1B703D723
:10AA50000700A54663F9E60003D70700CD4663E487
:10AA6000E6004526D5B703D70700D14663FAE600CE
:10AA700003D70700ED4663E5E600EFC0EFA5E9B7B1
:10AA800003D70700D1466395E600EFF0DFC76DBF3F
:10AA900003D70700ED4663FBE60003D707009306E4
:10AAA000500263E5E600EFE0BFBD79BF03D70700C2
:10AAB0009306500263FBE60003D707009306E0020B
:10AAC00063E5E600EFE06F8741B703D70700930621
:10AAD000900363FBE60003D707009306000463E5D9
:10AAE000E600EFD01FB28DB703D7070093065003DF
:10AAF00063FBE60003D707009306900363E5E600D7
:10AB0000EF00B04691B703D707009306000463FA3D
:10AB1000E60003D707009306400463E4E6000D2037
:10AB200025B703D7070093064004E3FFE6F083D779
:10AB3000070013077004E369F7F0EF10707429B78A
:10AB4000411106C69797FF1F83D7A7281307200434
:10AB5000638CE7086369F700130710046380E7025A
:10AB6000B24041018280130730046381E70E13076E
:10AB70004004E397E7FEEF10007E31A29797FF1F96
:10AB800083D7C72585E717E501001305A5E9CD455E
:10AB9000EF10410AB2409797FF1F238E072E17052B
:10ABA00000001305E59741016FE0D0080947E399DC
:10ABB000E7FA01459797FF1F23920722EFC0801DF8
:10ABC00017C7FF1F0347C7979307400263E5E700D6
:10ABD0000145EFB0B07E8565938585BB13052004E4
:10ABE000B24041016FF07F959797FF1F83D7071FF2
:10ABF000B1E30545EFC0001A17C7FF1F034747948D
:10AC00009307400263E5E7000545EFB0307B17E5A9
:10AC10000100130525E1CD45EF10C101B240979722
:10AC2000FF1F238A0726170500001305658F4101C2
:10AC30006FE0D0040947E395E7F29797FF1F239F42
:10AC400007189305007D1305300459BF9797FF1F20
:10AC500083D7C7188DE717E501001305E5DDD54556
:10AC6000EF00517DB24085471797FF1F2305F7225C
:10AC7000170500001305C58A41016FE0703C9797E6
:10AC8000FF1F239D071489659385057113054004F3
:10AC900081BF9797FF1F23930714854717C7FF1F8F
:10ACA000A300F792814529456FF03F8909E997C7CD
:10ACB000FF1F9387A787DC47858B3E85828085476A
:10ACC0006319F50097C7FF1F93874786DC47858385
:10ACD000E5B789476319F50097C7FF1F9387078575
:10ACE000DC47A583D1BF8D476319F50097C7FF1FC8
:10ACF0009387C783DC47B983C1B711478147E31EF8
:10AD0000E5FA97C7FF1F93876782DC4789836DB792
:10AD100001118D4517D501001305453A22CC26CAED
:10AD200006CE7944EF00117197E40100938404EAA0
:10AD30007D14894526851374F40FEF00B16F6DF80B
:10AD40008D4517D5010013056537EF00B16E97B734
:10AD5000FF1F9387A77DCC4717E50100130545E743
:10AD6000EF00B1430D45EFF07FF401C9E14517E570
:10AD70000100130565E7EF00F16B0145EFF01FF3EC
:10AD800001C9C94517E50100130585E7EF00916A80
:10AD90000545EFF0BFF109CD1305F100EFA0A07B51
:10ADA0008345F10017E501001305C5E6EF00F13E0C
:10ADB0000945EFF0BFEF09CD1305F100EFA0F00753
:10ADC0008345F10017E50100130505E6EF00F13CAE
:10ADD000794497E40100938464DF7D1489452685D6
:10ADE0001374F40FEF0011656DF88D4517D5010050
:10ADF0001305C52CEF001164F2406244D244056192
:10AE000082809797FF1F83D7C7FCD917C207C183DA
:10AE10002547E367F70E17E70100130767C38A07A3
:10AE2000BA979C43011106CE22CCBA978287B545CA
:10AE300017E50100130545C5EF00D15FEF10316A3A
:10AE400089471797FF1F2308F70417B7FF1F03470A
:10AE5000276F9307200263F2E706EFF0A04E054547
:10AE6000EFF02040EF20604585476306F5008145FF
:10AE70001165EF0031160145EFF0A03E19447D1435
:10AE8000EF10E1111374F40FEF1061116DF817B7A3
:10AE9000FF1F0347E76AFD47814563E5E7008565D6
:10AEA000938585382D45EFF04FE99797FF1F238A4B
:10AEB00007F2F240624405618280EFF0A0487DBF56
:10AEC0009797FF1F83C7E7F1850793F7F70F17974A
:10AED000FF1F2308F7F01307800C637DF70093072B
:10AEE00080FC1797FF1F230EF7EE81450145EF10F9
:10AEF000404AC1B797B5FF1F83C58564F54763E333
:10AF0000B70217E50100130525B9EF0011298545A2
:10AF100013050008EF00110C9305803E2D45EFF05E
:10AF2000CFE141BF17E501001305C5B8EF00F126D9
:10AF3000854513050008EF00310CA9453145A5B73B
:10AF4000EF106041EF10A105EF10C14B1375F50F25
:10AF500097B7FF1FA38EA770894763F9A70297973A
:10AF6000FF1F239D07E697C7FF1F83C777B199E3AC
:10AF7000EF106141854717C7FF1FA303F7B09797ED
:10AF8000FF1F238A07F08145354551BFEF10A13FD0
:10AF90001DC9854717C7FF1FA304F7AE17B7FF1FCB
:10AFA0000347075A93072002E3FFE7FCEFF08039DD
:10AFB0000545EFF0002BEF204030EF204013014516
:10AFC000EFF0202AC9B717C7FF1F034777AB8547A4
:10AFD0006316F70097C7FF1FA38407AA894717972F
:10AFE000FF1F230AF7EAEF10C13D0DC517B7FF1F7A
:10AFF000034707559307200263FEE700EFF0803414
:10B000000545EFF00026EF20402BEF20400E0145D4
:10B01000EFF02025856593858538314509B79797E9
:10B02000FF1F83D7A7DBB9E7B94517E50100130573
:10B03000E5A9EF00314017C5FF1F034545A533358E
:10B04000A0009797FF1F238807E4EF10D13617C59C
:10B05000FF1F0345B5A33335A000EF10513117F59D
:10B06000FFFF1305E54B9797FF1F239607D6EFF0D9
:10B07000B05481B589466395D702854505459797B4
:10B08000FF1F238007D69797FF1F239907D4979711
:10B09000FF1F239307D6EF0021768145494541B52F
:10B0A0009797FF1F83D727D385071797FF1F231471
:10B0B000F7D29797FF1F83D707D205470145638BC8
:10B0C000E7009797FF1F938707D183D707006398FF
:10B0D000F6000545EFF0B0459305007D75B59797EF
:10B0E000FF1F239A07CE9797FF1F83C787CF850738
:10B0F00093F7F70F9796FF1F2385F6CE636DF70042
:10B100001D459797FF1F239B07CCEF106025856592
:10B110009385853895BD81450545EF00A16B9797CF
:10B12000FF1F238007CC9797FF1F239907CA979784
:10B13000FF1F239307CC95B79797FF1F83D7C7CBE4
:10B14000C1EF1305F100EFA0805D0347F1008547D3
:10B15000631EF7020145A3070100EFA0E0608145EF
:10B16000130500109797FF1F239607C6EF0081660F
:10B17000C14517E5010013056596EF00B12B814528
:10B180009797FF1F239C07C4394551BBB94517E565
:10B1900001001305A595EF00F1299797FF1F238C58
:10B1A00007CE9797FF1F239B07C2B707040083A70B
:10B1B000071A8297EF20406D9797FF1F239C07C0C7
:10B1C000B7170040A3810704EF709FC40545EF70D7
:10B1D0009FBC93054006D9B509476391E7028545B1
:10B1E000130500109797FF1F239607BEEF00C1605D
:10B1F000E14517E501001305659041B79305400649
:10B200004945EFF08FB39797FF1F83D7A7BC8507FA
:10B210001797FF1F2310F7BC1797FF1F035787BB14
:10B2200093072003E3F7E7C88545130500109797B8
:10B23000FF1F239107BAEF00E1599797FF1F239F44
:10B2400007B885471797FF1F2300F7BA9305C01269
:10B2500071B99797FF1F83D767B89DE3B94517E585
:10B2600001001305258BEF00F11C17F5FFFF1305F7
:10B27000252B9797FF1F238007C2EF70202915B950
:10B2800009476392E70A17B7FF1F1307272A979703
:10B29000FF1F238807B48356070295671386C704E8
:10B2A0006396C602854513054004EF00E154979765
:10B2B000FF1F239507B217B7FF1F034767289307A0
:10B2C0005002814563FEE7163D4591B993871744C7
:10B2D00085456394F6028357E70105479387E7C0E6
:10B2E000C207C183636BF70013054004EF00C15030
:10B2F00097B7FF1F2393072E5DBF13050004EF00D0
:10B30000614D9147814539451797FF1F2318F7ACC9
:10B310009797FF1F239007ACEFF02FA21305A0050E
:10B32000EF10000479B617B7FF1F0347E72A8547D8
:10B330006315F7000945EF90701F894717B7FF1F86
:10B34000230CF7289797FF1F83C7A7A9850793F7B3
:10B35000F70F1797FF1F2306F7A809446361F4024C
:10B3600021459797FF1F239B07A6EF00707F9D65E0
:10B370009797FF1F238187B29385055331B5854584
:10B380001145EF002145930540389797FF1F238A09
:10B3900007A49797FF1F239307A489BE9797FF1FC2
:10B3A00083D7C7A3B5EB1305F100EFA0002903472E
:10B3B000F100854763EDE70217D501001305857697
:10B3C000BD45EF00310717F5FFFF1305651597978A
:10B3D000FF1F238207ACEF40814E0345F1000505B6
:10B3E0001375F50FA307A100EFA0C029D9B48145BB
:10B3F00013050020EF00013E0545EF40C13A8145AD
:10B4000041459797FF1F238E079C9797FF1F239710
:10B41000079CEFF08F92D1B709476395E7021305B8
:10B42000002085459797FF1F238D079A9797FF1F49
:10B430002396079AEF00413C0145EFA0A0248145E7
:10B440004145F1BC0145EFA0E0239797FF1F83C75B
:10B450004799850793F7F70F1797FF1F2303F7986F
:10B460000547636DF70039459797FF1F23980796A7
:10B47000EF00106F856593858538B9B58145130553
:10B480000020EF0021359797FF1F238C0794979793
:10B49000FF1F2395079465B79797FF1F83D70794DE
:10B4A000B5E71305F100EFA0000B0347F100854756
:10B4B00063EDE70217D501001305C567B945EF0035
:10B4C000617717F5FFFF1305A5059797FF1F2384E5
:10B4D000079CEFB0E06A0345F10005051375F50F11
:10B4E000A307A100EFA0C00BE9B281450945EF0019
:10B4F000612E814545459797FF1F2384078E9797B7
:10B50000FF1F239D078CEFF04F83F1B7094763942A
:10B51000E70201459797FF1F2385078C9797FF1F29
:10B52000239E078AEFA0C00785450945EF00C12C7F
:10B5300081454545EDB20145EFA080069797FF1F75
:10B5400083C7278A850793F7F70F1797FF1F230AEB
:10B55000F7880547636DF7003D459797FF1F239FC9
:10B560000786EF00F05F856593858538D1BD8145FD
:10B570000945EF0021269797FF1F23840786979799
:10B58000FF1F239D07846DB71794FF1F0354048585
:10B5900005E4BD4517D501001305C55AEF008169C3
:10B5A00017F5FFFF1305C5F79797FF1F2385078E34
:10B5B000EFD050686FF0FF8F0545EFF02FEF01CD12
:10B5C0009797FF1F238F07809797FF1F2398078068
:10B5D00081454D45A9B209476317E40085450945F2
:10B5E000EF008121F1BF9787FF1F83C7877F850702
:10B5F00093F7F70F9786FF1F2385F67E636DF7009D
:10B6000041459787FF1F239B077CEF007055BD6561
:10B61000938505A639BF81450945EF00A11B4DB7AC
:10B62000BD4517D501001305E552EF00A160B7072E
:10B630000400CC5B170502001305C59317B4FF1F68
:10B640001304C4EEEF00613597B5FF1F83C545EFC6
:10B6500017D5010013050551EF00213497B5FF1FE1
:10B6600083C515EE17D5010013058550EF00E132B3
:10B6700097B5FF1F83C5E5EC17D5010013050550ED
:10B68000EF00A1318325840A17D501001305055069
:10B69000EF00A13017D5010013058550EF00E12F11
:10B6A000EF60304397B7FF1F83C757E897D5010076
:10B6B0009385853C89E797D501009385653C17D52F
:10B6C00001001305A54FEF00412D4C4497B7FF1F14
:10B6D000238E07E4894717D501001305654F1787A7
:10B6E000FF1F230AF77AEF00412B5C44814591C785
:10B6F000EFF00FE285659385853851456FF03F8205
:10B700008280411106C6EF009109EF00B14F97B753
:10B71000FF1FA38FA7F49307E0061787FF1F230FD0
:10B72000F776894717B7FF1FA30CF7E81305F00357
:10B7300085471787FF1F2300F7769787FF1F239FF3
:10B740000768EF00F041956717B7FF1F035707E041
:10B750009387C7048145130560036304F70013054D
:10B760007003B24041016FE05FDD9787FF1F83D711
:10B7700047661307600363E9E722411106C6130712
:10B7800070036379F700130790036372F714B240F4
:10B79000410182809787FF1F83D747646391070E1B
:10B7A0001787FF1F0347476A8547631AF70093050A
:10B7B000400613057003B24041016FE01FD81787A0
:10B7C000FF1F231DF76085471787FF1F230EF766AE
:10B7D00017B7FF1F0347D7E9CD4763E3E706954552
:10B7E00017D501001305C545EF00C1449305E002DC
:10B7F00017D5010013054545EF00C143F14517D5A5
:10B80000010013056547EF00E1429305C00217D51B
:10B81000010013052548EF00E14199679387077000
:10B8200081451305800317B7FF1F2314F7D0EFE0FE
:10B83000DFD09307F0061787FF1F2301F76681BF4C
:10B840009307E0061787FF1F230AF7649785FF1FFA
:10B8500083C5C56417D501001305859DEF00E1136D
:10B8600017D501001305C545C145EF00A13CB24005
:10B8700017F5FFFF1305C5CA41016F70901E0947F8
:10B880006392E70217B7FF1FA305F7CA1787FF1FC9
:10B89000230C075A9787FF1F2392075481451305EE
:10B8A000800311BF1147E394E7EE9787FF1F238DB5
:10B8B00007589787FF1F239307529307F0061787B0
:10B8C000FF1F230DF75C814513059003EDB59787A6
:10B8D000FF1F83D7A75085EF9785FF1F83C5055CA2
:10B8E00017D501001305C59497B7FF1F238307C41D
:10B8F000EF00A10AD14517D501001305653DEF0002
:10B90000613389471787FF1F231AF74C6DBF09471B
:10B91000E39FE7E69786FF1F83C646581307E006B6
:10B920006395E606954517D50100130565319787A0
:10B93000FF1F2395074AEF00E12F9305E00217D57B
:10B94000010013056530EF00E12E17B6FF1F035607
:10B95000C6BF97B5FF1F938565BF17D501001305B7
:10B960006538EF0081039305C00217D50100130568
:10B970006532EF00212CB24097B7FF1FA38207C4A6
:10B980008145094541016F00D02017B7FF1FA3096A
:10B9900007C21787FF1F231307441787FF1F230CB6
:10B9A000F74E8145514501BD8280411197B5FF1F7A
:10B9B00083C505B917D501001305C53606C622C4CF
:10B9C000EFF0B07D97B6FF1F83C686B7130720023E
:10B9D0009787FF1F9387E73F636CD73883D70700AC
:10B9E0002147FD17C207C1836367F70C17D7010012
:10B9F000130707318A07BA979C43BA978287DD45B8
:10BA000017D5010013054534EF00C12217B5FF1FFC
:10BA10001305F5BAEF90C01497B7FF1F83C737BA65
:10BA200091C72244B24041016FF0AFA6EF009023CE
:10BA3000EF0070249787FF1F239E07389787FF1F0B
:10BA4000239B07381944EF10411CEF10410BEF0006
:10BA5000F111EF0051157D14EF0061541374F40FD0
:10BA6000EF00E1536DF8814509452244B2404101A0
:10BA70006FE0BFAC1305A005EF00900EEF00215260
:10BA8000EF0051181375F50F97B7FF1FA382A7BEDC
:10BA9000894763F6A70281450D459787FF1F238CD1
:10BAA000073EEFE09FA9371700408327870C93E7F5
:10BAB00087002324F70CB24022444101828085652F
:10BAC0001787FF1F2309F73C938585380D4571BF04
:10BAD000D14517D501001305A528EF00A1159787BB
:10BAE000FF1F239D072EEFF0003101E5814515452D
:10BAF000ADBF854785651787FF1FA304F72E938584
:10BB0000853825459DB79787FF1F83D7272D8DE75C
:10BB100017D5010013050526B945EF00A1112244F0
:10BB2000B2409787FF1F2388073617F5FFFF1305DD
:10BB3000259F41016F60901D09476399E700978732
:10BB4000FF1F239D07288145194505B79146E394BA
:10BB5000D7F69787FF1FA386E7289787FF1F239FA6
:10BB60000726814579BF9787FF1F83D727278DE752
:10BB700017D5010013050521D545EF00A10B22447F
:10BB8000B2409787FF1F2388073017F5FFFF130583
:10BB9000259941016F70F01809476399E70097876D
:10BBA000FF1F239D072281451145C1B51147E3942D
:10BBB000E7F08D471787FF1FA305F72279BFE145FF
:10BBC00017D501001305851DEF00C10617B7FF1F2C
:10BBD000034707979307400263E8E7000145EFA09A
:10BBE000F07D0145EFB040010145EFB0A01A3717D5
:10BBF00000409787FF1F2380072A8327C70C8145B2
:10BC000093E787002326F70C1D4585B5ED4517D52D
:10BC100001001305251AEF00E101B717004083A7C3
:10BC2000470A918B95EFEF90D03D914717B5FF1FD5
:10BC30001305F59817B7FF1FA303F798EF80307629
:10BC4000854717B7FF1FA309F7A29787FF1F239701
:10BC500007189787FF1F238007248145294531B5A1
:10BC600089471787FF1F2308F722EF00C06E8565FD
:10BC70009385853851BFB717004083A7470A918B3A
:10BC800081EFFD4517D5010013058514EFF0907A7B
:10BC90009305803E2145D1BBEF00C07CEF00A07D25
:10BCA0002244B24041011773FF1F670043EC97879E
:10BCB000FF1F83D727121784FF1F1304A41185EFDA
:10BCC0009787FF1F239C0710914717B5FF1F130588
:10BCD000158F17B7FF1FA304F78EEF80506CEF206E
:10BCE0008167B7070400BC4F21468D451785FF1FAC
:10BCF0000345150882979785FF1F83C5950E17D5B5
:10BD000001001305E50EEFF05049B12583570400FB
:10BD100085071787FF1F231FF70A8357040037176C
:10BD20000040858B85EF8327C70C93E78700232688
:10BD3000F70C8357040025476379F7029787FF1FA5
:10BD4000239A0708914717B5FF1F1305558717B7A3
:10BD5000FF1FA306F786EF809064C5BD8327870C7D
:10BD600093E787002324F70CE9B79305803E51BB86
:10BD700003D407008547420441806303F40621474A
:10BD8000E31BE4D21787FF1F0357470509EB17870B
:10BD9000FF1F0347670B93054006E30DF7EE9787F8
:10BDA000FF1F83C7E7FCFD1793F7F70F0544636B8D
:10BDB000F4129787FF1F239387028547FD4517D508
:10BDC00001001305E5001787FF1F230FF706EFF0AB
:10BDD00070669305401F9787FF1F238E070A5DBD7E
:10BDE000DD4517D50100130525F6EFF0B06417A562
:10BDF000FF1F1305D57CEF80B05697A7FF1F83C7A1
:10BE0000177C6394870ADD4517D501001305C5FF2C
:10BE1000EFF05062812D8525EFE0C052EF00F15E1A
:10BE2000371700408327870C93E787002324F70CFC
:10BE3000EF00F14CEF008153EF00E156EF20A151EC
:10BE4000B7070400BC4F21468D451785FF1F0345EA
:10BE500035F28297EF90F01A894717A5FF1F130557
:10BE6000157617A7FF1FA30CF774EF8050530545F5
:10BE7000EFE0203FEF106044EF10E028EF10E043C8
:10BE8000EF00507B19C9EF00B07D01C9E54517D51A
:10BE900001001305E5F8EFF0F0590145EFE0603CD3
:10BEA0009787FF1F238207FA39B10947C54517D580
:10BEB00001001305A5F86394E702EFF0B05797A7C8
:10BEC000FF1FA38B877A914717A5FF1F1305356FB7
:10BED00017A7FF1FA305F76EEF80704C99B6EFF020
:10BEE000705581B69787FF1F239A07EE9787FF1F2C
:10BEF000238C07F4852B4123371700408327870CB9
:10BF000017A5FF1F1305B56B93E787002324F70CD4
:10BF100097A7FF1FA385876A97A7FF1F238A07702C
:10BF2000EF80F0472244B24081450145410195A18F
:10BF3000411122C406C626C29787FF1F238607F039
:10BF400009446316850EAA849305200217D50100C3
:10BF5000130585F7EFF0104E9787FF1F238407E83E
:10BF60009787FF1F238107E817A7FF1F0357476520
:10BF700085476316F7049787FF1F238E97F0814547
:10BF80005145EFE08FDB97B7FF1F83C7C7AF05476A
:10BF90006399E70817B7FF1F034767CD6308F700EA
:10BFA00017B7FF1F0347B7CC6319F70497B7FF1FF5
:10BFB000238B07ACB24022449244410182801DE3AE
:10BFC00017B7FF1F0347A7CA6308F70017B7FF1F7C
:10BFD0000347F7C96318F70089471787FF1F230C2A
:10BFE000F7EA71BF97A7FF1F83C7975DC9FF89470E
:10BFF0001787FF1F2301F7EA79B7C54717B7FF1F58
:10C000002303F7A82244B7070400B240924403A3D5
:10C0100087051785FF1F034585CF294689454101BF
:10C0200002839787FF1F83C717DCC9D7E1BF93053A
:10C03000E00217D50100130565EB9787FF1F2383E7
:10C0400007DAEFF0303F97A7FF1F83C77757BDF39D
:10C050009787FF1F238187E4B1BF011193970501E3
:10C0600022CC06CE26CAC1872E8463D40702B70429
:10C070000400FC541785FF1F034565C9829719C149
:10C08000BC5482972165218DF2406244D2440561FF
:10C09000828093F71500A5C71787FF1F0347C7DAEC
:10C0A00085476318F7029305200217D50100130591
:10C0B00025DAEFF03038B7070400BC4F1306000A4A
:10C0C00085451785FF1F034585C4829713451400D6
:10C0D00065BF1787FF1F2300F7DCD94517D501007F
:10C0E000130545D91787FF1F2300F7D6EFF09034CB
:10C0F00017050000130505E4EF800049C1BF93F761
:10C1000025000145D1D31787FF1F0347E7D3854794
:10C110006318F7029305200217D50100130505D710
:10C12000EFF05031B7070400BC4F1306000A8945F1
:10C130001785FF1F0345A5BD829713452400A9B7A6
:10C140001787FF1F2309F7D4D94517D50100130519
:10C1500025D61787FF1F2309F7CEEFF0B02D95677F
:10C160009387379517A5FF1F1305655117A7FF1F65
:10C170002315F75023170100EFC0EFA08357E1000C
:10C180009305E10009463E95B7070400FC472317D5
:10C19000A10017A5FF1F1305654E82978355E10087
:10C1A00097060000938606D905469105C205C18110
:10C1B00017A5FF1F1305654CEF70C051BDBF41119E
:10C1C00006C6B717004013070004239FE7088545FC
:10C1D00013050004EF60EFF5894513050004EF60D7
:10C1E000AFFFB7E700E03707040023A0E710B24035
:10C1F0009787FF1FA38807BE9787FF1F238407BE6B
:10C2000041018280411106C6B717004013070004A0
:10C21000239FE708854513050004EF608FF1B7E71A
:10C2200000E03707040023A0E71801000100B24036
:10C230009787FF1FA38807BA9787FF1F238407BA32
:10C24000410182801787FF1F0347C7B98947631AD7
:10C25000F7069787FF1F83C707B9850793F7F70F7F
:10C260001787FF1F2301F7B81947B3F7E7024111FA
:10C2700006C681EF17D50100130545CAEFF0E0713E
:10C2800085471787FF1F230FF7B41787FF1F034743
:10C2900087B5F54763F4E7021787FF1F0347B7B475
:10C2A000894763EDE70017D50100130525C8EFF0B6
:10C2B000C06EB240814501454101E1A8B240410153
:10C2C000828082809787FF1F238F07B0828017A705
:10C2D000FF1F0347B72585476316F706411122C4A0
:10C2E00006C69787FF1F83C7F7AF1784FF1F130486
:10C2F00064AF8DC39787FF1FA38607AE9785FF1F87
:10C3000083C585B40346040017D501001305C5C3D2
:10C31000EFF0A068834704000547631AF7028947D6
:10C320001787FF1F2300F7AC2244B7070400B24071
:10C3300003A387051785FF1F0345659D5146854566
:10C34000410102839787FF1F238E07A88280B24096
:10C3500022444101828097A7FF1F2391071E8280FC
:10C3600097A7FF1F9387871C239807002399A7008F
:10C37000828097A7FF1F83D7671C01476376F5006C
:10C38000898F13970701418397A7FF1F2398E71A07
:10C390008280411126C2AA8417D50100130545C821
:10C3A00022C406C62E84EFF0405F97A7FF1F2385A7
:10C3B000972217A7FF1F03479717854763F4E700E6
:10C3C000EF00111517A7FF1F03477716954763F571
:10C3D000E7000145EFE0101589471787FF1F230C81
:10C3E000F7AA97A7FF1F239B07149307C40017A75B
:10C3F000FF1F2316F714EFF0FFE00545EF1030564E
:10C40000EF907055854737460F0017A7FF1FA30908
:10C41000F71A130606249307300B3306C402178558
:10C42000FF1F0345D58E63F58702B77745F59387E0
:10C4300007B03E96B707040003A3870593071027AC
:10C44000C1453356F6022244B24092444101028370
:10C45000B707040003A38705930710273356F60296
:10C46000A145D5B7B7170040A38107049787FF1FE1
:10C47000238D079682804111014506C6EF60BF916A
:10C480000145EF60BF89B7E700E0214723A2E71825
:10C4900001000100B7170040A3810704B24097874D
:10C4A000FF1F2384079441018280797193970501CE
:10C4B00022D406D626D24AD0C1872E8463D507025D
:10C4C000B7040400FC541785FF1F03455584829769
:10C4D00019C1BC5482972165218DB25022549254C7
:10C4E00002594561828093F725008DC3B707040088
:10C4F000BC4F1306000F89451785FF1F0345358183
:10C500008297EFF03FF613452400C1BF93F7450033
:10C51000A9C7EFE00F9797A7FF1F83D7870A850763
:10C52000C2074167C18375176364F70217A7FF1F2E
:10C530002319F708B7070400BC4F130600649145A0
:10C540001775FF1F0345B57C82971345440071B7EB
:10C5500097A7FF1F23970706F1BF93F71500638E78
:10C560000722EFF03FCE17A7FF1F034767FD930792
:10C57000200217A9FF1F130969FB63F3E70E9787D2
:10C58000FF1F83C77786850793F7F70F1787FF1F6E
:10C59000A30CF784858B8DEF17A7FF1F0347370286
:10C5A00089476307F7020545EFD0B04B9787FF1F18
:10C5B00083C7878399E3EF003006B717004083A74E
:10C5C000470A918B99E3EF0090560145EFD07049EF
:10C5D0001787FF1F03475781F54763F4E70417A741
:10C5E000FF1F0347D7FD8947630DF7029777FF1FAA
:10C5F000A38C077E8327C9001167130707C0F98F33
:10C6000091CFEF00F0419374F50F93F744006392DC
:10C61000071281450965EFF0201E05A2EFF0905545
:10C620006DF1EFF030550DCD97A7FF1F83C757046D
:10C6300085EBEFF0D016EFF0F05C1375F50F97A7D0
:10C64000FF1FA387A70209ED0545EFD09041EF003A
:10C65000902BEF009046EF0090290145EFD07040FD
:10C66000035609010327C9739775FF1F83D56576A4
:10C6700005064206418297A7FF1F2391C7EC97A6A4
:10C68000FF1F83D6C6EB97A7FF1F83C777F332CE72
:10C690002ECC36CA3AC83EC63715004083444504FE
:10C6A000EFF07007B2474247D2467246E24593F434
:10C6B000F40FAA8813F8740017D501001305858CB0
:10C6C000EFF0A02D17A7FF1F035747E797A7FF1FFE
:10C6D00083D7E7E66360F704B14517D5010013057A
:10C6E000E58EEFF02055B14517D501001305058EF5
:10C6F000EFF04054B14517D501001305258DEFF03B
:10C700006053B14517D501001305458CEFF08052F9
:10C71000EF90F065B7070400BC4F1166130606E8FA
:10C7200085451775FF1F0345955E829713451400D5
:10C730006DB381450965EFF0E00993F78400814509
:10C740000565A9C3EFF00009056593F7040181456C
:10C75000130505809DCBEFF0E00793F704028145B8
:10C760001305004095C7EFF0E0060545EFD0702FA8
:10C77000EF007019EF007034EF0070170145EFD033
:10C78000502E45B5EFF04007C1B7EFF0E006F1B726
:10C79000EFF08006E38704E8C9BF93F70501A5C75A
:10C7A000DD4517D5010013052583EFF0A048DD45D1
:10C7B00017D5010013054582EFF0C047DD4517D5B9
:10C7C000010013056581EFF0E046DD4517D5010056
:10C7D00013058580EFF00046EF80904E8547177770
:10C7E000FF1F2303F760B7070400BC4F37E60400C0
:10C7F00013060620A1451775FF1F03455551829763
:10C8000013450401D9B993F785000145E38707CCA7
:10C81000D94517C501001305A57DEFF0A041D94505
:10C8200017C501001305C57CEFF0C040D94517C5F9
:10C8300001001305E57BEFF0E03FD94517C5010086
:10C840001305057BEFF0003F97A7FF1FA38A07D6CC
:10C85000EF801047EFF01FC1EFF0FFC19760FF1F9F
:10C86000E780E030B7070400BC4F1166130606E806
:10C87000A1451775FF1F034595498297134584000D
:10C88000A9B9B7170040A38107049777FF1F83C793
:10C89000C75585071777FF1F2309F7541777FF1F21
:10C8A0000347A754A54763FCE7180111D94517C5ED
:10C8B00001001305657522CE26CC4ACA4EC852C661
:10C8C0009777FF1F23830752EFF0C036EFF0BFBA10
:10C8D00081460146814511459760FF1FE780606EE4
:10C8E000EF907007F3270080A18B9774FF1F93844C
:10C8F000E44899CBF32700801777FF1F2320F748E0
:10C900009C40DD9B7390078001000100B717004039
:10C91000130770052380E704130780FA2380E704D8
:10C92000010001007D572396E702F3270080A18BC9
:10C9300099CBF32700801777FF1F2321F7449C40F2
:10C94000DD9B7390078001000100B71700401307BB
:10C9500070052380E704130780FA2380E7040100B1
:10C96000010003C76704136717002383E7042380CC
:10C970000704732700809C40A18BD98F7390078098
:10C980009777FF1F23AC073E0100010037140040DA
:10C9900093097005130980FA7D5A130540069760C4
:10C9A000FF1FE780A032814601468145114597600F
:10C9B000FF1FE7800061F3270080A18B99CBF3274D
:10C9C00000801777FF1F232BF73A9C40DD9B739065
:10C9D0000780010001002300340523002405010025
:10C9E000010023164403F3270080A18B99CBF32782
:10C9F00000801777FF1F2323F7389C40DD9B73903F
:10CA000007800100010023003405230024050100F4
:10CA100001008347640493E717002303F404230011
:10CA20000404732700809C40A18BD98F73900780EA
:10CA30009777FF1F23A4073401000100B9BF7300DB
:10CA40002030411106C617A7FF1F130727AE8947DD
:10CA5000A301F7561305D0038547A30AF7081777F4
:10CA6000FF1F230AF7429777FF1F23990736EFF03E
:10CA70003F8FB24081451305500441016FD0FFAB99
:10CA80009777FF1F83D7E7341307500463E7E70E58
:10CA9000130760046377F70013077004638FE70AD6
:10CAA00082809777FF1F83D76733B5EF1777FF1F14
:10CAB0000347873985476318F70093054006130538
:10CAC00060046FD09FA7411117C501001305C5561B
:10CAD000D54506C61777FF1F2308F736EFF08015F8
:10CAE0000945EFE0AF9C11C997E5FFFF938545A38A
:10CAF0000D45B24041016F30A04617A7FF1F034705
:10CB000027A49307500263FAE700B24017E5FFFF3E
:10CB1000130505A141016F30C13B97E5FFFF9385E8
:10CB200025A00545F9B709476393E7029777FF1FEB
:10CB3000238C07308D4717A7FF1FA30AF7F4814501
:10CB40009777FF1F239C0728130570049DBF9777D5
:10CB5000FF1F238B072EBD47F9BF97A7FF1FA38198
:10CB600007A689471777FF1F2307F7328145977775
:10CB7000FF1F239507265145A9B78280797122D4DA
:10CB800026D24AD04ECE52CC06D6AA892E8A231659
:10CB90000100154417C901001309894B97C401000E
:10CBA0009384447385467000CE8513059004EFD0BE
:10CBB000505811ED8347C10005452300FA00B250DB
:10CBC000225492540259F249624A45618280CA85D0
:10CBD0002685EFE0905C7D1409451374F40F97608F
:10CBE000FF1FE780A00E5DFC0145D1BF0111231698
:10CBF000010022CC26CA06CE2306B1001544AA8421
:10CC000085467000A68513059004EFD0F05B15C92A
:10CC10007D1409451374F40F9760FF1FE780000B24
:10CC200065F017C501001305656C97C50100938574
:10CC30006543EFE090560145F2406244D2440561FD
:10CC400082800545D5BF797122D42E849305F101E8
:10CC500026D206D6AA8432C6A30F0100EFF01FF237
:10CC60000DC932469345F4FF2685F18D0346F10147
:10CC7000718CC18DA30FB100EFF05FF71345150064
:10CC80001375F50F3305A040B250225492544561FC
:10CC900082807D55D5BF411122C406C61777FF1F7C
:10CCA0000357472C8D471774FF1F1304642663191D
:10CCB000F700034664059305F0073545EFF0BFF82C
:10CCC0001777FF1F0357E7259307800363FFE700EC
:10CCD0003D469305000F0145EFF0FFF613060008EF
:10CCE0009305F0073145EFF01FF603462401930545
:10CCF000000C0945EFF03FF5034644049305F007A7
:10CD00002D45EFF05FF49775FF1F83D585218505CD
:10CD10008E0517C5010013052568EFE0104803468E
:10CD2000C4009305800F0545EFF0FFF10346440171
:10CD3000BD450D45EFF03FF10346E4039305F00CCC
:10CD40001D45EFF05FF0034604049305000F1D45F9
:10CD5000EFF07FEF034624009305000F0145EFF04D
:10CD60009FEE03460400BD450145EFF0DFED0346AD
:10CD7000E4049305700F3145EFF0FFEC03466402C5
:10CD80009305900F1545EFF01FEC13060006930571
:10CD9000F0091545EFF03FEB130600089305F00787
:10CDA0001545EFF05FEA05469305E00F3145EFF0DA
:10CDB0009FE90346C4049305F00B3145EFF0BFE84B
:10CDC0000346A4019305D00F1145EFF0DFE71306EA
:10CDD00000029305F00D2D45EFF0FFE603468404B5
:10CDE0009305100E2D45EFF01FE6034684018D4597
:10CDF0001145EFF05FE5034664019305000F0D4513
:10CE0000EFF07FE40346C4012244B2409305E00FF3
:10CE1000114541016FF03FE34111130600049305F2
:10CE2000F00B094506C6EFF01FE2B24013351500BE
:10CE300041018280411101469305F009154506C65E
:10CE4000EFF07FE0814709E901469305F0071545BA
:10CE5000EFF07FDF93371500B2403E8541018280BD
:10CE60004111130600049305F003254506C6EFF0B3
:10CE70009FDD814711E9130600029305F00D194566
:10CE8000EFF07FDC93371500B2403E854101828090
:10CE9000411197C501009385251E17E50100130573
:10CEA000650D06C6EFE0702F9777FF1F239F070AD7
:10CEB00091471777FF1F2313F7061777FF1F2314D8
:10CEC000070A130700039776FF1F2392E6081777D8
:10CED000FF1F231FF706B7070F0093870708177771
:10CEE000FF1F2327F7029777FF1F239607049777E3
:10CEF000FF1F23A507069777FF1F2398070289477F
:10CF00001777FF1F231AF704930770021777FF1F85
:10CF10002319F7001797FF1F0347876293075002F3
:10CF200063FFE702930700071777FF1F231CF7FE35
:10CF30009307800C1777FF1F2318F7FEB240854731
:10CF40001777FF1F2311F7FE9777FF1F239007FE28
:10CF50009777FF1F2390070041016FF0DFD39307FE
:10CF600000091777FF1F231FF7FA9307000AD9B7A5
:10CF70007971FD5722D426D24AD04ECE06D6A307C9
:10CF8000F10015449309900417C9010013094910D1
:10CF900097C401009384443E9305F1002945EFF0C6
:10CFA000FFBD09C58347F100638437037D14130671
:10CFB000C01ACA8526851374F40FEFE0101E69FCB1
:10CFC0007D55B250225492540259F24945618280F3
:10CFD0000145C5BF7971FD5722D426D24AD04ECE25
:10CFE00052CC56CA06D6A307F100154489490D4A0A
:10CFF00097CA0100938A4A1917C901001309890ABF
:10D0000097C401009384041A9305F1002145EFF0C1
:10D01000FFB631C98347F10095838D8B13970701C4
:10D020004183A307F1009776FF1F239DE6F26392E9
:10D03000370317C501001305A512EFE010160145CF
:10D04000B250225492540259F249624AD24A45617E
:10D0500082806317470117C501001305A511F1BFB1
:10D060005685EFE090137D141306001DCA852685B2
:10D070001374F40FEFE0701241F87955D1B7011134
:10D0800022CC26CA4AC806CEA30701000D4417C900
:10D0900001001309A90297C4010093842414930585
:10D0A000F1002545EFF09FAD1DC58347F10093F7D3
:10D0B000F70395E317C501001305051197C5010096
:10D0C0009385C5FFEFE0700D0545F2406244D24400
:10D0D0004249056182800346F1007D14CA85268598
:10D0E0001374F40FEFE0700B5DF80145F9BF0146D2
:10D0F0009305700F05456FF01FB521469305700F1E
:10D1000005456FF05FB441111306000881450945DC
:10D1100006C6EFF05FB3B2401335150041018280BF
:10D120000111FD5722CC26CA06CEA307F1001544F3
:10D1300097C40100938444189305F1002145EFF052
:10D14000FFA33DCD8347F1008D838D8B1777FF1FA4
:10D15000231CF7E0A307F10009476380E7040D47AC
:10D160006386E70405476381E7029777FF1F238201
:10D17000E7C017C501001305650DEFE01002F2408E
:10D180006244D244056182809777FF1F238307BEE4
:10D1900017C501001305450DCDB79777FF1F238AEB
:10D1A00007BC17C501001305E50DC1BF85471777FB
:10D1B000FF1F2300F7BC17C501001305250E75BF1F
:10D1C0007D1426851374F40FEFE0207D35F445BF00
:10D1D00001119305F100414506CEA3070100EFF0D0
:10D1E000FF991DC58347F100898B99CB17C50100B5
:10D1F00013054511EFE0607A0545F2400561828034
:10D2000017C5010013054511EFE020790145F5B779
:10D2100017C501001305C511EFE020787555F1BF62
:10D220000111FD579305F100254522CC06CE2307B9
:10D23000F100A307F100EFF07F942A849305E10049
:10D240002145EFF0BF933DC035C18345F10093F513
:10D25000F503B1C5854717C501001305A5E8177784
:10D26000FF1F2314F7D0EFE040738347E100898B61
:10D2700099C79777FF1F239A07CEEFF05FE78345A3
:10D28000E10017C50100130565EAEFE000710345F1
:10D29000F100F24062441375F5030561828017C501
:10D2A00001001305A5E6EFE0406FC1B717C5010007
:10D2B0001305C5E8EFE0606ED9BF411197C50100C5
:10D2C000938545E117E501001305C5CA06C6EFE0E1
:10D2D000C06CEFF0FFC921E1EFF0DFCF0DEDEFF013
:10D2E0003FBBEFF0DFD98547631EF50017C501008E
:10D2F000130505F1EFE0606AEFF07FDF0545B2400E
:10D300004101828017C50100130545F1EFE0E06897
:10D31000EFF0BFDEE5B717C50100130525F297C58D
:10D320000100938525DBEFE040677D55C9BF011102
:10D33000FD579305F100254506CEA307F100EFF058
:10D34000FF838345F10093F5F50381CD854717C52C
:10D350000100130525001777FF1F2318F7C0EFE022
:10D36000C063EFF0FFDBEFF0BFE6F24005618280C3
:10D370002A86B305B04017C501001305A52D6FE03F
:10D38000C0611777FF1F0347879AA147630DF70610
:10D3900001119777FF1F83C7979926CA06CE22CC23
:10D3A000F9172E86AA8463CDF50017C50100130571
:10D3B0002523EFE0805EF2406244D2440561828022
:10D3C00037040400832784122315B10001478146E6
:10D3D000ED451775FF1F0355A5A282972AC661DD8B
:10D3E0007C440356A100A68582972C001775FF1F69
:10D3F000035505A1EF604FB35DDD8327C412ED45F2
:10D40000280082974DBF8280411106C69777FF1F83
:10D4100083D7079F6397A7081777FF1F2313B79E2C
:10D420001777FF1F2310C79E1777FF1F231DD79C59
:10D430002E869776FF1F83C6669CBE8517C50100A2
:10D440001305451BEFE060551777FF1F0357679BD8
:10D450009307300663E0E7049777FF1F9387079AE7
:10D4600083C70700850793F7F70F1777FF1F230779
:10D47000F79809476360F702B707040003A387051D
:10D4800013060064A145B2401775FF1F0345858848
:10D4900041010283B2409777FF1F23810796410124
:10D4A00082801306403597C501009385A51617C5E0
:10D4B00001001305A517EFE0404EA5471797FF1F82
:10D4C000A303F75C85459167130500101797FF1FAD
:10D4D000231DF75AEFE000308565B7070400138677
:10D4E000853803A387059385058071BF03574500E1
:10D4F000011106CE22CC9777FF1F83D76790631B5D
:10D50000F704C167F9171777FF1F232BF78E37042E
:10D5100004009777FF1F23A7078E7C4C894517656A
:10D52000FF1F0345257F82977C4C91451765FF1FA0
:10D530000345457E82978547A307F100832744175B
:10D540001306F1008545130550308297F24062447E
:10D55000056182801306303197C501009385850BE4
:10D5600017C501001305850CEFE02043E1771797FD
:10D57000FF1F231CF7508545A5471305001017977B
:10D58000FF1FA302F750EFE0E024B7070400BC4FF1
:10D590008565138685381765FF1F0345A577938535
:10D5A0000580829765B73D897D15954763EDA72C6A
:10D5B00017C70100130747E00A053A951C414111BE
:10D5C00022C406C626C2BA972E84828717C50100D8
:10D5D0001305C5092244B240924441016FE0E03B8B
:10D5E00083C7250019476392E7042E85EFF01FF0EB
:10D5F0008345640017C5010013054508EFE0E039D5
:10D6000017C5010013054509EFE020399547179725
:10D61000FF1FA30AF746A1471767FF1F2309F770EB
:10D62000B24022449244410182800D47E39AE7FED2
:10D6300017C5010013054506EFE0203695471797FB
:10D64000FF1FA302F7441767FF1F0357E77A8547B9
:10D65000E318F7FC89471767FF1F231FF778C9B73F
:10D6600003C725009547E31DF7FAC1671767FF1F3A
:10D6700003570779F91703D5A5006301F704B70726
:10D68000040083A7C717829717C501001305C501BA
:10D69000EFE0A03017C5010013058503EFE0E02F90
:10D6A0009D471797FF1FA300F73E1767FF1F230033
:10D6B000F7689767FF1F239007749DB79767FF1F51
:10D6C0002390A77483D7E500130600641765FF1F36
:10D6D000034545641767FF1F2315F77283D70501BC
:10D6E0001767FF1F2310F77283D72501A14517671E
:10D6F000FF1F231AF770B7070400BC4F8297035629
:10D70000E4008355A40017C50100130525FBEFE0D5
:10D71000C02849B703C725008D47E313F7F017C5A5
:10D7200001001305E5FB7DB583C625009147639392
:10D73000F60417C50100130565FCEFE000268547D8
:10D740001767FF1F2303F76C99471797FF1FA30C59
:10D75000F732B707040003A387051306803E93053D
:10D7600000402244B24092441765FF1F0345855A8A
:10D77000410102839944639296042E85EFF01FD7EE
:10D780008345640017C50100130545EFEFE0E02075
:10D79000A1471767FF1F230CF758034764009796AC
:10D7A000FF1F2383E62E1797FF1FA30EF72C854735
:10D7B0001767FF1F230BF764A5B59547639CF60415
:10D7C00083C715008DC317C50100130525F3EFE0CE
:10D7D000C01C85471767FF1F2309F7629797FF1F34
:10D7E000A383972ABDB71306203B97C501009385F5
:10D7F00065E217C50100130565E3EFE0001AA547D0
:10D800001797FF1FA301F728E1771797FF1F231E24
:10D81000F72605A81306B03B97C50100938585DF61
:10D8200017C50100130545EFEFE0201783472400DB
:10D830001797FF1F231BF724A5471797FF1FA30464
:10D84000F724854513050010EFD0D0788565B7071C
:10D8500004001386853803A387059385058011B7D7
:10D860001306403C97C501009385C5DA17C5010032
:10D870001305C5DBEFE06012A5471797FF1FA30450
:10D88000F720856759B782809797FF1FA3810720EC
:10D8900085471767FF1F2311F75691470111179707
:10D8A000FF1FA302F71E06CE22CC26CA1797FF1F22
:10D8B000034787DC85476317F722B707040083A770
:10D8C000070A1305D003829717C501001305C5CABF
:10D8D000EFE0A00C1797FF1F034707C79796FF1F9E
:10D8E00083C676C61796FF1F0346E6C597C5010097
:10D8F000938585CA1765FF1F13050568EF30414FF3
:10D90000370404007C4429469765FF1F9385C5664C
:10D910001765FF1F130525D382978544930740069B
:10D92000A30491002315F100930760092316F10069
:10D9300083274417130691008545130550308297BD
:10D94000832744171766FF1F1306C6CFD545130557
:10D9500070308297832744171766FF1F1306C63B54
:10D960009D45130560308297832744171306A10055
:10D970008945130510318297832744177000894524
:10D98000130520318297832784141766FF1F13061F
:10D99000A65EA94501458297832744159795FF1FE9
:10D9A00083D565CD0D458297832744159795FF1F35
:10D9B00083D565CC11458297A30391002304910080
:10D9C000A304910002C6230501008327841670007A
:10D9D00091451305704082978327841613067100C2
:10D9E00085451305004082978327841630008545BE
:10D9F000130510408297832784161306A1008545DE
:10DA000013052040829783278416130691008545CD
:10DA1000130550408297832704157D5582978327ED
:10DA200044137D558297EF501FA07D55EF50DFBD09
:10DA30001766FF1F130686BED1450145EF50FFC391
:10DA40001766FF1F1306C62D85450545EF50FFC21B
:10DA50001766FF1F1306062D85450945EF50FFC1C8
:10DA60001766FF1F1306C6BCD1450D45EF50FFC01A
:10DA70001766FF1F1306462B99451145EF50FFBF50
:10DA8000C167F9171765FF1F130585281767FF1F63
:10DA90002328F7369767FF1F23A60736EF50DFBC12
:10DAA0008327C41D1765FF1F1305453482973C4C1F
:10DAB000214685451765FF1F0345C52582973C4CC8
:10DAC0001166130606E885651765FF1F0345852463
:10DAD0008297F24062449767FF1FA3870732D244C0
:10DAE00005618280B707040083A7070A5D45829716
:10DAF00017C50100130545A9E1BB9767FF1F83C741
:10DB0000B730B1EF1767FF1F0357072F854763F83B
:10DB1000E7049766FF1F83C686211D476381E604DD
:10DB2000411117C50100130565A806C61767FF1F39
:10DB30002314F72CEFD0706685471767FF1FA305E6
:10DB4000F72CB7070400B24003A387051765FF1F32
:10DB50000345451C21469305002041010283828034
:10DB60006D151375F50F11479767FF1F938787A9E9
:10DB7000636BA70097C60100938686850A053695D4
:10DB800018413697028788438280C843828088473D
:10DB90008280C8478280884B8280C84B828097975A
:10DBA000FF1F83C757EE93F7D70F15476382E7042C
:10DBB0009765FF1F83C565248505411193F5F50F12
:10DBC00017C50100130505A09767FF1F2387B7221C
:10DBD00006C6EFD0905C1767FF1F034707228D47EB
:10DBE00063FDE700B2408145054541016FE06FFAF2
:10DBF0009767FF1F238307208280B2404101828004
:10DC000079719397050126D206D622D44AD0C187CE
:10DC1000AE8463D6070AB7070400FC571765FF1FD9
:10DC20000345450F82972A8431C9834705001307AE
:10DC3000000B6383E7061307000D639CE70283472D
:10DC400025004547638FE70265476394E702034871
:10DC5000A50083479500034785008346750003466A
:10DC600065008345550017C5010013052581EFD0D8
:10DC7000D052B7070400BC57228582972165258DB5
:10DC8000E1A0034665008345750017C50100130533
:10DC9000E581EFD09050F1BF034745009307F007AF
:10DCA000E319F7FC8355850017C501001305C581ED
:10DCB0009767FF1FA38DB706EFD0304E5DBF93F778
:10DCC0000520638307189767FF1F83C7F713FD17A6
:10DCD00093F7F70F11476367F70617B701001307AC
:10DCE00067708A07BA979C43BA978287854517B5AC
:10DCF00001001305A57EEFD0504A1767FF1F0347A9
:10DD000007039D476318F7049767FF1F238F070ECC
:10DD1000B707040083A7C7171765FF1F0355450EF4
:10DD2000829789471767FF1FA300F70EB707040004
:10DD3000BC4F13064006930500201765FF1F0345DF
:10DD400065FD829713C50420B250225492540259A3
:10DD5000456182808D47F9B7894517B501001305E4
:10DD6000E577EFD090439766FF1F83C646FC2147B7
:10DD70008947E389E6FA8D4775B78D4517B50100E8
:10DD80001305C575EFD07041370404009767FF1F76
:10DD9000238D07062306010083274417700085455D
:10DDA00013055030829791471767FF1FA30EF704A2
:10DDB0003C4C41B7914517B5010013052572EFD0D2
:10DDC000D03D9767FF1F83C74704B337F000910723
:10DDD00091BF954517B5010013054570EFD0F03B95
:10DDE0009795FF1F83D5258917B501001305057089
:10DDF000370404009767FF1F23890700EFD0F0392D
:10DE0000832744159795FF1F83D5E5860D45829797
:10DE1000832744159795FF1F83D5E5851145829784
:10DE200085472306F10083274417700085451305B5
:10DE3000503082979767FF1FA38807FC89471767B1
:10DE4000FF1F231BF7FAFDBD056913040980B3F713
:10DE5000850095CF0545EF70301117B5010013050A
:10DE6000E56AEFD09033A1659306002001469385C3
:10DE700005E025459750FF1FE780A0140545814523
:10DE8000EFE02FD133C584004205418175BD9397E2
:10DE9000350163DB07141797FF1F0347D7BE9D4764
:10DEA0006312F7129767FF1F83C7C7F485071767C9
:10DEB000FF1F2301F7F41767FF1F0347A7F39947D5
:10DEC00063F5E70217B501001305C5659767FF1FE6
:10DED000238207F2EFD0702CB707040083A7C7177F
:10DEE0001765FF1F0355C5F182979795FF1F83D5CF
:10DEF000C5B917B5010013052564EFD0102A979511
:10DF0000FF1F83C565B817B501001305E563EFD0A2
:10DF1000D0281795FF1F034515B7EFF07FC4AA85DA
:10DF200017D5010013050505EFD03027EFF03FC7E7
:10DF30001797FF1F034737B595476318F70497678F
:10DF4000FF1F83D747EB85071767FF1F2315F7EAE6
:10DF5000EFE0404211C585471767FF1F231DF7E813
:10DF60009767FF1F83D727E91307002D6371F70613
:10DF70009787FF1F83C7D76489EB81450545EFE08D
:10DF80004FC19767FF1F239807E69797FF1F83C727
:10DF900027B099CB850793F7F70F45476361F704DF
:10DFA0001797FF1F2306F7AEB7070400BC4F116693
:10DFB000130606E885651765FF1F0345A5D58297FB
:10DFC000056575B99767FF1F238607E239BF1307F9
:10DFD000400BB3F7E702D5FBEFF03FB27DB7979761
:10DFE000FF1F238707AAC9B793F70540C5C3179733
:10DFF000FF1F034757A999476315F7089765FF1F48
:10E0000083C585E017B5010013058555EFD0F018DD
:10E010009767FF1F83C747DF850793F7F70F1767DA
:10E02000FF1F2303F7DE15476385E7002947639148
:10E03000E70285472306F100B707040083A74717C7
:10E040007000854513055030829713C50440EDB923
:10E050003947637BF700814505459767FF1F238597
:10E0600007DAEFE00FB3D5B7B7070400BC4F1306CC
:10E07000803E930500401765FF1F0345A5C98297A1
:10E08000E9B79767FF1F238107D8C1B793F715003A
:10E090008DC7B707040083A7471A1756FF1F13063B
:10E0A000A6559765FF1F938565EC1765FF1F034510
:10E0B00065C6829713C5140041B993F7250085CF33
:10E0C000B7070400BC4F1306006489451765FF1F9E
:10E0D000034545C48297930780F802C66800D1457E
:10E0E00002C802CA02CC02CE2306F100EFF06FA9EB
:10E0F00013C5240091B993F7850085CBB7070400B9
:10E1000003A8871A130780259767FF1F83C787C057
:10E11000814613066009930540061765FF1F0355E6
:10E1200025CE029813C5840005B193F7450001453B
:10E13000E38C07C037040400832704181765FF1F0A
:10E14000035505CC82973C4C130609C891451765C9
:10E15000FF1F034525BC829713C54400F5B697679A
:10E16000FF1FA38CA7C88280411106C622C4EFE01E
:10E170006FAF1764FF1F1304E4E0EFE0CFAF228618
:10E1800091469D652D459750FF1FE78080E39306DC
:10E19000001001469D6525459750FF1FE78060E20E
:10E1A0008D4722869D65914629452300F4009750AE
:10E1B000FF1FE78000E12244B24081450145410153
:10E1C0006FE02F9D011106CE22CC01C98947630F54
:10E1D000F546F240624405618280D1462E8763F3A2
:10E1E000C6005146B7070400FC471754FF1F13042D
:10E1F000E4424206BA854182228582978347040021
:10E2000013070002FD1793F7F70FE364F7FC17B746
:10E2100001001307671E8A07BA979C43BA97828743
:10E220001756FF1F1306863FD1450145EF50EFC437
:10E230009767FF1F238007BC9767FF1F83C7F7BB44
:10E24000C9FB1757FF1F0347773D9787FF1F83C7FA
:10E25000273715CBBDFF85471767FF1FA301F7AC15
:10E260001787FF1F0347D73511EB814551451787A6
:10E27000FF1F2307F734EFC04FACA1BF1787FF1F65
:10E280002300F734B9B70547E395E7F49767FF1F15
:10E29000A38707A89787FF1F238407321DBF175640
:10E2A000FF1F1306A637D1450145EF500FBD9767F5
:10E2B000FF1F238107B49757FF1F83C737360545D4
:10E2C00091E30145EFE0300F29B71756FF1F130602
:10E2D000E634D1450145EF504FBA9767FF1F238BB6
:10E2E00007B09757FF1F83C77733054591E3014573
:10E2F000EFE0F007F9BD9767FF1F83C717B0A9EBE1
:10E300001787FF1F0347B778BD4763E0E706A1679C
:10E31000A507B3D7E700858BA9CB85471757FF1F04
:10E32000A30EF72E1787FF1FA303F7761787FF1F8C
:10E330000347072985476314F700EFA0AFF79787D6
:10E34000FF1F83C7F72789E781455145EFC0EF9E3F
:10E350001756FF1F1306862CD1450145EF50EFB12C
:10E360009767FF1F238807A8ADB5BD471757FF1F45
:10E37000A306F72AF1BF9767FF1F83C717A8E9FB1A
:10E38000494681451755FF1F13056529EF406F86E4
:10E39000C5471757FF1F2303F7289787FF1F83C71A
:10E3A000176F1757FF1FA30BF7260D47E392E7FAE6
:10E3B0009787FF1F9387871783C757561757FF1FE6
:10E3C000230FF72471B79767FF1F83C717A3C9F3FC
:10E3D0009757FF1F83C797241757FF1F2322072430
:10E3E0001757FF1F232C07221757FF1F232C072225
:10E3F0001757FF1F232A07221757FF1F232807221B
:10E4000049479756FF1F238BE6209786FF1F83C639
:10E4100036681787FF1F13076711E3EBF6F28DDBF2
:10E420009756FF1FA38CF61E9386F7FF9387B70AB4
:10E430008E07BA9783C767001756FF1F2301F61E82
:10E4400093973600BA9703C6775636979755FF1FAE
:10E45000A387C51C03C687569755FF1F2382C51C7B
:10E4600003C697569755FF1FA38CC51A03C6A75618
:10E470009755FF1F2387C51A03C6B75683C7C756CC
:10E480009755FF1FA38FC5181756FF1F230CF618AB
:10E490008347675B1757FF1FA306F71855BD97679C
:10E4A000FF1F83C79795E39507EA9757FF1F83C719
:10E4B000F7161757FF1F034787169756FF1F23A10D
:10E4C00006169756FF1F23AB06149756FF1F23AB64
:10E4D00006149756FF1F23A906149756FF1F23A75C
:10E4E0000614CD461756FF1F230AD6129786FF1F24
:10E4F00083C6165A9785FF1F93854503E3EAF6E422
:10E50000E38807E49306F7FF93F6F60F0546E36109
:10E51000D6E49756FF1FA383F6109756FF1F23805C
:10E52000E610FD1793061002B387D702631FC700DA
:10E530009387075C3707040078474146BE95175517
:10E54000FF1F1305D50D029721B59387075DDDB732
:10E550009767FF1F83C7778AE39C07DE494681459B
:10E560001755FF1F1305A50BEF30BFE88547178729
:10E57000FF1F230FF750930740111757FF1F231F4B
:10E58000F708F9B39767FF1F83C73787E39207DC64
:10E590009757FF1F23A407089757FF1F23A20708B9
:10E5A0009757FF1F23A007089757FF1F23AE0706A3
:10E5B0009757FF1F23AC0706D5471757FF1F230F99
:10E5C000F7049787FF1F2385074C59B31756FF1F82
:10E5D0001306C604D1450145EF502F8A81450145F8
:10E5E0009767FF1F23880780EFD0BFDADDB6394673
:10E5F00081451755FF1F1305C502EF309FDF9307B5
:10E6000010021757FF1F230BF7009787FF1F9387F1
:10E61000E7F103C747019756FF1FA381E60003C731
:10E6200057019756FF1F238CE6FE03C7670183D768
:10E63000E7019756FF1FA384E6FE13978700A18387
:10E64000D98F1757FF1F231DF7FC19B3B707040015
:10E65000FC476800829717B501001305A50EEFD09F
:10E66000C03317B501001305A50FEFD00033EFF04D
:10E67000BFAF85B61757FF1F1307277B83570700C8
:10E680008356070013068002BA876364D6006F3092
:10E69000506C835607001306C00F637AD6000357E9
:10E6A00007009306501463E4E6006F20202203D78E
:10E6B00007009306501463FAE60003D70700930699
:10E6C000101563E4E6006F50907003D707009306BF
:10E6D000800263FAE60003D707009306100663E49E
:10E6E000E6006F50601303D707009306B00763FA84
:10E6F000E60003D707009306B00863E4E6006F1056
:10E70000B00A03D707009306E00A63FAE60003D7CE
:10E7100007009306800C63E4E6006F30C06703D700
:10E7200007009306800C63FAE60003D70700930600
:10E73000100D63E4E6006F40906303D70700930673
:10E74000800E63FAE60003D707009306400F63E4E8
:10E75000E6006F30801503D707009306400F63FA79
:10E76000E60083D707001307C00F6364F7006F400C
:10E77000103482809757FF1F23AEA7689757FF1F5B
:10E7800023880768B707040003A387052146894546
:10E790001755FF1F0345C55902833971939705012A
:10E7A00022DC06DE26DA4AD84ED652D456D25AD0C9
:10E7B0005ECEC1872E8463DA0702B7040400FC54DE
:10E7C0001755FF1F0345C556829719C1BC54829740
:10E7D0002165218DF2506254D2544259B259225AC5
:10E7E000925A025BF24B2161828093F7150063819C
:10E7F000071A85472317F1009754FF1F938424615C
:10E800009769FF1F93898905175AFF1F130A8A60AA
:10E81000854A1759FF1F1309E977354BA94B01A208
:10E820008355E1002685EF40CFFB9757FF1F83C735
:10E83000C75E91C78355E1002685EFD0A03F03272F
:10E840000A0083479700E1EF9757FF1F83C7F75BE5
:10E85000F5E31443E9C603D6C6009757FF1F83C7E5
:10E86000075B55CA944683860600639AF60A854775
:10E870009756FF1FA38BF6589757FF1F23980758EB
:10E880009757FF1F238C07589755FF1F83D50558AF
:10E89000B307B90083C604008505C205C181238082
:10E8A000D7009757FF1F2393B756B307B9002380AC
:10E8B000070018438356C70063F1B608104B83C6A0
:10E8C000F7FF9757FF1F83C767553305F60003050A
:10E8D00005006397A608850793F7F70F9756FF1F64
:10E8E000238EF65283564701E399F6F29757FF1F9E
:10E8F000238607521C4F99C71757FF1FA3090750BC
:10E900004A8582979757FF1F239207509757FF1FFB
:10E91000A38D074E19B763846701E39A77F5130651
:10E92000E100A6854E85EF502FFAE30B05EE134567
:10E9300014004DB5E39557FF81BFE38006EE83C613
:10E94000F7FF1C47BE958387F5FFE388F6EC9757E2
:10E95000FF1FA38C074A9757FF1F2399074A75BDCE
:10E960009307E02F6397F5009757FF1F2388074A07
:10E9700051BF830706006398F60085471757FF1FAE
:10E98000230EF74859BD9757FF1F2389074871B5D4
:10E9900093F72500A5C31765FF1F130525ECEF505E
:10E9A0002FE59757FF1FA38507469757FF1FA38E95
:10E9B00007449757FF1F9387E7459C439C4383D5A4
:10E9C00047008843EF404FD985471757FF1FA300E3
:10E9D000F7449757FF1F23910744B7070400BC4F24
:10E9E000214691451755FF1F0345853482971345EE
:10E9F0002400CDB393F74500F5C39757FF1F9387C6
:10EA000037418386070009479757FF1F9387874041
:10EA10009C436355D7021757FF1F231F073E2384CC
:10EA2000D70003C5A70001C937070400384F83D5B5
:10EA3000C700214602971345440069BB6390E60472
:10EA40001757FF1F231A073C1757FF1F0347473C61
:10EA50000507620761871756FF1F230BE63A03C6B7
:10EA60004700E30EC7FAB7070400BC4F21468945AB
:10EA70001755FF1F0345C52B829775BF1757FF1FFB
:10EA8000035787390507420741879756FF1F23958C
:10EA9000E63883D6670063DDE6021757FF1F231DA4
:10EAA00007361757FF1F0347A73605076207618719
:10EAB0009756FF1F238EE63483C64700E345D7FAF7
:10EAC0001757FF1F2306073405472384E70091BF2C
:10EAD000B7070400BC4F4146914559BF93F78500E5
:10EAE0000145E38907CEEFF0FFB813458400DDB19F
:10EAF0009757FF1F83C777328DCB9757FF1F83C769
:10EB0000173185C7B7070400BC4F411106C60D4633
:10EB100085451755FF1F0345A5218297B24097579A
:10EB2000FF1FA38C072E4101828082808D471757DB
:10EB3000FF1FA30FF72C8280411106C6EFD0800F74
:10EB4000B2408D471757FF1FA304F72C4101828065
:10EB50006FF09FFE6FF05FFE6FF01FFE411122C449
:10EB600026C206C62A84AE84EFD0C00CB2409757A6
:10EB7000FF1F23A9972A9757FF1F23A3872A224401
:10EB80008D471757FF1FA305F72892444101828044
:10EB9000411122C406C62A84EFD0C009830764004D
:10EBA00013071003639BE700C947B240224417577D
:10EBB000FF1FA30FF7244101828013070003639412
:10EBC000E700C547DDB7130740036394E700CD476F
:10EBD000E9BF8947D9BF411106C622C42A84EFD0B4
:10EBE0006005228597B5010093850503EF50D10B91
:10EBF000B24022441335150015059757FF1FA3890E
:10EC0000A72041018280411122C406C62A84EFD088
:10EC1000600297B50100938525E72285EF50D10862
:10EC200011C58D471757FF1FA304F71EB24022449A
:10EC300041018280411122C406C62A84EFC0907F20
:10EC400097B50100938545D82285EF50F10511E570
:10EC50008D471757FF1FA30DF71AB24022444101F9
:10EC60008280411122C406C62A84EFC0B07C97B5C9
:10EC700001009385A5E62285EF50110311C58D474C
:10EC80001757FF1FA306F718B240224441018280A4
:10EC9000411106C622C426C22A84EFC0B07997B5B6
:10ECA00001009385A5EC2285EF501100894711CD15
:10ECB000930435002A849795010093852540268585
:10ECC000EF50817E63EFA4028D47B2402244175774
:10ECD000FF1FA30FF712924441018280B387D7022E
:10ECE0003306E4000306460005071377F70F938702
:10ECF00007FDB297E344A7FE1787FF1F232CF79069
:10ED0000E1B7018D814701477115A946E5B741116A
:10ED100097B50100938505F106C622C4EF50C1786E
:10ED200097950100938585392A84EF50E177130583
:10ED3000E5FD63118504B7070400FC4713060002D4
:10ED4000930524001785FF1F130545858297978536
:10ED5000FF1F9385A58417B501001305E5F3978779
:10ED6000FF1F238D0784EFC050438D471757FF1FA8
:10ED7000A300F70AB240224441018280411126C219
:10ED8000AA8417B50100130565DD22C406C62E84CA
:10ED9000EFC0B040B94763F687024914A104975702
:10EDA000FF1F23A187089757FF1F23AB97068D47A7
:10EDB000B24022441757FF1FA30CF70492444101AD
:10EDC00082808947F5B7011106CE22CC2A84EFC094
:10EDD000706697B501009385E5182285EF50C16CE8
:10EDE000A307010021C51305F100EF60B03C834586
:10EDF000F10017B5010013052517EFC0103A0347BE
:10EE0000F100A5476308F70263F4E700A3070100D8
:10EE10008347F1001305F1008507A307F100EF60B8
:10EE2000503D89471757FF1FA304F7FEF240624485
:10EE3000056182808D47FDB7011197B5010093856B
:10EE400025DE4EC652C406CE22CC26CA4AC856C2B9
:10EE5000AA89EF50616597B501009385E5DC2A8AA0
:10EE6000EF5081646373AA0497B50100938545DC74
:10EE7000AA84EF5061632A8463F9A4029795010084
:10EE80009385C523EF5041622A896370A4023387BA
:10EE90004441A54763DBE7003307944063C0E702C2
:10EEA00089471757FF1FA305F7F6F2406244D24483
:10EEB0004249B249224A924A05618280330785401D
:10EEC000E3D0E7FE93056A00B70A0400338AB44032
:10EED00083A7CA047D1A52861775FF1F1305A567FD
:10EEE000829793857400B304B44083A7CA04FD14C9
:10EEF00026861775FF1F13058568829793056400A2
:10EF000083A7CA043309B9404A861775FF1F130542
:10EF1000C56582971774FF1F13044461A29497B5C7
:10EF20000100938565D1229A22994E852389040494
:10EF300023050A02230F0902EF500157AA84930503
:10EF4000F0050905EF40517CB30695409777FF1F08
:10EF5000239D075E0147F91629466347D70A9305A3
:10EF6000F0050505EF40517A97B50100938505CD71
:10EF7000AA84EF506153B7070400BC472A8429468E
:10EF800081451775FF1F1305655C8297058C177700
:10EF9000FF1F1307A75981477D14050763CD870815
:10EFA0009775FF1F9385855A17B50100130545C94D
:10EFB000EFC0B01E9775FF1F83D5255917B5010007
:10EFC0001305C5C8EFC0701D9775FF1F9385A55821
:10EFD00017B50100130545C8EFC0301C9775FF1F1A
:10EFE0009385E55917B501001305C5C7EFC0F01AA1
:10EFF0009775FF1F9385655717B50100130545C722
:10F00000EFC0B0198D4771BD8357E401B387C702C4
:10F01000C207C1839775FF1F2399F552B385E4009A
:10F0200083852500938707FD0507AE979775FF1F1A
:10F03000239DF5501DB7B386F4008386160085071F
:10F04000A30FD70099BF411106C622C42A84EFC07E
:10F05000703E97B501009385E5BC2285EF50C14411
:10F060009305C0022A84EF40316A6364A404B2406D
:10F07000224441018280B387D7023306E40003466D
:10F0800026000507938707FDB29793F7F70F1786BA
:10F09000FF1F2307F69EE340A7FED91793F7F70F4C
:10F0A0005547E366F7FC8D471757FF1FA302F7D6B6
:10F0B0007DBF018D014781477915A946E9BF4111FF
:10F0C00022C406C62A84EFC0F036930510032285B9
:10F0D000EF40916311C58D471757FF1FA30AF7D261
:10F0E000B240224441018280411106C622C42A84D2
:10F0F000EFC0503422859305E002EF40F160B2404A
:10F1000022443335A00009059757FF1FA382A7D0DB
:10F1100041018280411106C622C42A84EFC0903189
:10F120009305C0022285EF40315E2A849305C00218
:10F130000505EF40715D930724006391A702030763
:10F14000140093071003631BF7008D47B24022445D
:10F150001757FF1FA30EF7CA410182808947FDB7E9
:10F1600041119305A00306C622C4EF40F1592A8439
:10F1700097950100938585F40905EF50E1328947A1
:10F1800005C1018D9757FF1F23AE07C801477915A9
:10F190001756FF1F130606C9A945634BA7008D47E5
:10F1A000B24022441757FF1FA304F7C641018280D3
:10F1B0001C42B387F5029756FF1F23A5F6C6B30678
:10F1C000E40083862600938707FD0507B6979756C8
:10F1D000FF1F23A9F6C4D1B7397126DA4AD8AA8409
:10F1E0002E8917950100130565ED8D4522DC4ED65D
:10F1F00006DE52D456D25AD05ECE62CC66CA6AC8F7
:10F200006EC60144EFC0102397990100938949C34A
:10F21000636324058D4517950100130525EAEFC0AA
:10F2200070219305C0022685EF40114E2A8915C131
:10F230009305C0020505EF40314DAA84637BA90008
:10F2400097950100938585E70505EF50E12563E279
:10F25000A40C894755A8B387840083C507004E8551
:10F260000504EFC080736DB73304D4023306F90090
:10F27000030616008507130404FD329442044180FE
:10F28000E3C4E7FEB30695409777FF1F239C077EF4
:10F290000147FD161776FF1F13064629A94563414E
:10F2A000D708030745009307B0026313F70203076B
:10F2B000550093073004631DF70003070501B547A8
:10F2C0006318F70003071501A9476313F700410509
:10F2D000F954930D25008149014A898C1759FF1F64
:10F2E00013094914894B914A175BFF1F130B6BB429
:10F2F000130CE00E930CA00A054DB387B40163C84C
:10F300008704630F0A188D471757FF1FA302F7B032
:10F3100051AA33872441814701447D17A9468DB7FF
:10F3200083578655B387B702C207C1831778FF1F7B
:10F33000231AF8743388E40003081800938707FD44
:10F340000507C2971778FF1F231EF87289BF9757CA
:10F35000FF1F83C737AEC9E303870D009307400241
:10F36000631EF70685471757FF1FA305F7AC97578E
:10F37000FF1F238107AC91471757FF1F231BF7AAD5
:10F380009757FF1F83C707AB83C60D003307F900EC
:10F39000850793F7F70F2300D7001757FF1F230B9D
:10F3A000F7A83307F90023000700639B770317577B
:10F3B000FF1F034737079307A0036301F70297571F
:10F3C000FF1FA38907A69757FF1F238507A69757F7
:10F3D000FF1F239007A619A0E384A7FB850D31BF6B
:10F3E00063915707B7070400FC4709469755FF1F6D
:10F3F000938565035A85829783570B009D07C20743
:10F40000C1831757FF1F2316F7A213076003E38773
:10F41000E7FC7947E384E7FCA94517B5010013052C
:10F4200065B99757FF1FA38707A09757FF1F23832F
:10F4300007A09757FF1F239E079E8549EFC0807F37
:10F4400071BF93950701C1819756FF1F83D6669EB2
:10F4500063FDFA02639BD5028347E7FFE39087F9D8
:10F460008347F7FFE39C97F74A85EF80EFD9054A7A
:10F470009757FF1F2380079C9757FF1FA38C079A5E
:10F480009757FF1F2397079A91BFE3F9B6F4975751
:10F49000FF1F2381079A9757FF1FA38D079805BF6A
:10F4A000E39309E6F2506254D2544259B259225AB7
:10F4B000925A025BF24B624CD24C424DB24D2161EA
:10F4C000828079719305A00306D622D426D24AD031
:10F4D0004ECE52CC5AC856CA2A8B5EC6EF40D122B5
:10F4E0002A8A9305C0025A85EF40112293075A00D9
:10F4F00081448149014901446314F50803042A0049
:10F50000930740062947130404FD3304F4028307DC
:10F510004A00AA8B9305C002938707FD13056A0072
:10F52000210A3E948307BAFF938707FDB387E7025A
:10F530003E944204EF40511D41806313AA04838925
:10F540001B00A9471D46938909FDB389F90283C7AA
:10F550002B0097D501009385E5025A85938707FD17
:10F56000BE99EFC0606D930B15002A8B9305C00206
:10F570005E85EF40711993F9F90F2A8A63E6AB04AF
:10F5800089471757FF1FA305F7886DA8B38ADA02CA
:10F590003306FB0003061600850793F7F70F938ADF
:10F5A0000AFDB29AE3C4E7FE130B1A009305C002EA
:10F5B0005A85EF407115E375ABFC330745410149AE
:10F5C00081477D17A9463DA033076541814A8147A0
:10F5D0007D17A946C1BF3309D9023306FA000306D5
:10F5E0001600850793F7F70F130909FD32994209B1
:10F5F00013590901E3C1E7FE9305C0020505EF4079
:10F60000B110130B15002A8A9305C0025A85EF40EA
:10F61000B10FE377ABF633054541814481477D1552
:10F62000294739A8B384E402B306FA00838616009A
:10F63000850793F7F70F938404FDB694C204C18045
:10F64000E3C2A7FE9747FF1F9387977C03870700B6
:10F6500089476306F70A9777FF1F239F875E97778F
:10F66000FF1F238E375F9777FF1F23A5575F97777D
:10F67000FF1F2395275F9777FF1F2390975E8D4786
:10F68000A28517A50100130525191747FF1FA30120
:10F69000F778EFC080309775FF1F83C5455C17A5CD
:10F6A000010013052518EFC0402F9777FF1F9387A0
:10F6B000E7E783A5877217A5010013056517EFC05B
:10F6C000C02D9775FF1F83D5655917A50100130538
:10F6D000A516EFC0802C2254B25092540259F24920
:10F6E000624AD24A424BB24B9775FF1F83D5E5560B
:10F6F00017A501001305051545616FC0002AB2501A
:10F70000225492540259F249624AD24A424BB24BB5
:10F7100045618280411106C622C42A84EFC080510F
:10F7200097B50100938505872285EF40F1579147F2
:10F7300011E997A50100938525352285EF40D15623
:10F7400011C58D471747FF1FA304F76CB240224431
:10F750004101828041118D471747FF1FA30AF76AB5
:10F7600006C622C42A84EFC0E04C97A50100938509
:10F7700025552285EF405153B54705ED97A501006A
:10F78000938545542285EF403152BD471DE197A531
:10F790000100938565532285EF401151C14711E95E
:10F7A00097A501009385C5522285EF40F14F11C501
:10F7B000B9471747FF1FA30DF764B2402244410128
:10F7C0008280411122C406C62A84EFC0A04697A5B4
:10F7D00001009385E5322285EF40114D11C98D4717
:10F7E0001747FF1FA306F762B240224441018280FF
:10F7F00097A50100938505312285EF40F14A65F117
:10F80000E5B7411106C622C426C22A84EFC0804251
:10F810008D4497A501009385651D22859747FF1F9D
:10F82000A388975EEF40514891476315051097A54F
:10F8300001009385651C2285EF401147B947631B82
:10F84000050E97A501009385E51B2285EF40D14564
:10F85000AD476311050E97A501009385651B2285B1
:10F86000EF409144B14779E597A501009385451B89
:10F870002285EF40714311C99777FF1F238907CA7B
:10F88000B240224492444101828097A501009385B1
:10F89000E5192285EF405141B54749ED97A5010093
:10F8A000938585192285EF403140854741E597A52D
:10F8B0000100938525192285EF40113F89473DE9D5
:10F8C00097A501009385C5182285EF40F13D11C52C
:10F8D0009777FF1F238D97C465B797A50100938580
:10F8E000E5172285EF40513C954729E597A5010092
:10F8F0009385C5172285EF40313B9D4705ED97A5C0
:10F9000001009385E5172285EF40113AA1471DE1DB
:10F9100097A50100938585172285EF40F138A5470B
:10F9200011E997A50100938525172285EF40D1376E
:10F9300021D9A9471777FF1F230BF7BE91B74111B4
:10F9400006C622C42A84EFC0E02E97A50100938545
:10F95000A5132285EF4051358D4719E997A5010080
:10F96000938585062285EF403134B14711E18947FF
:10F97000B24022441747FF1FA30CF7484101828081
:10F98000411122C406C62A84EFC0C02A97A50100EF
:10F990009385850F2285EF40313111C98D47174777
:10F9A000FF1FA307F746B24022444101828097A57A
:10F9B00001009385A5052285EF40112F65F197A5DC
:10F9C00001009385A5FA2285EF40112E69DD894754
:10F9D000F9B7411106C622C426C2AA84EFC0802509
:10F9E00097A50100938505472685EF40F12B31440B
:10F9F000A947636DA40097A5010093852546268538
:10FA0000EF40912AAD476363A4008D47B240224482
:10FA10001747FF1FA30EF73E924441018280411118
:10FA200006C622C426C2AA84EFC0C02097A5010042
:10FA3000938545422685EF4031273144A9476366C7
:10FA4000A40297A50100938565412685EF40D12545
:10FA5000AD47636CA40097A501009385A53C26855E
:10FA6000EF409124637CA4008D471747FF1FA3013B
:10FA7000F73AB240224492444101828097A50100A6
:10FA80009385853A2685EF403122E36FA4FC97A544
:10FA900001009385E5392685EF401121E37BA4FC25
:10FAA000E1B7411106C622C42A84EFC0A01893050D
:10FAB000C0022285EF40414597850100938505608E
:10FAC0002A84EF40711E637FA404018D9777FF1F86
:10FAD000239A07FA01477D15A9469777FF1F83D719
:10FAE00067FA634CA70091C78D471747FF1FA30113
:10FAF000F732B240224441018280B387D702C20765
:10FB0000C1831776FF1F231FF6F63306E4000306B2
:10FB10001600938707FD0507B2971776FF1F23137B
:10FB2000F6F665BF8947D1B75D7186C6A2C4A6C285
:10FB30002A84CAC04EDE52DC56DA5AD85ED662D467
:10FB400066D26AD06ECEEFC0FF9197A50100938573
:10FB5000650D2285EF405115AA8497850100938594
:10FB6000E5552285EF40511493873400631CF50658
:10FB700083C72400938707FD1777FF1FA30AF7F0B9
:10FB80009775FF1F83C5D5F017A5010013058532B2
:10FB9000EFB0B0601777FF1F034797EFA947977C37
:10FBA000FF1F938CAC9863F6E7001777FF1FA30144
:10FBB000F7EE814497AA0100938A0A3117AB01003E
:10FBC000130BCB30894B130C000293099003130ADB
:10FBD00000069777FF1F83C7B7EB63EAF40485C776
:10FBE0008D471DA093874400631FF5008387240081
:10FBF0002947938707FDB387E70203C7340013073C
:10FC000007FDBA9795BF8947B64026441747FF1F9F
:10FC1000A300F72096440649F259625AD25A425B31
:10FC2000B25B225C925C025DF24D61618280EFC04A
:10FC30007F83D6852285EF403107130D3500DA85A5
:10FC40006A85EF4071062A846369A51BB30DA5413F
:10FC50006345BC1B130910023389240303074501C4
:10FC6000930720021309095C66996312F70AB70724
:10FC70000400B8471306100281454A85029763794C
:10FC80008D00B7070400FC476E86EA854A85829797
:10FC900013973400B386EC001306340013055401A7
:10FCA000238306568307060063CAF90E920723834F
:10FCB000F65683C7665693F5070F2383B656830718
:10FCC000160063C2F90E938707FDCD8F2383F65686
:10FCD0000D068506E316A6FC830664019307D00291
:10FCE0006392F610830694019307C0026392F60CA8
:10FCF00083077401D9566697938707FDB387D702A8
:10FD000083468401958F938707032306F756B70729
:10FD10000400FC434A851304340282971375F50FDF
:10FD2000FD4763E5A70CB3879C00238BA75A930775
:10FD30001002B387F402E6972380075E914763EBD6
:10FD4000970493963400E6968387C6561386C40AB2
:10FD50000E063EC0669683C7965683C8B65603C83D
:10FD6000A65603C786560346660083C67656938515
:10FD7000140017A501001305A515EFB01042B387B5
:10FD80009C0083C5675B4A8617A50100130505170C
:10FD9000EFB0B040850493F4F40F25BDE35BFAF0B7
:10FDA000938797FA21B7E355FAF2938797FA31BF11
:10FDB0000306A4016318F60293070003958F8306D8
:10FDC0007401130640066697938606FDB386C60245
:10FDD0002946958F83068401938606FDB386C60265
:10FDE000958F25B766979307E0FC05B7B3879C000E
:10FDF00013070002238BE75A1DBF9777FF1FA389C4
:10FE000007C89747FF1FA385770169B78D47174735
:10FE1000FF1FA30FF7FE82808D471747FF1FA3091F
:10FE2000F7FE82808D471747FF1FA303F7FE8280EE
:10FE30008D471747FF1FA30DF7FC82808D4717479B
:10FE4000FF1FA307F7FC82808D471747FF1FA30101
:10FE5000F7FC82808D471747FF1FA30BF7FA8280BC
:10FE60008D471747FF1FA305F7FA82808D47174775
:10FE7000FF1FA30FF7F882808D471747FF1FA309C5
:10FE8000F7F882808D471747FF1FA303F7F882809A
:10FE90008D471747FF1FA30DF7F682808D47174741
:10FEA000FF1FA307F7F682808D471747FF1FA301A7
:10FEB000F7F682808D471747FF1FA30BF7F4828068
:10FEC0008D471747FF1FA305F7F482808D4717471B
:10FED000FF1FA30FF7F282808D471747FF1FA3096B
:10FEE000F7F282808D471747FF1FA303F7F2828046
:10FEF0008D471747FF1FA30DF7F082808D471747E7
:10FF0000FF1FA307F7F082808D471747FF1FA3014C
:10FF1000F7F082808D471747FF1FA30BF7EE828013
:10FF2000411106C622C42A84EFB0D05097A5010023
:10FF3000938585B52285EF4021578D4711E997A517
:10FF400001009385A5A22285EF40015611C589477E
:10FF50001747FF1FA30EF7EAB240224441018280F7
:10FF60009307C00741111747FF1F2310F7EC854780
:10FF70001747FF1F231CF7EA06C69747FF1F238C6E
:10FF8000A7EA89C59747FF1F23AEB7EAB707040062
:10FF9000BC4F2146A1451745FF1F034565D98297F0
:10FFA000B2400545410182809747FF1F83D7E7E7AD
:10FFB000938747F8C207C1833D47636DF73617A79C
:10FFC00001001307677A8A07BA979C43411106C656
:10FFD00022C4BA9782879777FF1F83C767AB99C7F9
:10FFE00089471747FF1F2313F7E411AC9307D00786
:10FFF0001747FF1F231BF7E26DACE54517A501006E
:020000021000EC
:100000001305857AEFB010439307E0071747FF1FEA
:10001000231DF7E097A701009387C7AC1747FF1F81
:10002000232AF73E930780021747FF1F2306F73E58
:100030009747FF1F9387C7CF83C707001747FF1F47
:10004000230FF73CA1471747FF1F231BF73C9307DC
:10005000200369A01747FF1F0347473C8D47631FD5
:10006000F70A9747FF1F83C707DD93F6D70F0547AA
:100070006395E6009307F007A5BF0947639BE72256
:1000800093075008B5B79305500217A50100130553
:100090006573EFB0303A930700081747FF1F231628
:1000A000F7D897A70100938727DF1747FF1F232360
:1000B000F736A9471747FF1F2300F7369747FF1F5B
:1000C000938707C783C707001747FF1F2309F73424
:1000D000A1471747FF1F2315F734D1472244B240E9
:1000E0001747FF1F231BF7329747FF1F239807323D
:1000F0001745FF1F1305053241016FE0AFE71747B2
:10010000FF1F0347A7318D476315F70093071008BA
:10011000C5B595471767FF1F230AF7409147D1B52B
:100120009305100217A501001305456CEFB0903040
:10013000930720081747FF1F2319F7CE97A7010041
:100140009387C7D31747FF1F2326F72C95479DB7E3
:100150001747FF1F0347872C8D47E311F7FC9307D1
:10016000300879B59305000217A501001305456A0B
:10017000EFB0502C930740081747FF1F2317F7CA0B
:10018000EFC04FAE97A70100938787CD1747FF1F9A
:100190002322F72885471747FF1F230FF726974786
:1001A000FF1F9387E7B883C707001747FF1F230880
:1001B000F726A1471747FF1F2314F7269307803E12
:1001C00031BF9747FF1F83C767250D44639C870096
:1001D0001747FF1F034727C6E304F7EA8547E31FD6
:1001E000F7F2FDBB0947639FE70091471747FF1FE1
:1001F000231EF7C295471767FF1F2309F73293079E
:10020000B008FDB39305100217A501001305456260
:10021000EFB050229777FF1FA38C07869307000249
:100220001747FF1F2314F7C09747FF1F83C7A7C0B7
:10023000E39787FCB1B59305100217A501001305DC
:1002400065619777FF1F239D07A0EFB0B01E93074E
:1002500060081747FF1F231AF7BC97970100938781
:10026000E7591747FF1F2327F71AD14775BB1747D1
:10027000FF1F0347A71A8D47E312F7EA8547177751
:10028000FF1F230FF79C930770089DB3930510027F
:1002900017A501001305455EEFB0D019930780083C
:1002A0001747FF1F2313F7B88D471747FF1F230773
:1002B000F7162244B7070400B24003A38705174589
:1002C000FF1F0345E5A62146A1454101028397464C
:1002D000FF1F83C6A6148D47E392F6E49747FF1FDE
:1002E00083C767B50947E38EE7CEE399D7E297471F
:1002F000FF1F239DE7B221B7F54517A501001305A0
:10030000E559EFB030139747FF1F9387A7B39C437E
:1003100091C71745FF1F035565B182979747FF1F88
:1003200023A207B29747FF1F239207B0B24022448F
:10033000410182808280397122DC06DE26DA4AD8C9
:100340004ED652D456D25AD05ECE62CC93074002DB
:100350002300F5009307A003A300F50091472302B3
:10036000F500231301001777FF1F034757902A84D6
:10037000AD4711C3B547A302F4009767FF1F83C7BA
:10038000571C2303F4009767FF1F83C7A71BA30312
:10039000F4009767FF1F83C7F71A2304F4009767D9
:1003A000FF1F83C7471AA304F4009767FF1F83C783
:1003B00097192305F4009767FF1F83C7E718A30564
:1003C000F4001765FF1F13054521EFD0A05B976967
:1003D000FF1F9389A91583C7E90A854693870703F9
:1003E0002306F40083D7090BA306F40083D7290B57
:1003F0002307F40083D7490BA307F40083D7690BC5
:100400002308F40083D7890BA308F4009767FF1F24
:1004100083C7F71E2309F4001777FF1F034747849C
:100420009307F7FF93B71700A309F400D1476318A8
:10043000D710B7040400FC4411469775FF1F93853D
:100440006581130544018297FC4409469775FF1F97
:100450009385858013058401829783C7190423053A
:10046000010097A401009384E4452304F10083C7AD
:10047000290417A9010013090946A304F10009463C
:10048000A6852800EF30513F630005288D04E3184E
:1004900099FE97A401009384E44417A9010013096D
:1004A00029450946A6852800EF30113D630205263F
:1004B0008D04E31899FE97A401009384E44117A9E1
:1004C0000100130929420946A6852800EF30D13AD8
:1004D000630205248D04E31899FE9766FF1F83C607
:1004E0000678A94763F3D70817A601001306063D4F
:1004F0008D4568002316010023070100EF00F16914
:100500006800EF30D111230DA400B7040400FC44AF
:1005100009469765FF1F938545741305B4018297BB
:10052000FC4409469765FF1F938545731305D40165
:10053000829793071002A30F040023000402938400
:1005400017001767FF1F0347B754A2972380E700E0
:10055000A94763F6E7001767FF1FA30BF75201498E
:10056000370C0400930B1002A1A0230DD40071BF1F
:10057000931539008327CC04938565561D46CE9587
:100580008297B3057903B384290103C6645B5A8556
:1005900005092300CA008327CC041379F90F93853A
:1005A000055CCE95829783C4645BD69493F4F40F74
:1005B000138A7400938A8400137AFA0F93FAFA0F5D
:1005C0009767FF1F83C7D74C33059400229A330BDC
:1005D0005401E36FF9F89387140093F7F70F2300A2
:1005E0000500A297238007009387240093F7F70F55
:1005F000A297238007009387340093F7F70FA29701
:10060000238007009387440093F7F70FA297238076
:1006100007009387540093F7F70FA29723800700F2
:100620009387640093F7F70FA297238007009387BF
:10063000940023000A0093F7F70F23000B00A29702
:10064000238007009387A40093F7F70FA2972380D6
:1006500007009387B40093F7F70FA2972380070052
:100660009387C40093F7F70FA2972380070093871F
:10067000D4001389E40093F7F70FA2971379F90FC9
:10068000238007009307C9FF2313F100B707040075
:10069000FC470946930561001305240082978356A1
:1006A00061008147014763E6D7049387F4002299EC
:1006B00093F7F70F2300E900A29739572380E7004B
:1006C0009387040193F7F70F3E949307A0FA230052
:1006D000F400F2506254138514014259D254B259B5
:1006E000225A925A025BF24B624C1375F50F21614C
:1006F00082803306F40003464600850793F7F70F20
:1007000032971377F70F45B78147230DF400F5BBF8
:100710008547E5BFAD47D5BF79714AD02A890145E4
:1007200022D406D626D24ECEEF10905195679387ED
:1007300037951767FF1F2312F7F4231101009767FE
:10074000FF1F83C7A7DE1764FF1F130404F3ADE781
:10075000EFB0504235E10355210011052295EFF02D
:100760009FBD8357210037040400930521003E9567
:100770007C442311A10009461765FF1F130505F0EE
:100780008297835521009307C01E9105C205C18140
:100790002311B10063F9B70217A5010013058527DE
:1007A00093054002EFB000490145B25022549254E3
:1007B0000259F249456182800355210011052295B5
:1007C000EF700F9079BF17A501001305E526EFB074
:1007D000C01C03562100978501009385A5E24800BF
:1007E00002C202C423160100EF0081607C40480071
:1007F0008297AA846352A0087C442D4697A50100E5
:100800009385C5241745FF1F1305C5A882977C440F
:1008100026864C001745FF1F130575A882977C4458
:10082000035621009749FF1F9389C9A61385B40079
:100830009765FF1F938565E44E95829703552100C8
:100840007C4409462D0526954E9597850100938594
:10085000E5868297035521009737FF1F23A037E1D4
:1008600035052695420541819737FF1F239EA75ADC
:100870009737FF1F2396A7DE9737FF1FA38D075AD1
:100880009737FF1F2396075A630609009737FF1F04
:1008900023AA275B85471737FF1F2307F75A85478A
:1008A0001737FF1F2314F7589307D00F1737FF1F71
:1008B000231DF756B7070400BC4F2146A145173545
:1008C000FF1F0345E54682970545C5B59737FF1FCE
:1008D00083D7A755938737F0C207C18313078004D6
:1008E000E36EF76217A70100130787008A07BA971C
:1008F0009C43411122C406C6BA971734FF1F130444
:10090000C4528287F94517A501001305E514EFB01D
:100910006032EFB03F8F9307F00F1737FF1F23169A
:10092000F7501DA3F54517A501001305E514EFB019
:100930006030930700101737FF1F2318F74E979763
:100940000100938727F81747FF1F2325F7AC95472A
:100950001747FF1F2302F7AC9737FF1F9387473DC9
:1009600083C707001747FF1F230BF7AAA1471747A5
:10097000FF1F2317F7AA9307200305AB9747FF1F15
:1009800083C7C7A945476395E7009307101071B760
:1009900049476395E7009307501041B74D47E39CE3
:1009A000E7FEE5B78547F54517A501001305C50E18
:1009B0001737FF1F2301F74EEFB0C0279307201012
:1009C0001737FF1F2313F74697970100938707EC0C
:1009D0001747FF1F2320F7A495471747FF1F230D35
:1009E000F7A29737FF1F9387A73483C707001747DE
:1009F000FF1F2306F7A2A1471747FF1F2312F7A2E5
:100A00009307C0125DA19307301001BF9305200228
:100A100017A501001305450AEFB0C0219307401048
:100A20001737FF1F2313F7409797010093878727F6
:100A300019BF9747FF1F83C7679E3547639CE70031
:100A40001767FF1F034797AE8547E306F7F4930741
:100A50007010E1B53D47E390E7F49767FF1F83C748
:100A6000F7ACF5F70DBF930760101737FF1F231E74
:100A7000F73A1767FF1F034777AB85476313F70202
:100A8000979701009387C7261747FF1F2324F798DE
:100A90009305400217A5010013054504EFB0801926
:100AA0007DB597970100938767261747FF1F23237C
:100AB000F7969305400217A5010013056504F9BFD9
:100AC0001747FF1F034787958D47E302F7F89147C4
:100AD0001737FF1F231CF73491A3F94517A5010011
:100AE00013054504EFB000159307A0101737FF1F3B
:100AF000231DF73297970100938707451747FF1F7C
:100B0000232AF7908D47A9B51747FF1F0347079181
:100B10008D476315F7009307F01001B59307B010E8
:100B2000EDBB9305200217A501001305A501EFB049
:100B300060109307C0101737FF1F2318F72E9797E1
:100B400001009387A73E5DBF1747FF1F0347078D2F
:100B50008D47E31EF7F69307D010C1B3F54517A5EF
:100B6000010013056500EFB0E00C9307E0101737A4
:100B7000FF1F231CF72A9797010093876739BDBF92
:100B80001747FF1F034787898D47E312F7F461B7C3
:100B9000DD4517A50100130525FFEFB0A009930758
:100BA00000111737FF1F2312F7289797010093872B
:100BB00067F31747FF1F232FF7849307C00349BB31
:100BC0001747FF1F034787858D47631EF70093076D
:100BD00010111737FF1F231AF7249737FF1F93872A
:100BE000A72B9C43A9AC9307101105BBED4517A596
:100BF00001001305E5FAEFB0E00393072011173762
:100C0000FF1F2314F722979701009387A7D6FDB5FE
:100C10009307301119B3F14517A50100130505FA23
:100C2000EFB04001930740111737FF1F231FF71E36
:100C3000979701009387C7D91737FF1F232CF77C9D
:100C4000894739B31737FF1F0347477D8D47631A1D
:100C5000F7089767FF1F83C7878D138757FF1377A1
:100C6000F70F854663F3E60081E79307501175B1EE
:100C700021476398E7069307901245B19305100248
:100C800017A50100130545F5EFA0D07A9307601171
:100C90001737FF1F231BF71897970100938707D17A
:100CA000D9AA9737FF1F83C767770D47639DE70072
:100CB0009737FF1F9387471E9C43ED9B1737FF1FF6
:100CC000232CF71C4DBF0947A94517A501001305A3
:100CD00025F66386E70017A50100130525F2EFA0AE
:100CE00070759307701115B9F54517A50100130527
:100CF000A5F1EFA03074930780111737FF1F23165B
:100D0000F712979701009387A7C8CDBB1737FF1F2E
:100D10000347C7708D476315F7009307D011F5BEE1
:100D2000C94517A50100130525F0EFA0B070930782
:100D30009011E5B6E54517A50100130525F0EFA0D4
:100D4000706F9307A0111737FF1F2310F70E9797A7
:100D50000100938727B01737FF1F232DF76A9547A8
:100D60001737FF1F230AF76A9737FF1F938747FC40
:100D700083C707001737FF1F2303F76AA1471737F9
:100D8000FF1F231FF7689307800C05A289471737B9
:100D9000FF1F2302F710B1459307B01117A50100FB
:100DA000130585EB1737FF1F2311F708EFA0906895
:100DB000B707040003A387053166130606B8A145EB
:100DC0001735FF1F0345C5F66F00807A8547E54557
:100DD00017A50100130505E91737FF1F230DF70AB3
:100DE000EFA050659307C011E1BEF94517A50100BA
:100DF000130505E9EFA010649307E0111737FF1FF3
:100E00002315F70297970100938747AF1737FF1F06
:100E10002322F7609307800225BE9737FF1F938731
:100E2000A7071737FF1F0347675F8D469C43631D66
:100E3000D7221307F0119736FF1F2398E6FEF59B84
:100E40001737FF1F232AF704B707040003A38705FA
:100E50002146B5B7DD4517A50100130565E4EFA0F0
:100E6000705D930700121737FF1F2310F7FC979749
:100E70000100938727CB1737FF1F232DF758A9476A
:100E80001737FF1F230AF7589737FF1F938747EA43
:100E900083C707001737FF1F2303F758A1471737EA
:100EA000FF1F231FF756930740062244B24017370F
:100EB000FF1F2314F7569737FF1F23910756173547
:100EC000FF1F1305255541016FD0DF8A9737FF1F9C
:100ED000938787FC9736FF1F83C646540D479C4374
:100EE0006394E61813071012B9B7E14517A501007E
:100EF000130585DCEFA01054930720121737FF1F4E
:100F00002315F7F2979701009387C7A21737FF1FA2
:100F10002322F750A9471737FF1F230FF74E9737A4
:100F2000FF1F9387E7E083C707001735FF1F1305EF
:100F3000654E1737FF1F2304F74EA1471737FF1FD2
:100F40002310F74E930740061737FF1F2317F74C60
:100F50009737FF1F2394074CEFD0DF818547173762
:100F6000FF1F230CF7EAB2402244410182809737E9
:100F7000FF1F238407EA1737FF1F0347274A8D47C0
:100F80006315F70093073012A9B19737FF1F83D776
:100F900027EA85071737FF1F231CF7E8930730124E
:100FA000ADBAFD4517A50100130585D2EFA0904805
:100FB0009307401295B91737FF1F034727468D4700
:100FC000631BF7089757FF1F83C767561147638D49
:100FD000E7069737FF1F83D7A7E5A1C79737FF1FFE
:100FE000938707E583D707008946E3FCF6CE97375A
:100FF000FF1F239E07E29737FF1F239B07E29737C8
:10100000FF1F938767E99C4393E727009736FF1FED
:1010100023A4F6E89737FF1F239AE7E093075014BD
:10102000EDB89737FF1F83D787E08507C207C183D5
:101030009736FF1F239DF6DECD46E3F1F6F6973790
:10104000FF1F239607DE65BF9737FF1F239107DE3B
:1010500093077012BDBE9737FF1F239A07DC97379F
:10106000FF1F938767E39C4393E727001737FF1F12
:101070002324F7E2A9BCF94517A50100130545C7CC
:10108000EFA0503B930760121737FF1F231FF7D8BD
:10109000979701009387C78B89AA1737FF1F0347CC
:1010A000E7378D476313F7029737FF1F238807360B
:1010B000930770121737FF1F2319F7D6B7070400DD
:1010C00003A3870513060064DDB9C94517A5010010
:1010D000130585B5EFA01036E1BF9305300217A5C3
:1010E00001001305E5C2EFA0F034930780124DB65E
:1010F0009737FF1F83C787320D471734FF1F13042D
:10110000A4D96394E7001C404DBE0947A94517A523
:1011100001001305E5B16386E70017A5010013057B
:10112000E5ADEFA030311C4093E7470081B7ED45B6
:1011300017A50100130505C0EFA0D02F9307C0121B
:101140001737FF1F2313F7CE979701009387C7E444
:101150001737FF1F2320F72C8D471737FF1F230D4D
:10116000F72A9737FF1F9387A7BC83C70700173756
:10117000FF1F2306F72AA1471737FF1F2312F72A5D
:10118000F94725B39307D0126FF02FF9930520028A
:1011900017A501001305C5BBEFA0D0299307E012E6
:1011A0001737FF1F2313F7C897970100938707E3AB
:1011B00045B71737FF1F034767268D47E319F79099
:1011C0009307F0126FF06FF5D94517A501001305CD
:1011D00065BAEFA03026930720131737FF1F231699
:1011E000F7C497970100938727921737FF1F232390
:1011F000F72295471737FF1F2300F7229737FF1F66
:10120000938707B383C707001737FF1F2309F7200A
:10121000A1471737FF1F2315F720D14779B117379B
:10122000FF1F0347A71F8D476316F700930730136F
:101230006FF0AFEEA94517A50100130525B5EFA086
:10124000C075EDB7E54517A50100130565B5EFA01D
:10125000701E930740131737FF1F2318F7BC97879B
:1012600001009387676B51B7930750136FF0EFEA54
:101270009305100217A50100130545B4EFA0901BBC
:10128000930760131737FF1F2311F7BA97870100E1
:101290009387C7561737FF1F232EF716D1476FF0D6
:1012A0002FEB1737FF1F034767178D47631BF700A7
:1012B00085471767FF1F2305F79A930770136FF091
:1012C000CFE5E54517A50100130585B19767FF1F19
:1012D00023880798EFA01016CDB7ED4517A501009C
:1012E0001305C5B1EFA01015930780131737FF1F23
:1012F000231DF7B29727FF1F938747361737FF1F26
:10130000232AF71089476FF04FED9737FF1F83C7E8
:10131000E7100D476391E7029737FF1F23800710FF
:101320009737FF1FA38107AC930790131737FF1F51
:10133000231DF7AE9DA831476385E70009476394F5
:10134000E7049737FF1F83C717AF0547636AF700A6
:1013500085071737FF1FA300F7AE93075012F9B7A1
:10136000A94517A501001305A58C9737FF1FA38476
:1013700007ACEFA0300C91471737FF1F2318F7AACF
:101380009307D01365B7A94517A501001305058775
:10139000EFA0500A9307D0131737FF1F2317F7A8A2
:1013A00091471737FF1F2313F7A88357040013072C
:1013B0005012E31BF7A8D54517A501001305C5A5D5
:1013C000EFA05007A9471755FF1F03556520335558
:1013D000F502EFA01FFAB70704001756FF1F0356C8
:1013E000261F03A387059307803E3306F602C1BA82
:1013F0009305000217A50100130585A3EFA0900334
:101400009307A0131737FF1F2311F7A29797010027
:10141000938707BB41B51737FF1F034727008D4749
:101420006317F7029737FF1F238A07FE9307B0134E
:101430009755FF1F83D5056517A501001305C577CF
:101440001737FF1F2313F79EEFA02055B9BF97371B
:10145000FF1F83C7579E0547636CF7008507173743
:10146000FF1FA30AF79C9737FF1F238907FAF5B5DB
:101470009737FF1FA381079C9147CD4517A5010012
:101480001305059D1737FF1F2312F79AEFA0807AE7
:10149000C5BD9757FF1F83D7E75E9306002C3E8795
:1014A00063F4F6001307002C131607014182918F95
:1014B00097A501009385059B1735FF1F130585DD53
:1014C0009736FF1F2392E6961757FF1F231CF75AE4
:1014D000EFF01012B7070400FC431735FF1F130588
:1014E00065DB8297420541819737FF1F239EA792B4
:1014F0009737FF1F938707DA1727FF1F2322F7224B
:10150000E9459727FF1F239FA72017A50100130573
:10151000A596EFA020729307C0131737FF1F23165D
:10152000F7909727FF1F9387A71F1737FF1F2323C6
:10153000F7EE85476FF0DF821737FF1F034707EE8F
:101540008D471725FF1F0345A57E6316F7049757A0
:10155000FF1F83D727538DC39307B0131737FF1F80
:101560002315F78CB707040003A387052146A1457F
:101570002244B2404101028389471737FF1F2317D6
:10158000F78A1757FF1F034777FA8547631AF70053
:1015900093075014E1B791471737FF1F2318F788B7
:1015A0009307D01365BF9305900217A5010013059B
:1015B000658EEFA020689307E0136FF0EFE6173712
:1015C000FF1F0347A7E58D47631CF7009757FF1FD1
:1015D00083C7E7F5D51793F7F70F0547E370F7A42F
:1015E0009307F0136FF06FB3F14517A501001305D2
:1015F000258DEFA020649307001479B41737FF1FDF
:101600000347C7E18D476311F7029737FF1F238711
:1016100007E01737FF1F035767818947E300F7A0EB
:10162000930710146FF06FAFC945179501001305AC
:10163000A55FEFA02060EDB7E54517A501001305F4
:10164000E589EFA0205F930720146FF00FEB1737A9
:10165000FF1F0347A7DC8D47E302F79CC945179599
:1016600001001305655CEFA0E05C4DBA1727FF1F72
:101670000357C77B91476314F7029757FF1F83C730
:1016800017EB850793F7F70F1757FF1FA301F7EA2B
:1016900005476376F700930730146FF00FA89307A0
:1016A00040146FF08FA7FD4517A501001305C584F1
:1016B000EFA0405897870100938707671737FF1FF0
:1016C000232AF7D4930740141727FF1F231FF7740B
:1016D0008D476FF0EFE80545EF009056D94517A507
:1016E000010013056583EFA0E0549727FF1F238DAA
:1016F00007749727FF1F9387E7749C4391C71725AB
:10170000FF1F0355A57282979727FF1F23AC07720F
:101710009727FF1F239C07706FF0FF8482800111C1
:101720002AC601452EC406CE22CCEF007051930785
:10173000200FA2451727FF1F2319F76E854717278C
:10174000FF1F2315F76E324689C59727FF1F23AB6E
:10175000B76E97A50100938525801735FF1F1305E8
:1017600065B3EFF0E068370404007C401735FF1FD5
:10177000130545B282979727FF1F2397A76A3C4C12
:101780002146A1451725FF1F0345855A8297F24040
:10179000624405450561828001112AC601452EC4B7
:1017A00006CE22CCEF00D0499307C00EA2451727E2
:1017B000FF1F231CF76685471727FF1F2318F766AF
:1017C000324689C59727FF1F23A8B7669795010062
:1017D000938585791735FF1F1305C5ABEFF0406181
:1017E000370404007C401735FF1F1305A5AA829714
:1017F0009727FF1F239AA7623C4C2146A145172536
:10180000FF1F0345E5528297F2406244054505619A
:1018100082808D679387078063E6B7088147C1C6DA
:10182000011126CAAA84014506CE22CC32C63684CE
:101830002EC4EF00F0403247A2462686979501005D
:101840009385C5731735FF1F1305C5A4EFF0405AE4
:10185000B7040400FC401735FF1F1305A5A38297AA
:101860009727FF1F2392A75C9307E00E1727FF1F00
:10187000231DF75A85471727FF1F2319F75A972764
:10188000FF1F23AF875ABC4C2146A1451725FF1FD8
:101890000345054A8297F24062448547D2443E851B
:1018A0000561828081473E8582809727FF1F83D70D
:1018B000C757938767F1C207C18325476369F73C20
:1018C000179701001307C7668A07BA979C4341110F
:1018D00006C6BA978287BD45179501001305856B2B
:1018E000EFA040359307B00E1727FF1F231FF752B5
:1018F0009737FF1F9387079A1727FF1F232AF7DAC7
:101900009727FF1F9387475283D707001727FF1F8B
:101910002312F7DA9727FF1F938787D91737FF1FFF
:10192000232AF7AE8D471737FF1F2307F7AE9727F8
:10193000FF1F9387E73F83C707001737FF1F230069
:10194000F7AEA1471737FF1F231CF7AC93072003FF
:1019500021AC0545EF00D02E1737FF1F034707AC1A
:101960008D476315F70689471727FF1F2310F74C8C
:10197000E145179501001305E562EFA0A02B97271D
:10198000FF1F9387A74B9C439DC71727FF1F130774
:1019900027490C431726FF1F0356C6481725FF1F6C
:1019A0000355C54882979727FF1F23AD0746972702
:1019B000FF1F23A707469727FF1F23A10748B24011
:1019C0009727FF1F239407464101828091471727DD
:1019D000FF1F231DF744D545179501001305055E2C
:1019E00069BFCD45179501001305C55EEFA08024A2
:1019F0009307D00E1727FF1F2319F7429737FF1FB2
:101A0000938747891727FF1F2326F7C89727FF1FAC
:101A10009387874183D707001727FF1F231EF7C629
:101A20009727FF1F938707C7D5BD0545EF005021B6
:101A30001737FF1F0347879E8D4709456303F7004C
:101A400011459727FF1F2393A73E9727FF1F9387D3
:101A5000A73E9C4399CF1727FF1F1307A73C0C43B2
:101A600082979727FF1F23AF073A9727FF1F23A9C6
:101A7000073A9727FF1F23A1073C91B7DD4517952C
:101A8000010013056556EFA0E01A9307F00E172723
:101A9000FF1F231CF738978701009387670ABDBD96
:101AA0001737FF1F034787978D47631AF702894748
:101AB0001727FF1F231CF7369307000F1727FF1F59
:101AC0002315F736B7070400B24003A3870517258F
:101AD000FF1F0345E5252146A145410102839147AA
:101AE0001727FF1F2314F7349307100FC1BFC545F5
:101AF000179501001305C550EFA0C0139307100FF1
:101B00001725FF1F130505799725FF1F83D5C531BD
:101B10001727FF1F231BF7309727FF1F23A8A7BAFC
:101B20009727FF1F2396B7BAEFA0C0109727FF1F74
:101B30009387C7B91737FF1F232EF78C8D471737A9
:101B4000FF1F230BF78C9727FF1F9387671E83C701
:101B500007001737FF1F2304F78CA1471737FF1F14
:101B60002310F78C9307803EB2401737FF1F2316D0
:101B7000F78A9737FF1F2393078A1735FF1F13052F
:101B8000658941016FC01FBF0545EF00700B173716
:101B9000FF1F0347A7888D4709456303F7001145D9
:101BA0009727FF1F2394A7289727FF1F938747296D
:101BB0009C4385C31727FF1F1307C726104317270A
:101BC000FF1F1307E7250C4382979727FF1F23ABBF
:101BD00007249727FF1F23A50726D5B3C1451795CF
:101BE000010013052543EFA0E0049307300F1725EC
:101BF000FF1F1305256A9725FF1F83D5E5221727A9
:101C0000FF1F2314F7229727FF1F23A7A7A69727B5
:101C1000FF1F2395B7A69727FF1F9387E7A51727D1
:101C2000FF1F2329F77EEFA0E000EDB90545EF0087
:101C300030011727FF1F0347677E8D47631EF7029A
:101C400089471727FF1F2313F71EE5451795010046
:101C50001305453DEF90107E9727FF1F9387871E42
:101C60009C4391C71725FF1F0355451C8297972753
:101C7000FF1F23A9071CA1B391471727FF1F231795
:101C8000F71AD945179501001305853BE1B7828006
:101C900041114AC02A89014522C406C626C22E84A3
:101CA000EF00007A9307F00A1727FF1F231FF7168C
:101CB00085471727FF1F231BF7169757FF1F23ABD7
:101CC00007949757FF1F23A907948547630AF400D9
:101CD00001442285B240224492440249410182805B
:101CE0001727FF1F034757058D4717850100130569
:101CF00065366306F700178501001305E52F972465
:101D0000FF1F938424A09727FF1F23ADA79EEF20DA
:101D100041309727FF1F2399A79E88409725FF1FD3
:101D200083D5859EEF90107184409795010093852F
:101D300025392685EF20417741DD97950100938570
:101D4000E5382685EF20417641D5978501009385BA
:101D5000A5542685EF20417525DD978701009387DF
:101D600027461727FF1F2321F798E5471727FF1F4F
:101D7000231EF796630609009727FF1F23A4270D4C
:101D8000B7070400BC4F2146A1451725FF1F034597
:101D900025FA82973DBF9727FF1F83D707099387AF
:101DA00017F5C207C18365476364F75217970100AF
:101DB0001307872A8A07BA979C43411106C622C493
:101DC000BA978287FD451795010013052531EF90DD
:101DD00070669307000B1727FF1F2318F704B70738
:101DE000040003A38705214639A6F1451795010094
:101DF0001305C530EF9010649307100B1727FF1FD2
:101E00002315F70297870100938787CB1727FF1FBA
:101E10002322F760D1471727FF1F230FF75E97276D
:101E2000FF1F9387E7F083C707001727FF1F2308CB
:101E3000F75EA1471727FF1F2314F75E93072003C0
:101E40001727FF1F231BF75C2244B2409727FF1F71
:101E50002396075C1725FF1F1305C55B41016FC063
:101E60007F919727FF1F83C7675B0D476395E70047
:101E70009307200B8DB70947A9456390E708914761
:101E80001727FF1F2314F7FA9307800C1727FF1F4C
:101E9000231DF7F8A94517950100130565D9EF90A3
:101EA000705935BF93053002179501001305C526FB
:101EB000EF9050589307300B1727FF1F2317F7F6A3
:101EC00097870100938787A31727FF1F2324F754C1
:101ED0009307C00389B79727FF1F83C727540D4770
:101EE0006395E7009307400BFDB50947A945179592
:101EF00001001305E5D3638AE70C1795010013056C
:101F0000E5CFEF9030539307800C01AC93050002AE
:101F10001795010013058522EF90D0519307500BC0
:101F20001727FF1F2313F7F097870100938787E890
:101F30001727FF1F2320F74E9547F1BD1727FF1FD7
:101F40000347C74D8D476315F7329307600B61B5A3
:101F50001795010013058520EF9030249307700B2F
:101F60001727FF1F2313F7EC97870100938787DD5F
:101F7000C1B71727FF1F0347674A8D47631AF72E1C
:101F80009307800B89BD9305000217950100130587
:101F9000E51EEF90304A9307900B1727FF1F23167B
:101FA000F7E897870100938727DF59B71727FF1FA7
:101FB0000347C7468D476315F7009307A00B21BD64
:101FC000A94517950100130565C3EF90B0469147E9
:101FD0001727FF1F231CF7E49307800CEDBB930525
:101FE0003002179501001305651BEF90B04493076D
:101FF000B00B1727FF1F231AF7E29787010093877B
:1020000027D63DB71727FF1F034747418D47631565
:10201000F7009307C00BC1B3C9451795010013051D
:10202000A5C0EF90304191471727FF1F2310F7E01D
:102030009307600C4DB3930500021795010013053B
:102040002518EF90303F9307D00B1727FF1F231E53
:10205000F7DC978701009387A7B1D9BD1727FF1F2A
:102060000347C73B8D476313F71C9307E00BA5B3EA
:10207000930540021795010013058516EF90903BDC
:102080009307F00B1727FF1F2311F7DA978701003B
:102090009387C7AF71BD1727FF1F034727388D47A9
:1020A0006314F7069307000C3DB393058002179560
:1020B000010013052515EF90F0379307100C172733
:1020C000FF1F2314F7D69717FF1F9387A7638DB5BC
:1020D0001727FF1F034787348D476317F7029307BE
:1020E000200C1727FF1F2312F7D4B707040003A300
:1020F00087051306401F2244B2401725FF1F0345E2
:1021000025C3A14541010283C94517950100130567
:10211000A5B1EF9030329307400C1727FF1F23160D
:10212000F7D0914765A0930530021795010013057C
:10213000E50FEF9030309307300C1727FF1F231661
:10214000F7CE9717FF1F9387275A80431727FF1F44
:102150002322F72C5147979501009385650F22851F
:102160009726FF1F238AE62AEF2001349307803E3B
:1021700001ED979501009385250E2285EF20C13250
:1021800001C98567938707771727FF1F2317F7284C
:102190009727FF1F9387C7B983C707001727FF1F1C
:1021A000230FF726A1471727FF1F231BF72669B91F
:1021B0001727FF1F034787268D47631EF7009307E6
:1021C000400C1727FF1F2312F7C689471727FF1F49
:1021D000231EF7C429B19307400C1727FF1F2316AE
:1021E000F7C491471727FF1F2312F7C4D54517954A
:1021F00001001305A5DC65B19305000217950100E8
:1022000013050506EF9010239307500C1727FF1FA7
:10221000231DF7C0978701009387079911BB1727E4
:10222000FF1F0347A71F8D47E304F7E0C945179534
:1022300001001305659FEF90F01F9307600CF1BD3F
:10224000179501001305C503EF9020759307700CD7
:102250001727FF1F231BF7BC97870100938707B23F
:10226000C1B91727FF1F0347671B8D47E306F7D642
:10227000C945179501001305259B61B10545C92284
:102280001727FF1F035787BA8947630CF700914749
:102290001727FF1F231CF7B88D471747FF1F23077A
:1022A000F7289727FF1F9387E7B99C4391C7172506
:1022B000FF1F0355A5B78297B24022449727FF1FFF
:1022C00023A207B89727FF1F239207B641018280F8
:1022D0008280977701009387676D83D54700884395
:1022E0006F9050151747FF1F03478725930750022C
:1022F00063E6E706411106C685476313F5028D457F
:1023000037051000EF00EFE2371700408327870CF6
:10231000B7061000D58F2324F70CB240410182800C
:1023200005E18D4537051000EF00AFE0371700409D
:102330008327C70CB7061000D58F2326F70CF1BFF3
:10234000FD4781456306F500C547E318F5FC854563
:10235000B2403705100041016F00AFDD82801747A2
:10236000FF1F0347E71D9307500263E6E70641118D
:1023700006C615E18D4537052000EF008FDB3717C6
:1023800000408327C70CB7062000D58F2326F70C03
:10239000B2404101828085476311F5028D453705C2
:1023A0002000EF000FD9371700408327870CB706AE
:1023B0002000D58F2324F70CE1BFFD47814563063C
:1023C000F500C547E316F5FC8545B240370520000A
:1023D00041016F000FD68280411106C615E18D457F
:1023E00037050800EF00EFD4371700408327C70CEC
:1023F000B7060800D58F2326F70CB2404101828032
:1024000085476311F5028D4537050800EF006FD24F
:10241000371700408327870CB7060800D58F232481
:10242000F70CE1BFFD4781456306F500C547E3169C
:10243000F5FC8545B2403705080041016F006FCFBC
:10244000411106C60DE18D4513050002EF006FCE68
:10245000371700408327C70C93E707022326F70CA2
:10246000B2404101828085476310F5028D45130516
:102470000002EF000FCC371700408327870C93E74B
:1024800007022324F70CE9BFFD4781456306F500E9
:10249000C547E317F5FC8545B2401305000241012D
:1024A0006F002FC9411106C615E18D45370504009F
:1024B000EF002FC8371700408327C70CB70604006A
:1024C000D58F2326F70CB2404101828085476311E6
:1024D000F5028D4537050400EF00AFC53717004002
:1024E0008327870CB7060400D58F2324F70CE1BFA0
:1024F000FD4781456306F500C547E316F5FC8545B4
:10250000B2403705040041016F00AFC24111854759
:1025100006C61727FF1F2309F78C09C59727FF1F3A
:1025200023A2A79285471727FF1F2311F79017278C
:10253000FF1F231CF78EB7070400BC4F2146A1459F
:102540001715FF1F0345C57E8297B240054541011F
:1025500082809727FF1F83D7478DFD17C207C1834E
:1025600013077002E36EF74E17970100130787D326
:102570008A07BA979C43411106C622C426C24AC0A4
:10258000BA978287D145179501001305A5DBEF9017
:10259000606A8547130600409725FF1F938505EC69
:1025A0001725FF1F1305852B1727FF1F2310F788FB
:1025B000EF10BFA10145EFF0FFD20145EFF03FDA88
:1025C0000145EFF07FE10545EFF09FE71747FF1F5B
:1025D000034707F79307800205456303F7007D452E
:1025E000EFF05FEC8D471727FF1F2310F784972725
:1025F000FF1F239E07829727FF1F239B0782B70792
:10260000040003A387051306C0122244B24092447B
:1026100002491715FF1F0345A571A145410102831A
:10262000CD4517950100130525D3EF90A06037170E
:1026300000408327870C8545414593E707082324FD
:10264000F70CEF000FAF8D4513050008EF006FAEDC
:102650000964EF003F8813050458EF00BF84054567
:10266000130404589717FF1F23A6876CEF00BF8938
:1026700095450545EF00DF8AB7E700E0370700041E
:1026800023A0E7100145EFF0BFDB1747FF1F03470B
:10269000A7F48547631FF7020145EF202069B14782
:1026A0001717FF1F2313F77899BF9717FF1F83D7BB
:1026B000077895E3E94517950100130525CBEF90C1
:1026C00060570545EFF0DFD785471717FF1F231029
:1026D000F7769147F1B79717FF1F9387477583D711
:1026E000070005476316F7020145EFF07FD58947DC
:1026F0001717FF1F231DF77291471717FF1F231688
:10270000F772B707040003A387051306401FF5BD42
:1027100095471717FF1F231AF770977701009387C4
:10272000670A1727FF1F2327F7CED1471727FF1F59
:102730002304F7CE9717FF1F9387875F83C7070090
:102740001727FF1F230DF7CCA1471727FF1F2319BA
:10275000F7CCA9472244B240924402491727FF1FF1
:10276000231DF7CA9727FF1F239A07CA1725FF1FA4
:10277000130545CA41016FB0FFFF9717FF1F23984C
:10278000076A9717FF1F2395076A1727FF1F03473D
:10279000E7C88D476314F700C94711A08947171789
:1027A000FF1F2314F76831A39717FF1F83D74768CC
:1027B00085071717FF1F231DF7661717FF1F0357FE
:1027C0002767B14763FEE7021745FF1F1305C54999
:1027D0009717FF1F239E0764EF20405E9747FF1F58
:1027E0009387C7D483A7C7731745FF1F1305C54732
:1027F00093E717001747FF1F2328F746EF20606075
:102800009715FF1F83D5A562179501001305C5B75E
:10281000EF90A0181717FF1F035767619717FF1F47
:102820009387E7604DE7CD4517950100130545B641
:10283000EF9040409717FF1F9387875F83D707006C
:1028400051476378F706A945178501001305053B35
:102850009717FF1F239E075CEF90C03D1745FF1F92
:1028600013058540EF2080559747FF1F938707CCBE
:1028700083A7C7731745FF1F1305053F93E787001D
:102880001747FF1F2322F73EEF20A0579147171746
:10289000FF1F231DF758930780021717FF1F2316EA
:1028A000F758B7070400056603A38705130686BB20
:1028B000A9BB894705451717FF1F2318F756EFF0E7
:1028C000BFB185471717FF1F2313F756D9BF03D78B
:1028D000070085466399E60489471717FF1F2318E9
:1028E000F7541717FF1F2312F754977701009387A8
:1028F00067ED1727FF1F232FF7B0E5471727FF1FA7
:10290000230CF7B09717FF1F9387874283C70700F1
:102910001727FF1F2305F7B0A1471727FF1F231114
:10292000F7B0D14705BD83D407000944C204C18074
:10293000639B840A9727FF1F83C747AE0D49639E99
:1029400027019717FF1F2395074E01459717FF1F74
:10295000239F074CEFF05FA881B5EF000FDF8145A3
:102960004145EFF01EFD814513050008EFF07EFCA8
:10297000371700408327870C8545414593E70708B3
:102980002324F70CEFF0FEFA8D4513050008EFF055
:102990005EFAEF002FD4E14517950100130585A0DD
:1029A000EF904029716413050420EF00AFCF054577
:1029B000130404209717FF1F23AE8736EF00AFD410
:1029C00095450545EF00CFD5B7E700E03707000490
:1029D00023A0E7109717FF1F239B27459717FF1F7B
:1029E0002395974419B703D707008D4642074183C3
:1029F0006313D7049727FF1F83C747A2E383E7F436
:102A0000EF00AFD481454145EFF0BEF2814513059B
:102A10000008EFF01EF291471717FF1F2319F74028
:102A20000145EFF07F9B7D45EFF09FA19717FF1FBA
:102A3000239D873EBDB583D7070091446399F40871
:102A4000371700408327870C8545414593E70708E2
:102A50002324F70CEFF0FEED8D4513050008EFF091
:102A60005EED8964EF000FC713850458EF008FC334
:102A7000D9451795010013056594EF90A01B0545F6
:102A8000938404589717FF1F23A6972AEF00AFC718
:102A900095450545EF00CFC8B7E700E037070004CC
:102AA00023A0E71001459717FF1F23920738EFF087
:102AB000BF920145EFF0DF989717FF1F23978736E6
:102AC000B707040003A387051306007D3DBEEF0092
:102AD000CFC781454145EFF0DEE58145130500088C
:102AE000EFF03EE59717FF1F2393973415BF971715
:102AF000FF1F83D7C73391EF93054002179501005D
:102B00001305458DEF900013A5471717FF1F231ED0
:102B1000F730977701009387E7CA1727FF1F232B0A
:102B2000F78EA947E1BB1727FF1F0347278F8D4764
:102B3000E304F7C69717FF1F9387C71F98430964DD
:102B400013040458631E8702EF00CFB871641305A5
:102B50000420EF002FB50545130404209717FF1F2D
:102B600023AA871CEF002FBA95450545EF004FBB00
:102B7000B7E700E03707000423A0E710A14705B13D
:102B8000F167938707206316F712EF00AFB4228531
:102B9000EF004FB105459717FF1F23AD8718EF00D2
:102BA0008FB695450545EF00AFB7B7E700E03707AB
:102BB000000423A0E7109717FF1F23AD8716914746
:102BC0001717FF1F2314F72693078002C9BE93052A
:102BD00000021795010013052582EF90A005CD474F
:102BE0001717FF1F2313F724977701009387070117
:102BF0002DB79727FF1F83C7678215476394E700A8
:102C0000B14771BE19476394E700D14749BE971792
:102C1000FF1F938727129843F16793870720E310DC
:102C2000F7FAEF002FAB096413050458EF008FA7E4
:102C30000545130404589717FF1F23AD870EEF00B7
:102C40008FAC95450545EF00AFADB7E700E037071E
:102C5000000423A0E710A5B7F94517850100130567
:102C6000A57BEF80307DD5471717FF1F231FF71A6D
:102C7000977701009387C7F64DB59714FF1F83C45C
:102C8000E4798D471714FF1F1304C40A6399F402F3
:102C9000E945178501001305257AEF80B0791840C2
:102CA000F16793870720E31DF7F49717FF1F239E13
:102CB0009716B707040003A387052146B9B2184049
:102CC000A1BFD545178501001305C578EF80907623
:102CD000B5471717FF1F231AF7149777010093873B
:102CE000A7291717FF1F2327F772954701B9171751
:102CF000FF1F0347A77291476314F700B94745B414
:102D00008D46E31FD7EA9745FF1F83C5E58C1785DE
:102D100001001305A575EF8050489745FF1F83C537
:102D20001581178501001305E575EF8010471747DA
:102D3000FF1F0347678A8947631AF74CD94785B451
:102D4000DD45178501001305E575EF80B06EBD47C1
:102D50001717FF1F231BF70C97770100938747A8CE
:102D60006DBB1717FF1F0347676B8D47E319F7E428
:102D70007DBF0145EFF0CFECD1451785010013056C
:102D8000E573EF80306BED471717FF1F231FF70820
:102D9000977701009387C7D21717FF1F232CF76679
:102DA000930780021717FF1F2308F7669717FF1F67
:102DB000938707F883C707001717FF1F2301F766DC
:102DC000A1471717FF1F231DF7649307200359B26C
:102DD0009717FF1F83C787640D476394E700F14788
:102DE0007DBA09471734FF1F130444746398E7043E
:102DF000D145178501001305A56DEF80B06391479C
:102E00001717FF1F2314F7021745FF1F1305C5E50A
:102E1000D9471717FF1F231AF700EF10307A8327BF
:102E2000C4731745FF1F130525E493E727001747D1
:102E3000FF1F232BF7E2EF10D07CA5BDA945178516
:102E400001001305A5DBEF80F05E1745FF1F13059A
:102E5000A5E1EF10B0768327C47393E747001745C9
:102E6000FF1F130565E01747FF1F232FF7DEEF1045
:102E70005079B1B3DD45178501001305A566EF80D4
:102E8000705BF5471717FF1F2311F7FA97770100BB
:102E9000938747C1B9B51717FF1F034727588D47B9
:102EA0006315F700F9476FF09F8FA945178501005B
:102EB0001305C5D4EF80105819B3ED4517850100EF
:102EC0001305C563EF801057FD471717FF1F231E1B
:102ED000F7F497770100938727F61717FF1F232B27
:102EE000F75295471717FF1F2308F7529717FF1F31
:102EF000938707E483C707001717FF1F2301F752C3
:102F0000A1471717FF1F231DF750930740066FF0C7
:102F10007F841717FF1F034767508D476316F7001D
:102F2000930700026FF0BF87A945178501001305BD
:102F3000E5CCEF8030501745FF1F1305E5D2EF10A9
:102F4000F0679737FF1F9387675E83A7C77393E781
:102F5000870031B793050002178501001305C55B93
:102F6000EF80504D930710021717FF1F231FF7EA3A
:102F700097770100938787E78DB71717FF1F0347E0
:102F8000E7498D476316F700930720026FF03F81F2
:102F9000A94517850100130565C6EF80B04917459F
:102FA000FF1F130565CCEF1070619737FF1F9387E4
:102FB000E75783A7C77393E7070155B5E54517851D
:102FC000010013056557EF80F0469307300217178D
:102FD000FF1F231CF7E4977701009387A7BE1717FD
:102FE000FF1F2329F742A9471717FF1F2306F742A0
:102FF0009717FF1F9387C7D383C707001717FF1FB4
:10300000230FF740A1471717FF1F231BF740930714
:1030100060096FF02FF49717FF1F83C727400D47F4
:103020006396E700930760026FF06FF70947173464
:10303000FF1F1304A44F6393E704D14517850100D4
:1030400013050549EF80103F1745FF1F1305C5C144
:10305000EF10D0568327C4731745FF1F1305C5C053
:1030600093E707021747FF1F2320F7C0EF1070599F
:1030700091471717FF1F231BF7DAC9B1A945178519
:1030800001001305A5B7EF80F03A1745FF1F1305A0
:10309000A5BDEF10B0528327C47393E70704C1B3F3
:1030A000CD45178501001305E54AEF80B038930739
:1030B00070021717FF1F231AF7D69777010093871F
:1030C000E7BB31BF1717FF1F034747358D47631E07
:1030D000F700930780021717FF1F2318F7D48947BB
:1030E0001717FF1F2314F7D4E9B6A9451785010068
:1030F0001305C5B0EF8010341745FF1F1305C5B683
:10310000EF10D04B9737FF1F9387474283A7C773B2
:1031100093E70708A9B3D545178501001305C544F2
:10312000EF805031DD471717FF1F2310F7D0976747
:103130000100938727721717FF1F232DF72C954740
:103140001717FF1F230AF72C9717FF1F938747BEF8
:1031500083C707001717FF1F2303F72CA147171773
:10316000FF1F231FF72A9307800C6FF0AFDE17179E
:10317000FF1F0357A7CB9147E308F7A4E147B145E9
:1031800017850100130545AD1717FF1F231FF7C84B
:10319000EF80502AB7070400316603A387051306A2
:1031A00006B86FF08FC6D545178501001305453D5C
:1031B000EF805028E5471717FF1F2318F7C69767BA
:1031C00001009387E76A1717FF1F2325F724954708
:1031D0001717FF1F2302F7249717FF1F938747B581
:1031E00083C707001717FF1F230BF722A1471717E5
:1031F000FF1F2317F7229307C0126FF0AFD51717E1
:10320000FF1F0357A7C29147E300F79CE9476FF000
:103210000FD91717FF1F035767C191476306F700C0
:103220009717FF1F238207BC0545EFF06FA1971783
:10323000FF1F938727C19C4391C71715FF1F035595
:10324000E5BE82979717FF1F23AE07BE9717FF1F94
:10325000239E07BCB240224492440249410182802D
:103260008280411122C42A84014506C6EFF04F9D99
:1032700085471717FF1F231BF7BA9307500F171720
:10328000FF1F2314F7BA09C49717FF1F23AC87BA8F
:10329000B7070400BC4F2146A1451715FF1F034582
:1032A00025A98297B24022440545410182809717A3
:1032B000FF1F83D787B79387B7F0C207C1831D4726
:1032C0006360F726178701001307072D8A07BA974F
:1032D0009C43411106C6BA9782871737FF1F0347E1
:1032E000F72485476314F700EF80DFF1D945178590
:1032F00001001305652CEF80F0139307700F17176B
:10330000FF1F2314F7B297770100938767AC171755
:10331000FF1F2321F71095471717FF1F230EF70EE6
:103320009717FF1F9387C7A083C707001717FF1FB3
:103330002307F70EA1471717FF1F2313F70E930755
:10334000C012B2401717FF1F2319F70C9717FF1F62
:103350002396070C1715FF1F1305C50B41016FB00E
:103360006FC19717FF1F83C7670B0D476395E70270
:103370009307800F1717FF1F2319F7AAB707040039
:10338000B24003A387051715FF1F0345659A214621
:10339000A145410102832D476391E702E945178565
:1033A00001001305E522EF80F00891471717FF1F72
:1033B000231EF7A69307C00F75BF2947E397E7FEC3
:1033C000FD451785010013056522EF80B00689478A
:1033D0001717FF1F231CF7A49307A00F61BFF14528
:1033E0001785010013058522EF80D0049307900F05
:1033F0001717FF1F231BF7A2977701009387C7A01A
:103400001717FF1F2328F700930740FB1717FF1F0D
:103410002304F7009717FF1F9387879183C707003F
:103420001717FF1F230DF7FEA1471717FF1F2319BB
:10343000F7FE9307400631B79717FF1F83C707FEB4
:103440000D47E386E7F82D47E381E7F62947E39E3A
:10345000E7F4B5BFF545178501001305E51CEF80BE
:10346000607D9307B00F1717FF1F2310F79C976716
:103470000100938727751717FF1F232DF7F88D4736
:103480001717FF1F230AF7F89717FF1F9387478A1D
:1034900083C707001717FF1F2303F7F8A147171764
:1034A000FF1F231FF7F69307600961BD9717FF1FE2
:1034B00083C7C7F60D47E38FE7EE0947639AE70036
:1034C000D145178501001305A500EF80A076DDB575
:1034D000A9451775010013056572C5BF1737FF1F92
:1034E0000347D70485476314F700EF805FCD054598
:1034F000EFE01FF59717FF1F9387C7949C4391C771
:103500001715FF1F035585928297B2409717FF1F2B
:1035100023AA07929717FF1F239A079041018280E1
:103520008280411122C42A84014506C6EFE05FF182
:103530009307900C1717FF1F2319F78E854717174E
:10354000FF1F2315F78E09C49717FF1F23AC878E23
:10355000B7070400BC4F2146A1451705FF1F0345CF
:10356000257D8297B240224405454101828097170C
:10357000FF1F83D7878B938777F3C207C1832147C8
:103580006369F714178701001307070C8A07BA97B6
:103590009C43411106C6BA978287D9451785010019
:1035A0001305C50CEF8000699307A00C1717FF1FC8
:1035B000231DF78697670100938747751717FF1F2D
:1035C000232AF7E4A9471717FF1F2307F7E49707F4
:1035D000FF1F9387E77583C70700B2401715FF1FCA
:1035E000130545E31717FF1F230BF7E2A147171732
:1035F000FF1F2317F7E2930720031717FF1F231E50
:10360000F7E09717FF1F239B07E041016FB08F96EC
:103610000545EFE0FFE21717FF1F034727E08D473F
:10362000631BF700D145178501001305A505EF8041
:103630006060894709A8D545178501001305C505B0
:10364000EF80405F91471707FF1F2311F77E970711
:10365000FF1F9387277F9C4391C71705FF1F0355C3
:10366000E57C82979707FF1F23AE077C9707FF1F14
:10367000239E077AB24041018280DD451785010013
:1036800013050503EF80005B9307E00C1707FF1F8E
:10369000231DF778976701009387C76305B7054532
:1036A000EFE01FDA1717FF1F034747D78D4763184F
:1036B000F700D14517850100130505018DBFD545DC
:1036C0001785010013058501A5BF0545EFE05FD70C
:1036D000BDBF8280797156CAAA8A17750100130589
:1036E000A53522D452CC06D626D24AD04ECE2E8430
:1036F000368AEF80802A9307C01E63F4870217750D
:1037000001001305253193054002EF80A0520145C9
:10371000B250225492540259F249624AD24A456147
:1037200082802286975501009385C5ED480002C22C
:1037300002C42316010037090400EFD0606B832711
:10374000490448008297AA840145E35390FC8327EB
:10375000C9042D46977501009385452F1715FF1F46
:10376000130545B382978327C90426864C00171595
:10377000FF1F1305D5B282978327C9049719FF1F2E
:10378000938949B11385B4002286D6854E958297D8
:103790001305B40035048327C904269426954204F2
:1037A0004180094697550100938545914E95829732
:1037B0009707FF1F239A87669707FF1F23A037EB02
:1037C0009707FF1F239E87E863060A009707FF1FDE
:1037D00023AA47670145EFE0BFC69707FF1FA385F0
:1037E00007669707FF1F2395076485471707FF1F85
:1037F000231EF762930790021707FF1F2317F76234
:10380000B7070400BC4F2146A1451705FF1F03451C
:10381000255282970545EDBD9707FF1F83D7E760C7
:10382000938777FDC207C18313078003E36DF754C5
:1038300017870100130707EC8A07BA979C434111C9
:1038400022C406C6BA971704FF1F1304045E8287BA
:103850009305000217850100130505F8EF80803DF0
:10386000EF805F9A9307B0021707FF1F231FF75AD5
:10387000EDAEFD4517850100130505F8EF80803B8F
:103880009307C0021707FF1F2311F75A976701001C
:10389000938747031717FF1F232EF7B69547171770
:1038A000FF1F230BF7B69707FF1F9387674883C750
:1038B00007001717FF1F2304F7B6A1471717FF1FAD
:1038C0002310F7B69307200311AA9717FF1F83C78A
:1038D000E7B445476395E7009307D00271B74947BE
:1038E0006395E7009307F00241B74D47E39CE7FE7D
:1038F000E5B78547FD45178501001305E5F1170775
:10390000FF1F230AF758EF80E0329307E002170702
:10391000FF1F231CF75097670100938727F717179E
:10392000FF1F2329F7AE95471717FF1F2306F7AE92
:103930009707FF1F9387C73F83C707001717FF1F0E
:10394000230FF7ACA1471717FF1F231BF7AC9307F3
:10395000C01269A0E545178501001305E5EDEF806C
:10396000602D930700031707FF1F2310F74C97677D
:103970000100938727171717FF1F232DF7A8930719
:10398000C00331BF93071003C5B5F5451785010086
:10399000130545ECEF80002A930720031707FF1F4C
:1039A0002315F748176701001307C7FC9716FF1F79
:1039B00023A2E6A60D479716FF1F238FE6A417073D
:1039C000FF1F1307E736034707009716FF1F2388DB
:1039D000E6A421479716FF1F2394E6A42244B24091
:1039E0001717FF1F231BF7A29717FF1F239807A284
:1039F0001715FF1F130505A241016FA0BFD793053F
:103A00002002178501001305E5E6EF80A022930749
:103A100040031707FF1F231AF7409767010093879A
:103A200027FB1717FF1F2327F79E89478DBD171701
:103A3000FF1F0347A79E8D476311F7029737FF1FAC
:103A400083C7E7AE81EB9707FF1F2392073E9307DB
:103A5000300419BD39476399E7009707FF1F239882
:103A6000073C9307500309B521476399E70097077F
:103A7000FF1F239E073A93079004FDB3138757FF58
:103A80001377F70F854663F5E60011476399E70062
:103A90009707FF1F239D07389307F003F1B397079C
:103AA000FF1F83D7C7388507C207C1831707FF1FCA
:103AB000231FF7360947E362F7FA930730036DB324
:103AC000FD4517850100130525DDEF80A01693073E
:103AD00060031707FF1F231AF734976701009387C6
:103AE00027EB1717FF1F2327F7928D474DBB17179B
:103AF000FF1F0347A7928D47E30BF7F4C9451775DE
:103B0000010013056512EF80E01293077003A9BB53
:103B1000ED4517850100130525DAEF80A011930705
:103B200080031707FF1F2312F73097670100938761
:103B300067D21717FF1F232FF78C95471717FF1F03
:103B4000230CF78C9707FF1F9387871E83C70700F7
:103B50001717FF1F2305F78CA1471717FF1F231106
:103B6000F78C9307800C9DBD89471707FF1F23041F
:103B7000F732B14593079003177501001305C50D82
:103B80001707FF1F2313F72AEF80C00AB7070400A7
:103B900003A387053166130606B8A1451705FF1F65
:103BA000034505196F0050068547ED45178501004F
:103BB000130545D21707FF1F230FF72CEF8080074F
:103BC0009307A0031707FF1F2311F726976701002C
:103BD000938787CD1717FF1F232EF7828947171763
:103BE000FF1F230BF7829707FF1F9387671483C775
:103BF00007001717FF1F2304F782A1471717FF1F9E
:103C00002310F7829307401FD1BB9305000217854D
:103C100001001305E5CDEF80E0019307400417078D
:103C2000FF1F2314F72097670100938727CD1707FD
:103C3000FF1F2321F77E9307800295B19707FF1F8F
:103C4000938787251707FF1F0347477D8D469C43B2
:103C5000631AD71E130750049706FF1F2397E61C0D
:103C6000F59B1707FF1F2329F722B707040003A3BB
:103C7000870521461DB7E54517850100130545C990
:103C8000EF70507B930760041707FF1F231FF7187F
:103C900097670100938707E959BF9707FF1F93872D
:103CA000A71F9706FF1F83C666770D479C43639B3C
:103CB000E618130770044DB7E94517850100130591
:103CC000E5C6EF703077930780041707FF1F231EA8
:103CD000F714976701009387E7C51707FF1F232B8A
:103CE000F772A9471707FF1F2308F7729707FF1FEF
:103CF0009387070483C707001705FF1F1305857106
:103D00001707FF1F230DF770A1471707FF1F231980
:103D1000F770930740061707FF1F2310F7709707E8
:103D2000FF1F239D076EEFA0FFA485471707FF1F06
:103D30002305F70EB2402244410182809707FF1FFE
:103D4000238D070C1707FF1F0347476D8D47631E21
:103D5000F700930710041707FF1F2318F70C9707A6
:103D6000FF1F938767139C43E5BD9707FF1F83D70A
:103D7000270C85071707FF1F231CF70A930710045A
:103D8000E5B4F94517850100130505BCEF70906A8D
:103D900093072004BDB91707FF1F034727688D4706
:103DA0006319F7089727FF1F83C767781147638B4D
:103DB000E7069707FF1F83D7A707B1C39707FF1F22
:103DC0009387070783D707008946E3FCF6C8970760
:103DD000FF1F239E07049707FF1F239B07049707D6
:103DE000FF1F9387670B9C4393E727009706FF1FEE
:103DF00023A4F60A9707FF1F239AE702B9A897079B
:103E0000FF1F83D7C7028507C207C1839706FF1F1D
:103E1000239FF600CD46E3F3F6F69707FF1F23989E
:103E2000070075BF9707FF1F239307009307F00351
:103E30001DB79707FF1F239C07FE9707FF1F938758
:103E4000A7059C4393E727001707FF1F2326F704C6
:103E500091471707FF1F231BF7FC9307100629B490
:103E60009305100217850100130505B0EF70905CF3
:103E70009307C0031707FF1F2319F7FA976701007D
:103E8000938707ADC9AA1707FF1F034727598D4717
:103E90006313F7029707FF1F238207589307F00366
:103EA0001707FF1F2313F7F8B707040003A38705BD
:103EB00013060064DDB1C945177501001305C5D6A9
:103EC000EF7050579307D003E1BF93052002178589
:103ED00001001305A5ABEF70F0559307E003D5BEC5
:103EE0001707FF1F034787538D47E307F7BAC945F5
:103EF00017750100130545D3EF70D053B9BF930573
:103F00003002178501001305A5AAEF70B052930780
:103F100000041707FF1F231AF7F097670100938724
:103F2000E7A81707FF1F2327F74EA9471707FF1F0B
:103F30002304F74E9707FF1F938787DF83C7070088
:103F40001707FF1F230DF74CA1471707FF1F231962
:103F5000F74C9307400659B49707FF1F83C7074CD8
:103F60000D471704FF1F130424F36399E7001C4057
:103F7000ED9B1707FF1F2321F7F2F5BC0947A94561
:103F8000177501001305C5CA6386E70017750100A0
:103F90001305C5C6EF70104A1C406DB5F545178571
:103FA0000100130525A3EF70F0489307C00417071D
:103FB000FF1F231CF7E6976701009387E7FD1707AC
:103FC000FF1F2329F7448D471707FF1F2306F744D8
:103FD0009707FF1F9387C7D583C707001707FF1FE2
:103FE000230FF742A1471707FF1F231BF742F9478B
:103FF000F5B29307D0048DB89305400217850100F0
:104000001305459FEF7010439307E0041707FF1F48
:10401000231DF7E097670100938747FC4DB717070B
:10402000FF1F0347A73F8D47E314F7E29307F00410
:104030006FF09F83E145178501001305E59DEF7043
:10404000703F930700051707FF1F2310F7DE9767E0
:104050000100938767AB1707FF1F232DF73A95479A
:104060001707FF1F230AF73A9707FF1F938747CCCD
:1040700083C707001707FF1F2303F73AA147170756
:10408000FF1F231FF738D14791BA1707FF1F0347B8
:10409000E7388D476316F700930710056FF0CFFCE4
:1040A000A94517750100130565CEEF70100FEDB728
:1040B000ED45178501001305A597EF70B0379307FD
:1040C00020051707FF1F2312F7D697670100938774
:1040D000A78451B7930730056FF00FF993053002AD
:1040E0001785010013058596EF70D03493074005BE
:1040F0001707FF1F231BF7D29757010093870770FD
:104100001707FF1F2328F730D1476FF04FF9170724
:10411000FF1F0347A7308D47631BF70085471737FD
:10412000FF1F230FF7B2930750056FF0EFF3E5453C
:10413000177501001305C5CA9737FF1F238207B201
:10414000EF70502FCDB7F545178501001305459247
:10415000EF70502E930760051707FF1F2317F7CC4A
:1041600097F7FE1F9387874F1707FF1F2324F72A10
:1041700089476FF06FFB9707FF1F83C7272A0D47FB
:10418000639AE7069707FF1F238A0728930770059E
:104190001707FF1F231BF7C81727FF1F03471739F0
:1041A00085476316F7009707FF1FA38E07C2835743
:1041B00004001307B003E31AF7AAD54517750100E9
:1041C000130585C5EF701027A9471725FF1F035555
:1041D00025403355F502EF80CF99B7070400172625
:1041E000FF1F0356E63E03A387059307803E330671
:1041F000F60265B231476385E70009476398E70433
:104200009707FF1F83C757C40547636EF7008507ED
:104210001707FF1FA30AF7C29307B0031707FF1F73
:104220002315F7C069B7A94517750100130545A007
:104230009707FF1FA38A07C0EF70D01F914717078A
:10424000FF1F2315F7BE9307B005C9BFA945177512
:1042500001001305A59AEF70F01D9307B00517072D
:10426000FF1F2314F7BC91471707FF1F2310F7BC4C
:104270003DBF930520021785010013056581EF708E
:10428000701B930780051707FF1F2310F7BA976766
:1042900001009387E7D2ADB51707FF1F0347071843
:1042A0008D476311F7029707FF1F238907169307AE
:1042B00090051707FF1F231AF7B68357040013074B
:1042C000B005D5BD1727FF1F0347E77BC54763151B
:1042D000F7029707FF1FA38907B68947CD451775D2
:1042E00001001305E5B61707FF1F2311F7B4EF70A0
:1042F00070149307B00575BF9707FF1F83C7D7B426
:104300000547636EF70085071707FF1FA30EF7B277
:104310009707FF1F238407109307B00359BF970720
:10432000FF1FA38307B2A14755BF9727FF1F83D75E
:1043300067759306002C3E8763F4F6001307002C84
:10434000131607014182918F97750100938585B1FE
:104350001705FF1F130505F49706FF1F2396E6AC0C
:104360001727FF1F2310F772EFC09028B70704002C
:10437000FC431705FF1F1305E5F1829742054181B4
:104380009707FF1F2392A7AA9707FF1F938787F01E
:1043900017F7FE1F2326F738C94597F7FE1F23930B
:1043A000A738177501001305E570EF70B008930783
:1043B000A0051707FF1F231AF7A697F7FE1F93877D
:1043C00027361707FF1F2327F70485476FF00FF7DE
:1043D0001707FF1F034787048D471705FF1F034576
:1043E00025956316F7049727FF1F83D7A7698DC309
:1043F000930790051707FF1F2319F7A2B7070400BB
:1044000003A387052146A1452244B240410102830E
:1044100089471707FF1F231BF7A01727FF1F034715
:10442000F71085476312F70293071006E1B7972646
:10443000FF1F83C64665454789476383E60091476A
:104440001707FF1F2314F79E9307B00565B7F945BB
:104450001775010013054567EF70C07D9307C00510
:1044600011BC1707FF1F034767FB8D476311F70256
:104470009707FF1F238407FA1707FF1F0357079BA0
:104480008947E30CF79C9307D0056FF0EFBDC94552
:104490001765010013054579EF70C079EDB7ED455B
:1044A0001775010013054564EF70C0789307E005A8
:1044B0006FF02FE21707FF1F034747F68D47E30E04
:1044C000F79835B41707FF1F0357479691476316B0
:1044D000F7009307F0056FF02FB9930700066FF010
:1044E000AFB8F545177501001305C561EF7080740D
:1044F000930700061707FF1F2319F792975701002C
:104500009387073E1707FF1F2326F7F08D476FF0AD
:10451000EFE2F545177501001305C560EF70807176
:104520001727FF1F03472756C5476316F70097272E
:10453000FF1F238A07541707FF1F0357278F894739
:10454000631BF700EF70BFC7BD451775010013056A
:10455000655FEF70206E0545EFD09FEE9707FF1F58
:104560009387478E9C4391C71705FF1F0355058C02
:1045700082979707FF1F23A7078C9707FF1F239793
:10458000078A6FF02FFB8280411106C609C5970785
:10459000FF1F23A9A78A0145EFD09FEA8547170788
:1045A000FF1F2315F788930760141707FF1F231EAB
:1045B000F786B7070400BC4F2146A14517F5FE1F3B
:1045C000034505778297B2400545410182809707F0
:1045D000FF1F83D787859387A7EBC207C1832D472A
:1045E0006367F738177701001307C7568A07BA972A
:1045F0009C43411106C6BA978287CD4517750100C5
:1046000013054558EF700063930780141707FF1FC9
:10461000231DF780975701009387C74C1707FF1F8B
:10462000232AF7DED1471707FF1F2307F7DE97F787
:10463000FE1F9387E76F83C707001707FF1F23003D
:10464000F7DEA1471707FF1F231CF7DC93072003A2
:10465000B2401707FF1F2312F7DC9707FF1F239FA6
:1046600007DA1705FF1F1305E5DA41016FA08F90E8
:10467000F1451775010013052552EF70A05B9307F4
:10468000A01417F7FE1F2312F77A9767010093878C
:1046900027931707FF1F232FF7D6954769B71707EB
:1046A000FF1F0347A7D78D476311F7049725FF1F07
:1046B00083D5453D177501001305C54FEF70E02DFB
:1046C0009707FF1F238C07D49307B01417F7FE1F1B
:1046D000231DF774B707040003A387052146A145EE
:1046E00017F5FE1F0345C56419AA9707FF1F238707
:1046F00007D29307D014D9BF9727FF1F83D78738D6
:104700009306002C3E8763F4F6001307002C131663
:1047100007014182918F976501009385A574170564
:10472000FF1F130525B797F6FE1F239FE66E172779
:10473000FF1F2319F734EFC0A06BB7070400FC4339
:104740001705FF1F130505B582974205418197F7AD
:10475000FE1F239BA76C9707FF1F9387A7B317F72D
:10476000FE1F232FF7FAD94597F7FE1F239CA7FAC0
:104770001775010013050545EF70C04B9307C01472
:1047800017F7FE1F2313F76A97F7FE1F938747F962
:104790001707FF1F2320F7C885471707FF1F230DA3
:1047A000F7C697F7FE1F9387A75883C70700170719
:1047B000FF1F2306F7C6A1471707FF1F2312F7C6DF
:1047C0009307800C71B51707FF1F034727C58D4757
:1047D00017F5FE1F0345C555631EF7029727FF1FF8
:1047E00083D7472A85C39307B01417F7FE1F231EEC
:1047F000F762B707040003A387052146A145B2402D
:1048000041010283894717F7FE1F2311F7629307BF
:10481000D014E1BF914717F7FE1F2319F7609307E4
:104820001015E1B7E145177501001305253BEF7041
:1048300060409307E01417F7FE1F2318F75E9757A1
:1048400001009387E7181707FF1F2325F7BC894747
:10485000D9BB1707FF1F034767BC8D476317F70CCA
:104860009727FF1F83C7A7CC2147639AE700894793
:1048700017F7FE1F231CF75A9307101581BDD51794
:1048800093F7F70F05476362F70A97F7FE1F83C791
:1048900097550947636BF708850717F7FE1FA304B1
:1048A000F7549307F0141DB5F5451775010013056E
:1048B0006534EF7020389307001517F7FE1F231695
:1048C000F756975701009387670E1707FF1F23239B
:1048D000F7B4BD471707FF1F2300F7B497F7FE1F74
:1048E0009387074583C707001707FF1F2309F7B200
:1048F000A1471707FF1F2315F7B29307400689BB8F
:104900009707FF1F83C787B10D47E382E7F6094783
:10491000A945176501001305A5316386E7001765F2
:1049200001001305A52DEF70E030914791B70545C3
:10493000EFD01FB1C945177501001305A52DEF7004
:10494000602F97F7FE1F9387E74F9C4391C717F59A
:10495000FE1F0355A54D8297B24097F7FE1F23A374
:10496000074E97F7FE1F2393074C410182808280F8
:10497000411122C4371400408327840C056706C602
:10498000D98F2324F40C8D450565EFD09EFA83273B
:10499000C40C09678D45D98F2326F40C0965EFD027
:1049A0005EF98327C40C11678D45D98F2326F40C3B
:1049B0001165EFD01EF82244B240854521654101C2
:1049C0006FD03EF7411122C499462A841706FF1F73
:1049D000130686E985652D4506C697E0FE1FE7802C
:1049E000405E05E1B7070400FC472285194697059C
:1049F000FF1F938565E782970545B2402244410138
:104A000082800145DDBF411122C4930600102A8433
:104A10001706FF1F130646E585652D4506C697E078
:104A2000FE1FE780005A09CD177501001305852682
:104A3000E145EF7020200145B240224441018280CF
:104A4000B7070400FC471946A2851705FF1F130589
:104A5000A5E182979306001001468565254597E0FC
:104A6000FE1FE7800056930600101706FF1F13066F
:104A7000A6DF8565294597E0FE1FE78080544DF548
:104A800005455DBF4111856522C485462A84170608
:104A9000FF1F130666DD9385851C2D4506C697E02E
:104AA000FE1FE780005215E19707FF1F83C7C7DB92
:104AB0002D476369F7002300F4000545B240224406
:104AC0004101828023000400CDBF0145C5BF011113
:104AD00026CAAA841305F10006CE22CCEFF09FFA75
:104AE0008347F100639897000545F2406244D24441
:104AF000056182800564930600101706FF1F1306E8
:104B0000A6D6930504102D4597E0FE1FE780604B65
:104B100019C9177501001305E51593050002EF701B
:104B200060110145D9B793060010014693050410A2
:104B300025459707FF1F238D97DE97E0FE1FE7802F
:104B40004048930600101706FF1F1306E6D1930591
:104B50000410294597E0FE1FE780A0465DF969B77C
:104B60004111856522C485462A841706FF1F130656
:104B7000A6CF938505062D4506C697E0FE1FE78064
:104B8000404401ED9707FF1F83C707CE2300F400C1
:104B90000545B2402244410182800145DDBF01113B
:104BA00022CC2A841305F10006CEA3070100EFF002
:104BB0003FFB034704008347F1006302F7069306B7
:104BC00000101706FF1F130626CA85652D4597E0BE
:104BD000FE1FE780003F814715ED834704009306E1
:104BE00000100146856525451707FF1F230EF7CCEA
:104BF00097E0FE1FE780E03C930600101706FF1FBA
:104C0000130686C68565294597E0FE1FE780603B51
:104C100093371500F24062443E85056182808547E6
:104C2000D5BF4111856522C485462A841706FF1F1A
:104C3000130686C3938505402D4506C697E0FE1FE3
:104C4000E780203801ED9707FF1F83C7E7C12300E6
:104C5000F4000545B2402244410182800145DDBF98
:104C6000411122C4056426C293060010AA841706C7
:104C7000FF1F130666BF930504402D4506C697E047
:104C8000FE1FE780003411CD1775010013050502E2
:104C9000DD45EF60307A0145B24022449244410143
:104CA000828083C7040093060010014693050440E8
:104CB00025451707FF1F2309F7BA97E0FE1FE78076
:104CC0004030930600101706FF1F1306E6B9930540
:104CD0000440294597E0FE1FE780A02E55F50545C5
:104CE00065BF4111856522C485462A841706FF1FCA
:104CF000130686B79385C51C2D4506C697E0FE1F93
:104D0000E780202C15E19707FF1F83C7E7B5094708
:104D10006379F700230004000545B24022444101B5
:104D200082802300F400CDBF0145C5BF011126CA12
:104D3000AA841305F10006CE22CCEFF09FFA834738
:104D4000F100639897000545F2406244D244056142
:104D500082800564930600101706FF1F1306C6B075
:104D6000930504102D4597E0FE1FE780802511C9AB
:104D70001775010013054509FD45EF60B06B01454E
:104D8000E1B79306001001469305041025459707E7
:104D9000FF1F238197BA97E0FE1FE78080229306CA
:104DA00000101706FF1F130626AC930504102945B3
:104DB00097E0FE1FE780E02045FD71B74111856552
:104DC00022C491462A841706FF1F1306E6A993857D
:104DD00085182D4506C697E0FE1FE780801E05E179
:104DE000B7070400FC47228511469705FF1F9385EE
:104DF000A5A782970545B240224441018280014522
:104E0000DDBF79712AC6680806D622D4EFF01FFBF1
:104E1000B2479843F2476317F7000545B250225452
:104E2000456182800564930600101706FF1F130674
:104E3000A6A3930504102D4597E0FE1FE780601898
:104E400011C917750100130525FEE545EF60905E59
:104E50000145E9B7B7070400FC4711466C00170588
:104E6000FF1F1305E5A882979306001001469305DE
:104E70000410254597E0FE1FE780A014930600105C
:104E80001706FF1F1306469E93050410294597E059
:104E9000FE1FE780001355F549B7411189461706F3
:104EA000FF1F1306669C89652D4506C622C426C2CF
:104EB00097E0FE1FE780E010631C050EB7040400B6
:104EC000FC4409469705FF1F9385059A1725FF1F88
:104ED0001305E5BA82979727FF1F83D747BA09645E
:104EE0006368F408930710201727FF1F2318F7B8EB
:104EF0001718FF1F0358C86F9717FF1F83D7276F17
:104F00001717FF1F0357876E9716FF1F83D6E66D8F
:104F10001716FF1F0356466D9715FF1F83D5A56C07
:104F200017750100130545D0EF6030279725FF1F47
:104F300083D5E5B417750100130505D1EF60F025A1
:104F40009725FF1F83C595B3173501001305052568
:104F5000EF60B0242244B24092449725FF1F83C5DE
:104F6000E5B1173501001305E52441016F60F0221A
:104F700089461706FF1F1306268F91652D4597E07A
:104F8000FE1FE78000040DE5FC4409469705FF1F5E
:104F90009385858D1725FF1F130565AE829797278B
:104FA000FF1F83D7C7AD6365F400930720102DBFA3
:104FB000930720101727FF1F2322F7AC15BF4111BD
:104FC00006C60547631FE5008966014689652545D4
:104FD00097E0FE1FE780E0FE13351500B240410167
:104FE0008280AA8709470145E39AE7FE8966014660
:104FF0009165F1BF4111B28606C61727FF1F03470F
:10500000F7A70546AA876311C7022E86896593858F
:105010000510BE95294597E0FE1FE78080FA1335FD
:105020001500B2404101828009460145E31BC7FEDD
:105030002E869165E9BF4111B28606C61727FF1F6C
:105040000347C7A30546AA876311C7022E86896551
:1050500093850510BE952D4597E0FE1FE78060F60D
:1050600013351500B2404101828009460145E31B1A
:10507000C7FE2E869165E9BF4111856522C485462C
:105080002A8417F6FE1F1306267E9385C5182D4524
:1050900006C697E0FE1FE780C0F215E197F7FE1FF6
:1050A00083C7877C05476399E7002300F400054523
:1050B000B24022444101828023000400CDBF01455B
:1050C000C5BF011126CAAA841305F10006CE22CC61
:1050D000A3070100EFF05FFA03C704008347F10064
:1050E0006318F7000545F2406244D24405618280AE
:1050F00005649306001017F6FE1F1306E676930567
:1051000004102D4597E0FE1FE780A0EB11C917752D
:105110000100130525D3F145EF60D0310145E1B71A
:1051200083C704009306001001469305041025452B
:1051300017F7FE1F2300F77C97E0FE1FE78060E86B
:105140009306001017F6FE1F13060672930504104F
:10515000294597E0FE1FE780C0E655F961B7411188
:10516000856522C485462A8417F6FE1F1306C66F7E
:105170009385051A2D4506C697E0FE1FE78060E47B
:1051800015E197F7FE1F83C7276E09476379F7007C
:10519000230004000545B2402244410182802300DF
:1051A000F400CDBF0145C5BF011126CAAA8413056D
:1051B000F10006CE22CCA3070100EFF05FFA03C78F
:1051C00004008347F1006307F706056493060010A7
:1051D00017F6FE1F13064669930504102D4597E048
:1051E000FE1FE78000DE814721E183C704009306AC
:1051F0000010014693050410254517F7FE1F2305EF
:10520000F77097E0FE1FE780C0DB9306001017F6EB
:10521000FE1F1306666593050410294597E0FE1FDF
:10522000E78020DA93371500F2406244D2443E858D
:10523000056182808547CDBF4111856522C48546C1
:105240002A8417F6FE1F13062662938505502D4506
:1052500006C697E0FE1FE780C0D615E197F7FE1F50
:1052600083C7876029476379F70023000400054559
:10527000B2402244410182802300F400CDBF0145A9
:10528000C5BF011126CAAA841305F10006CE22CC9F
:10529000A3070100EFF05FFA03C704008347F100A2
:1052A0006307F70605649306001017F6FE1F130642
:1052B000A65B930504502D4597E0FE1FE78060D064
:1052C000814721E183C7040093060010014693053E
:1052D0000450254517F7FE1F2308F75897E0FE1FD7
:1052E000E78020CE9306001017F6FE1F1306C65760
:1052F00093050450294597E0FE1FE78080CC933743
:105300001500F2406244D2443E85056182808547A3
:10531000CDBF411126C2856422C499462A8417F65E
:10532000FE1F13066654938544502D4506C697E02C
:10533000FE1FE78000C945EDB7070400FC4709469A
:1053400097F5FE1F938545522285829797F7FE1F9A
:1053500083C7A7512311F4001395070197F7FE1F88
:1053600083C7B7502312F4009395070197F7FE1FE8
:1053700083C7C74F2313F4001396070197F7FE1F47
:1053800083C7D74E2314F4009396070197F7FE1FA7
:1053900083C7E74D139707012315F40083570400D3
:1053A000938414804181C1814182C182418363E23F
:1053B000F402B14763EFA700FD4763ECB700DD4798
:1053C00063E9C7009307B00363E5D700054563F1C0
:1053D000E7029307007D2310F40023110400231239
:1053E00004002313040023140400231504000145C2
:1053F000B2402244924441018280411126C2856418
:1054000022C4930600102A8417F6FE1F1306C64511
:10541000938504502D4506C697E0FE1FE78060BACD
:1054200011CD1775010013052583F145EF6090003C
:105430000145B2402244924441018280B7070400F2
:10544000FC470946A28517F5FE1F130525428297E2
:105450008357240093060010014617F7FE1F230808
:10546000F7408357440093850450254517F7FE1FE6
:10547000A30FF73E8357640017F7FE1F230AF73E7A
:105480008357840017F7FE1FA304F73E8357A40039
:1054900017F7FE1F230FF73C97E0FE1FE78060B26F
:1054A0009306001017F6FE1F1306063C9385045062
:1054B000294597E0FE1FE780C0B025F5054595BF5B
:1054C000856541119306001017F6FE1F1306C639B5
:1054D000938505102D4506C622C497E0FE1FE78080
:1054E00040AE2DE59717FF1F83C7675A97F6FE1F3B
:1054F00083C6863C1717FF1F034757596398F6006A
:1055000097F6FE1F83C6863B6382E60497F6FE1F6E
:105510002386E63A056493060010014693050410BD
:10552000254517F7FE1F2309F73897E0FE1FE78090
:1055300040A99306001017F6FE1F1306E6329305E6
:105540000410294597E0FE1FE780A0A7B24022443F
:105550000545410182804111856522C485462A8422
:1055600017F6FE1F13064630938545202D4506C6C7
:1055700097E0FE1FE780E0A415E197F7FE1F83C7C1
:10558000A72E11476369F7002300F4000545B240D8
:1055900022444101828023000400CDBF0145C5BFE4
:1055A000011122CC06CE26CA9147014463E3A7002D
:1055B0002A841305F100EFF01FFA8347F100639886
:1055C00087000545F2406244D244056182808564CB
:1055D0009306001017F6FE1F130606299385042074
:1055E0002D4597E0FE1FE780C09D19C91765010092
:1055F0001305856F93053002EF60C0630145D9B78D
:1056000093060010014693850420254597F7FE1F59
:10561000238E872497E0FE1FE780A09A9306001050
:1056200017F6FE1F1306462493850420294597E0AC
:10563000FE1FE78000995DF969B74111856522C4B5
:1056400085462A8417F6FE1F1306062293858520B9
:105650002D4506C697E0FE1FE780A09615E197F757
:10566000FE1F83C7672011476369F7002300F4001A
:105670000545B24022444101828023000400CDBF91
:105680000145C5BF011122CC06CE26CA914701446F
:1056900063E3A7002A841305F100EFF01FFA8347A4
:1056A000F100639887000545F2406244D2440561E9
:1056B000828085649306001017F6FE1F1306C61A33
:1056C000938504202D4597E0FE1FE780808F19C940
:1056D000176501001305856393053002EF6080555F
:1056E0000145D9B79306001001469385042025454E
:1056F00097F7FE1F238E871697E0FE1FE780608CCA
:105700009306001017F6FE1F130606169385042055
:10571000294597E0FE1FE780C08A5DF969B741110E
:10572000856522C485462A8417F6FE1F1306C61314
:105730009385C5202D4506C697E0FE1FE78060884B
:1057400015E197F7FE1F83C7271211476369F7001A
:105750002300F4000545B240224441018280230029
:105760000400CDBF0145C5BF011122CC06CE26CA1B
:105770009147014463E3A7002A841305F100EFF089
:105780001FFA8347F100639887000545F2406244A1
:10579000D2440561828085649306001017F6FE1FCF
:1057A0001306860C938504202D4597E0FE1FE780A5
:1057B000408119C9176501001305C55093052002E2
:1057C000EF6040470145D9B7930600100146938525
:1057D0000420254597F7FE1F238E870897D0FE1FCC
:1057E000E780207E9306001017F6FE1F1306C607FB
:1057F00093850420294597D0FE1FE780807C5DF9C2
:1058000069B7411126C24AC0856417F9FE1F130902
:10581000A9054A8693850410930600102D4506C6F7
:1058200022C497D0FE1FE780C0790967B7261027EA
:105830001307077193860671370404009717FF1F3B
:105840009387C7CE239DE7082390E70A23AED708A6
:10585000239B07087C4409469715FF1F938565D64F
:1058600017F5FE1F1305C50A82977C440946971554
:10587000FF1F938545D517F5FE1F1305A5098297D0
:105880007C4409469715FF1F938505D417F5FE1F25
:105890001305850882977C4409469715FF1F938559
:1058A000C5D217F5FE1F1305650782977C4409468C
:1058B0009715FF1F938585D117F5FE1F1305450624
:1058C0008297938504109306001001462545230E08
:1058D000090A97D0FE1FE780C06E4A8693850410A0
:1058E00093060010294597D0FE1FE780806DB240D7
:1058F0002244924402490545410182808356450075
:105900000356250083550500411122C42A841765DA
:1059100001001305E55406C6EF6020088356A40075
:10592000035684008355640017350100130585B1C3
:10593000EF60A00683572400AD4603570400FD170F
:10594000C207C183014563E6F6001305778113356D
:105950000501835744007D47FD17C207C183637368
:10596000F700014503576400E14763F3E700014591
:10597000035784009307C00363F3E700014503570F
:10598000A4009307C00363E3E7000DE19307907E53
:105990002310F4009D472311F4002312F400231375
:1059A000F4002314F4002315F4000145B24022440E
:1059B000410182804111856522C485462A8417F6FB
:1059C000FE1F130666EA9385451A2D4506C697D035
:1059D000FE1FE780005F01ED97F7FE1F83C7C7E852
:1059E0002300F4000545B240224441018280014574
:1059F000DDBF011126CAAA841305F10006CE22CC10
:105A0000A3070100EFF01FFB03C704008347F10069
:105A10006307F70605649306001017F6FE1F1306CA
:105A2000A6E4930504102D4597D0FE1FE78060592A
:105A3000814721E183C704009306001001469305C6
:105A40000410254517F7FE1F2302F7EC97D0FE1F21
:105A5000E78020579306001017F6FE1F1306C6E0D6
:105A600093050410294597D0FE1FE7808055933792
:105A70001500F2406244D2443E850561828085472C
:105A8000CDBFB7F7030083C7070001114EC6171536
:105A9000FF1F130515AB856922CC26CA4AC806CE5E
:105AA0001717FF1F230FF7A80D44EFE0BFF197F47E
:105AB000FE1F938464DB93890910176901001309A1
:105AC000292D9306001017F6FE1F1306E6D9CE8582
:105AD0002D4597D0FE1FE780C04E631905641765FA
:105AE00001001305E524EF50506B17650100130505
:105AF0002524EF50906A17650100130565233704CC
:105B00000400EF5090697C44114697F5FE1F938581
:105B1000A5D51715FF1F1305E5B382977C441146E1
:105B200097F5FE1F938585D41715FF1F130545B202
:105B300082977C44094697F5FE1F938565D3171518
:105B4000FF1F130585A9829797F7FE1F83C767D2AA
:105B50001717FF1F2314F7A897F7FE1F83C777D1E6
:105B60001717FF1F231DF7A697F7FE1F83C787D0C0
:105B70001717FF1F2316F7A697F7FE1F83C797CFA8
:105B80001717FF1F231FF7A497F7FE1F83C7A7CE82
:105B90001717FF1F2318F7A47C44094697F5FE1F2B
:105BA000938585CD1715FF1F1305C5AB829797F712
:105BB000FE1F83C787CC1717FF1F2316F7AA97F777
:105BC000FE1F83C797CB1717FF1F231FF7A897F751
:105BD000FE1F83C7A7CA1717FF1F2318F7A897F739
:105BE000FE1F83C7B7C91717FF1F2311F7A897F721
:105BF000FE1F83C7C7C81717FF1F231AF7A683C73F
:105C0000C401094697F5FE1F938505C81717FF1FA6
:105C10002308F79A7C441715FF1F1305C59C171915
:105C2000FF1F1309A990829797F7FE1F83C7E7C547
:105C30001717FF1F231AF79A97F7FE1F83C7F7C49A
:105C40001717FF1F2313F79A97F7FE1F83C707C481
:105C50001717FF1F231CF79897F7FE1F83C717C35B
:105C60001717FF1F2315F79897F7FE1F83C727C243
:105C70001717FF1F231EF79683C78402114697F557
:105C8000FE1F9385F5C01717FF1F230BF7967C4463
:105C90001715FF1F1305059782977C44094697F552
:105CA000FE1F938535BF1715FF1F1305E5958297D6
:105CB0007C44114697F5FE1F9385F5BD1715FF1F10
:105CC0001305C594829783C74403094697F5FE1FC1
:105CD000938505BE1717FF1FA30DF79883C74404CC
:105CE0001715FF1F130565DA1717FF1F230EF7D8C7
:105CF0007C44829783C7C404094697F5FE1F9385A9
:105D0000A5BC1717FF1F230CF78E83C704051715B3
:105D1000FF1F130545961717FF1F230AF7D683C7E2
:105D200044051717FF1FA303F7D683C7C40517172A
:105D3000FF1F2307F7D47C4482977C44114697F5D4
:105D4000FE1F9385E5B81715FF1F13053590829741
:105D50007C44114697F5FE1F938505B81715FF1F64
:105D60001305C58F829783C74407094697F5FE1F21
:105D7000938585B71717FF1F2300F7907C441715ED
:105D8000FF1F1305258F82977C44114697F5FE1F50
:105D9000938505B61715FF1F130505ED829783C779
:105DA000C408094697F5FE1F938585B61707FF1FA0
:105DB000A30EF77683C7040A1715FF1F1305658026
:105DC0001717FF1F2304F7EA7C4482977C44094697
:105DD00097F5FE1F938505B41705FF1F1305A57ED4
:105DE00082977C44094697F5FE1F9385E5B2170517
:105DF000FF1F1305657D82977C44094697F5FE1FBA
:105E00009385C5B11705FF1F1305257C82977C4438
:105E1000094697F5FE1F9385A5B01705FF1F1305CB
:105E2000E57A82977C44114697F5FE1F9385C5B0AD
:105E30001705FF1F1305057A82977C44114697F5D5
:105E4000FE1F9385A5AF1705FF1F1305657E82977B
:105E500083C7840D194697F5FE1F938575AE1717F6
:105E6000FF1FA302F7DE7C441715FF1F1305C5DDD6
:105E7000829783C7F40D1717FF1F230AF7DC97F7E4
:105E8000FE1F83C727AAFD1793B717001717FF1F19
:105E9000A30EF7DC83C7440C1707FF1F230BF77C07
:105EA00083C7840C1707FF1FA303F76883C7C40CBD
:105EB0001707FF1F2302F77203278912B707000194
:105EC0006366F7009707FF1F23A607780327491289
:105ED000D5679387071863F6E7009707FF1F23A985
:105EE00007761705FF1F1305456FEFF03FA1170554
:105EF000FF1F13052577EFF07FA01707FF1F03474C
:105F0000276C85476306F7009707FF1F238A076AF8
:105F10001705FF1F1305256DEFF05F9E1707FF1F85
:105F2000034737759307400663F6E7009707FF1F9F
:105F3000A38107741717FF1F034707B59307F00FD7
:105F40006316F7009717FF1F238007B41717FF1F6B
:105F50000357A7B39307F00F6316F7009717FF1FB8
:105F6000239507B21707FF1F03476769854763F645
:105F7000E7009707FF1F238407681717FF1F0347D2
:105F800007B1854763F6E7009717FF1F238107B026
:105F90001717FF1F034797AF854763F6E70097176B
:105FA000FF1FA38507AE1717FF1F034767AD9307B2
:105FB000300663F6E7001717FF1F2303F7AC85676A
:105FC0001707FF1F0357276B938707C863F6E70080
:105FD0001707FF1F2311F76A03270913B7070001EB
:105FE0006366F7009707FF1F23AA07661707FF1FBF
:105FF00003478768854763F6E7009707FF1F238DF0
:1060000007661707FF1F0357E7669307004B63F602
:10601000E7009707FF1F239F07641707FF1F03472A
:10602000F750854763F6E7009707FF1FA3800750E7
:106030001717FF1F034787C3894763F6E7009717C2
:10604000FF1F238507C21707FF1F0347574EB1479E
:1060500063F6E7009707FF1FA38B074C1707FF1F87
:1060600003478757894763F6E7009707FF1F238594
:10607000075683C7840D1307D00FFD1793F7F70F4B
:106080006378F70483C7940DFD1793F7F70F6371D7
:10609000F70483C7A40DFD1793F7F70F637AF70290
:1060A00017650100130505CBEF50300F9717FF1F41
:1060B000A38B07B8B7070400FC471946814517159D
:1060C000FF1F130565B882979717FF1F238107B835
:1060D0009715FF1F83C535B717650100130505C95F
:1060E000EF50B00B8327890A416741178507636A20
:1060F000F7021707FF1F232FF74C1707FF1F034750
:1061000027539307400663F6E7009707FF1F238195
:106110000752F2406244D2444249B2490545056102
:1061200082809707FF1F23A7074AC1BF13054006B8
:1061300097D0FE1FE78080B94A85EF5010064A8548
:10614000EF50B0057D144A851374F40FEF50F0043E
:10615000E31904967DBF011126CAB7040400FC446C
:1061600006CE22CC4AC84EC611469705FF1F93851E
:10617000654E17E5FE1F1305256F8297FC441146F7
:106180009705FF1F9385C54C17E5FE1F1305056E88
:1061900082971705FF1F13054544EF70A07EFC444E
:1061A00009469705FF1F9385454317E5FE1F130515
:1061B000256C1704FF1F1304643782978357040B61
:1061C00009469705FF1F9385E54917E7FE1F230240
:1061D000F76A8357240B17E5FE1F1305E56997E956
:1061E000FE1F9389696817E7FE1FA304F7688357AA
:1061F000440B17690100130969BF17E7FE1F230B42
:10620000F7668357640B17E7FE1FA305F7668357EE
:10621000840B17E7FE1F2300F766FC448297835721
:10622000A41309469705FF1F9385E53B17E7FE1F5B
:106230002305F7648357C41317E5FE1F1305C564D0
:1062400017E7FE1FA30BF7628357E41317E7FE1F40
:106250002306F7628357041417E7FE1FA300F762B3
:106260008357241417E7FE1F230BF7608347440965
:1062700017E7FE1F2308F760FC4482978357C40B7F
:1062800011469705FF1F9385E53717E7FE1F230E7D
:10629000F75E8357E40B17E5FE1F1305755F17E7DD
:1062A000FE1FA304F75E8357040C17E7FE1F230F9E
:1062B000F75C8357240C17E7FE1FA309F75C83578D
:1062C000440C17E7FE1F2304F75C8347440D17E7D0
:1062D000FE1F230FF75AFC448297FC44094697059A
:1062E000FF1F9385653217E5FE1F1305B55A829788
:1062F000FC4411469705FF1F9385453117E5FE1FA6
:106300001305755982978347741409469705FF1F33
:106310009385A57717E7FE1F2302F7588347C455D7
:1063200017E5FE1F1305C55817E7FE1F2300F75892
:10633000FC4482978347240D09469705FF1F9385E8
:10634000853317E7FE1F2307F7568347245617E5C3
:10635000FE1F1305655717E7FE1F230FF7548347EA
:10636000145617E7FE1F230BF7548347445517E7CE
:10637000FE1F2309F754FC448297FC4411469705FD
:10638000FF1F9385B52C17E5FE1F130565548297F3
:10639000FC4411469705FF1F9385452C17E5FE1F0A
:1063A0001305855382978347C41409469705FF1F39
:1063B0009385452C17E7FE1F2302F752FC4417E58F
:1063C000FE1F130565528297FC4411469715FF1F67
:1063D0009385858917E5FE1F1305855182978347AD
:1063E000140009469705FF1F9385A51D17E7FE1F9B
:1063F0002302F7508347047417E5FE1F1305455128
:1064000017E7FE1F2302F750FC448297FC4409461D
:106410009705FF1F9385251B17E5FE1F1305854F65
:106420008297FC4409469705FF1F9385E51917E5F8
:10643000FE1F1305654E8297FC4409469705FF1F12
:106440009385A51817E5FE1F1305454D8297FC445B
:1064500009469705FF1F9385651717E5FE1F13056E
:10646000254C82978347147411469705FF1F938527
:10647000651617E7FE1F2307F74A8347641417E5DD
:10648000FE1F1305654B17E7FE1F2301F74A8347DD
:10649000340017E7FE1F230DF7488347C40A17E7A8
:1064A000FE1F2309F748FC4482978347441019468E
:1064B0009705FF1F9385457917E7FE1F2300F748CF
:1064C0008347B47117E5FE1F1305954717E7FE1FB5
:1064D0002308F746FC44856493840410829783471D
:1064E00024720D4417E7FE1FA30FF7449306001014
:1064F0000146A685254597D0FE1FE78080AC930610
:1065000000104E86A685294597D0FE1FE78060AB18
:106510001DE9176501001305658BEF5000481765ED
:1065200001001305A58AEF504047176501001305C8
:10653000E589EF5080460545F2406244D244424925
:10654000B24905618280294597C0FE1FE780007827
:106550004A85EF5080444A85EF5020447D144A8597
:106560001374F40FEF50604351F00145F1B741113E
:10657000E945176501001305A58306C6EF50806B3A
:10658000EF505FEEEF503FEFEFF0FFBCB240410144
:1065900017C3FE1F6700A35D17E7FE1F1307078CD5
:1065A00097E6FE1F83D6868BBA8789CA03570700F2
:1065B0009306400563E4E6006F00D01203D707009E
:1065C0009306400563FAE60003D70700930690059B
:1065D00063E4E6006F30604103D70700930690053F
:1065E00063FAE60003D707009306200663E4E6009B
:1065F0006F20C05403D707009306200663FAE60015
:1066000083D70700130770066364F7006F2050718B
:10661000828097E7FE1F23ABA78297E7FE1F238A9E
:106620000782B707040003A387052146894517D5CC
:10663000FE1F0345657002836FC05EB53971939785
:10664000050122DC06DE26DA4AD84ED652D456D2CE
:106650005AD05ECEC1872E8463DA0702B7040400E5
:10666000FC5417D5FE1F0345256D829719C1BC54F4
:1066700082972165218DF2506254D2544259B25909
:10668000225A925A025BF24B2161828093F71500E5
:10669000638A072085472317F10097DBFE1F938B42
:1066A000BB7B17EAFE1F130AAA7B97DAFE1F938AA9
:1066B000EA790949854417EBFE1F130B2B2B93092D
:1066C000D0071306E100DE855285EFD0FE9F01C59D
:1066D000134514004DB703A70A0083479700639B37
:1066E000270997D7FE1F83C72777B5E317D7FE1F64
:1066F0000347977693074002E315F7FC854717D7C2
:10670000FE1F230BF77497D7FE1F2396077497D5A8
:10671000FE1F83D54574B307BB0003C70B00850577
:10672000C205C1812380E70097D7FE1F2395B7726A
:10673000B307BB002380070063FEB90097D7FE1F95
:10674000239B077097D7FE1F238807709DBFE39A8E
:1067500097F675BFE377B9F683C6E7FF3547E3924F
:10676000E6F603C7F7FFA947E31DF7F45A85EF10D4
:10677000606EE9B7E39797F497D7FE1F83C7576D0D
:10678000F1E714439DDE03D6C60097D7FE1F83C7EB
:10679000B76C55C6944683C60600E394D7F2854786
:1067A00097D6FE1FA386F66A97D7FE1F2395076A22
:1067B00097D7FE1F238E076897D5FE1F83D5A5693F
:1067C000B307BB0083C60B008505C205C1812380CA
:1067D000D70097D7FE1F2390B768B307BB0023806D
:1067E000070018438356C70063F5B606104B83C6EF
:1067F000F7FF97D7FE1F83C7A7653305F60003454C
:106800000500631BD506850793F7F70F97D6FE1F84
:106810002380F66483464701E395D7EA97D7FE1FA6
:10682000238807621C4F99C35A85829797D7FE1F0A
:106830002393076297D7FE1FA38C076059B5B5460F
:10684000E381D7E8A946E39CD7F4A5BDE39B97E68F
:10685000A5B7E38806E61847BA9503C7F7FF83C7CD
:10686000F5FFE300F7E697D7FE1FA383075E97D7F0
:10687000FE1F2392075EB1B563F7B90097D7FE1FDD
:106880002388075C65B7834706006398D700854770
:1068900017D7FE1F230EF75A2DB597D7FE1F238952
:1068A000075A05B593F72500B9CB17E5FE1F130569
:1068B000255BEFD0EEF397D7FE1FA38C075897D731
:1068C000FE1FA387075897D7FE1F938727589C431F
:1068D0009C4383D547008843EFC05E8B97D7FE1F4C
:1068E000239A0756B7070400BC4F2146914517D598
:1068F000FE1F03456544829713452400ADBB93F703
:106900004500F5C397D7FE1F9387B75483860700CA
:10691000094797D7FE1F938767539C436355D70258
:1069200017D7FE1F231807522384D70003C5A700DB
:1069300001C937070400384F83D5C70021460297A5
:10694000134544000DBB6390E60417D7FE1F2313C5
:10695000075017D7FE1F0347C74F05076207618718
:1069600017D6FE1F2307E64E03C64700E30EC7FAFD
:10697000B7070400BC4F2146894517D5FE1F0345C4
:10698000A53B829775BF17D7FE1F0357A74C050776
:106990004207418797D6FE1F239EE64A83D66700AB
:1069A00063DDE60217D7FE1F2316074A17D7FE1F1F
:1069B0000347274A05076207618797D6FE1F238A88
:1069C000E64883C64700E345D7FA17D7FE1F2302E0
:1069D000074805472384E70091BFB7070400BC4F71
:1069E0004146914559BF93F785000145E38507C8A6
:1069F000EFF09FBA13458400BDB997D7FE1F83C738
:106A0000C74585C7B7070400BC4F411106C61946E4
:106A1000854517D5FE1F034525328297B24097D78B
:106A2000FE1F238C0742410182808280411106C6ED
:106A3000EF504020B2408D4717D7FE1FA30BF74001
:106A4000410182806FF09FFEFD15C2054111C18199
:106A500006C6EF50201EB2408D4717D7FE1FA30A6F
:106A6000F73E410182808D4717D7FE1FA303F73EF3
:106A700082808D4717D7FE1FA30DF73C82808D477C
:106A800017D7FE1FA307F73C82808D4717D7FE1F3D
:106A9000A301F73C82808D4717D7FE1FA30BF73A5F
:106AA00082808D4717D7FE1FA305F73A82808D4756
:106AB00017D7FE1FA30FF73882808D4717D7FE1F09
:106AC000A309F73882808D4717D7FE1FA303F73835
:106AD00082808D4717D7FE1FA30DF73682808D4722
:106AE00017D7FE1FA307F73682808D4717D7FE1FE3
:106AF000A301F73682808D4717D7FE1FA30BF7340B
:106B000082808D4717D7FE1FA305F73482808D47FB
:106B100017D7FE1FA30FF73282808D4717D7FE1FAE
:106B2000A309F73282808D4717D7FE1FA303F732E0
:106B300082808D4717D7FE1FA30DF73082808D47C7
:106B400017D7FE1FA307F73082808D4717D7FE1F88
:106B5000A301F73082808D4717D7FE1FA30BF72EB6
:106B600082808147014793F6F70F63E4B6003A85C8
:106B70008280B306F50083C606008507358FE5B72A
:106B8000411106C609C597D7FE1F23ADA72C85471F
:106B900017D7FE1F2315F72C17D7FE1F2310F72C2E
:106BA000B7070400BC4F2146A14517D5FE1F03457A
:106BB000A5188297B2400545410182801707FF1F43
:106BC000034707989307400263E7E702854717D713
:106BD000FE1F2305F7163717004001C98327870CCE
:106BE00093E707102324F70C82808327C70C93E7D1
:106BF00007102326F70C82801707FF1F03474794CF
:106C00009307400263E2E7023717004001C9832778
:106C1000870A93E717002324F70A82808327C70A8D
:106C200093E717002326F70A8280411106C69707CB
:106C3000FF1F83C7E790130720036369F7001387DB
:106C400057FD1377F70F994663EBE6048547631109
:106C5000F5028D450565EFB0DECD3717004083277F
:106C6000870C8566D58F2324F70CB24041018280C2
:106C700011ED8D450565EFB0DECB3717004083275A
:106C8000C70C8566D58F2326F70CC5B7FD47E31ED5
:106C9000F5FC81450565B24041016FB09EC91307FF
:106CA00050026370F7048547631CF5008D4541650C
:106CB000EFB03EC8371700408327870CC1665DB729
:106CC00019E98D454165EFB0DEC6371700408327CF
:106CD000C70CC16645BFFD47E319F5F8814541651D
:106CE0005DBF85476310F5028D4513050004EFB0C5
:106CF000FEB9371700408327870A93E70704232448
:106D0000F70AA5B719ED8D4513050004EFB01EB8BD
:106D1000371700408327C70A93E707042326F70A9B
:106D2000A9B7FD47E313F5F4B2408145130500040C
:106D300041016FB0BEB59707FF1F83C767809306F9
:106D4000200363E9F600138757FD1377F70F194601
:106D5000636BE600371700408327870C8966D58F61
:106D60002324F70C82806399D700371700408327CC
:106D7000870CB7060200E5B7130750026375F700EA
:106D800005456FF09FEA371700408327870C93E78C
:106D90000720F9B719C16FF01FFA97F7FE1F83C7D5
:106DA000277A9306200363E9F600138757FD1377CC
:106DB000F70F1946636BE600371700408327C70CAF
:106DC0008966D58F2326F70C82806399D700371701
:106DD00000408327C70CB7060200E5B7130750022F
:106DE0006374F7006FF07FE4371700408327C70C08
:106DF00093E70720C1BF411106C685476311F5021D
:106E00008D450945EFB09EA8371700408327870AB4
:106E100093E727002324F70AB2404101828011ED55
:106E20008D450945EFB09EA6371700408327C70A56
:106E300093E727002326F70AC5B7C54785456306AC
:106E4000F500FD47E31AF5FC8145B24009454101D3
:106E50006FB0DEA3411106C617F7FE1F0347476E4A
:106E60009307500263F4E7040DC1371700408327EE
:106E7000870CB7061000B240D58F2324F70C81454C
:106E80003705100041016FB0DEAA8D4537051000AF
:106E9000EFB03EAA371700408327C70CB706100093
:106EA000D58F2326F70CB2404101828019CD3717C8
:106EB00000408327870AB240814593E727002324B7
:106EC000F70A094541016FB07E9C8D450945EFB039
:106ED000FE9B371700408327C70A93E72700232626
:106EE000F70AD1B797D7FE1F83D747F7FD17C20719
:106EF000C18313073005E367F746175701001307EF
:106F0000A7688A07BA979C43411106C6BA97828739
:106F1000C145175501001305257CEF40B0511306FC
:106F2000004097E5FE1F9385A5B317E5FE1F1305E7
:106F300025F3EFD08E8997F7FE1F83C7676013078D
:106F40001003637AF7049147054517D7FE1FA30581
:106F5000F7DEEFF03FF00145EFF0DFE3EFD0FFF3B6
:106F6000894717D7FE1F231BF7EE97D7FE1F2399DC
:106F700007EE97D7FE1F239607EEB707040003A37B
:106F8000870513060064B24017D5FE1F0345C5DA16
:106F9000A145410102831307A0026378F7008D47E2
:106FA00017D7FE1FA30AF7D87DB7130740026371F6
:106FB000F7028D47054517D7FE1FA30FF7D6EFF051
:106FC0007FE90145EFF01FDD7D45EFF01FC679B782
:106FD0006391E7028D47054517D7FE1FA30EF7D42F
:106FE000EFF05FE70145EFF07FBD0145EFF0DFC057
:106FF000C9BF8547454517D7FE1FA30FF7D2EFF04E
:107000009FDF0545EFF09FBB0145EFF0FFBE014557
:10701000EFF05FD80545EFF03FBE7DB717D7FE1FF5
:10702000035707E497D7FE1F938787E321EFB945FE
:10703000175501001305456BEF40D03F17F7FE1FB2
:10704000034707509307400263F5E702EFF0BFCE16
:10705000894717D7FE1F2313F7E0854717D7FE1F71
:107060002310F7E0B707040003A3870513060014F5
:1070700019BF0545EFF09FB4EFF0FFCB0545EFF0EA
:10708000BFB7F9B703D7070085466397E60AA94556
:107090001755010013054566EF40D03917D7FE1F7D
:1070A000034797C98D476319F70617F7FE1F034774
:1070B00027499307500263E6E7040145EFF09FD9A3
:1070C0001305400697C0FE1FE78060BF0545EFF03F
:1070D0007FD81305400697C0FE1FE78040BE0145DC
:1070E000EFF05FD71305400697C0FE1FE78020BD75
:1070F0000545EFF03FD61305400697C0FE1FE78019
:1071000000BC17F7FE1F0347A7439307A00263E5E0
:10711000E7000145EFF07FB1894717D7FE1F231F16
:10712000F7D217D7FE1F231DF7D2B707040003A31A
:1071300087051306003281BD83D707000947E31096
:10714000F72297D7FE1F83C737BF0D476394E70425
:1071500017F7FE1F0347C73E9307A002054563FFCD
:10716000E70217F7FE1F0347A73D9307400263E5B9
:10717000E7000545EFF05FA88D4717D7FE1F231FD7
:10718000F7CC97D7FE1F239D07CC97D7FE1F239AD6
:1071900007CCC9BD1147E386E7FC7D45EFF0FFA8AA
:1071A000C9B717F7FE1F0347A7399307500263E7D4
:1071B000E70417D7FE1F034737B88D476310F7045E
:1071C0000145EFF03FC91305400697C0FE1FE78059
:1071D00000AF0545EFF01FC81305400697C0FE1F1E
:1071E000E780E0AD0145EFF0FFC61305400697C00C
:1071F000FE1FE780C0AC0545EFF0DFC5BD45175564
:10720000010013052550EF40F02237170040832777
:10721000870A8545414593E707022324F70AEFB023
:10722000EEE68D4513050002EFB04EE6EFB0DEED61
:10723000716513050520EFB03EEA0545EFB0FEEF9E
:1072400095450545EFB01EF1B7E700E0114723A2D1
:10725000E71097D7FE1F83C737AE8546639CD700DC
:10726000E145175501001305E54AEF40B01C9307AF
:10727000600221B7639BE700E14517550100130544
:10728000E54AEF40301BC947CDBD0D47E39BE7EE14
:10729000E145175501001305E54AEF40B019930782
:1072A000A003E1BDD945175501001305254BEF405B
:1072B0007018CD4717D7FE1F2312F7BA9757010052
:1072C000938787CB17D7FE1F2324F778954717D7C7
:1072D000FE1F2301F77897D7FE1F9387E7A583C783
:1072E000070017D7FE1F230AF776A14717D7FE1FFF
:1072F0002316F7769307200317D7FE1F231DF77475
:10730000B2409307001017D7FE1F2317F77417D545
:10731000FE1F1305E57341016FF0AFAF17D7FE1FD6
:10732000034787738D47631AF706914717D7FE1FE8
:10733000A304F7A09307800217D7FE1F2310F7B20C
:10734000B707040003A387051306803E2DB9C54582
:107350001755010013050542EF40D00D9307700249
:1073600017D7FE1F231CF7AE97570100938707D44A
:1073700017D7FE1F232EF76CE1A517D7FE1F034773
:10738000A76D8D47631BF7008547454517D7FE1F3F
:10739000A304F79AEFF03FA671BFA9451745010076
:1073A0001305C585EF401009914717D7FE1F231815
:1073B000F7AA9307400549B7C545175501001305BE
:1073C000A53CEF4030079307900217D7FE1F231705
:1073D000F7A897D6FE1F83C6369611479757010028
:1073E0009387C7A9E386E6F897570100938747BCC0
:1073F00041B717D7FE1F034727668D476310F77203
:107400009307A00217D7FE1F231AF7A46DABC5453B
:107410001755010013058538EF40D0019307B002DE
:1074200017D7FE1F231CF7A297D6FE1F83C6D69040
:10743000114797570100938727A6E38BE6F29757EA
:1074400001009387A7B82DB717D7FE1F0347C76062
:107450008D476315F76C9307C0026DB7C545175587
:1074600001001305E534EF40E07C9307D00217D705
:10747000FE1F2315F79E97D6FE1F83C6F68B114776
:1074800097570100938707A3E384E6EE975701001F
:10749000938787B5F1BD17D7FE1F0347E75B8D477D
:1074A000631EF7669307E002B1BFC545175501009B
:1074B00013054531EF4000789307F00217D7FE1F00
:1074C000231EF79897D6FE1F83C616871147975736
:1074D00001009387A7A1E38DE6E897570100938702
:1074E00027B479B517D7FE1F034707578D47631792
:1074F000F7629307000339B7C54517550100130517
:10750000A52DEF4020739307100317D7FE1F2317F5
:10751000F79497D6FE1F83C636821147975701000E
:107520009387879EE386E6E497570100938707B128
:1075300081B517D7FE1F034727528D476310F75EAB
:1075400093072003C1B5C545175501001305052A4A
:10755000EF40406E9307300317D7FE1F2310F790BC
:1075600097C6FE1F83C6567D114797570100938724
:10757000279DE38FE6DE975701009387A7AFCDBB2A
:1075800017D7FE1F0347474D8D476319F7589307D9
:1075900040038DBDC5451755010013056526EF4015
:1075A00060699307500317D7FE1F2319F78A97C600
:1075B000FE1F83C676781147975701009387079A75
:1075C000E388E6DA97570100938787AC55B317D75E
:1075D000FE1F034767488D476312F7549307600304
:1075E00015B5C545175501001305C522EF40806448
:1075F0009307700317D7FE1F2312F78697C6FE1F47
:1076000083C696731147975701009387678CE38170
:10761000E6D6975701009387E79E99BB17D7FE1FC1
:10762000034787438D47631BF74E93078003D9BBFE
:10763000C945175501001305251FEF40A05F9307AB
:10764000900317D7FE1F231BF78097C6FE1F83C624
:10765000B66E1147975701009387C78CE38AE6D02F
:10766000975701009387479F21B3ED4517550100B8
:107670001305C51CEF40005C9307B00317C7FE1F3E
:10768000231EF77C975701009387C7A5D5B117D75D
:10769000FE1F0347673C8D476311F70497F7FE1FF2
:1076A00083C707F91547637EF700894717C7FE1F91
:1076B0002317F77A9307400517C7FE1F2310F77AA1
:1076C000ADB41307E003850797C6FE1F2398E6783D
:1076D00017F7FE1F230EF7F489BC371700408327E6
:1076E000870A8545414593E707022324F70AEFB04F
:1076F000EE998D4513050002EFB04E99EFB0DEA074
:10770000096513050558EFB03E9D0545EFB0FEA293
:1077100095450545EFB01EA4914737E700E02322C9
:10772000F71017C7FE1F231CF7729307C00369B732
:10773000E5451755010013052512EF40A04F9307AB
:10774000D00317C7FE1F231BF770975701009387BD
:10775000279C39B917D7FE1F034707308D47631F92
:10776000F73A894717C7FE1F231BF76E9307E003FD
:1077700051B9CD45175501001305C50FEF40804B9A
:107780009307F00317C7FE1F231AF76C97570100E2
:107790009387C7A9F1BE894717C7FE1F2311F76C4E
:1077A0009307000485B1CD45175501001305C50D9C
:1077B000EF4040489307100417C7FE1F2310F76AD5
:1077C000975701009387079A65B617D7FE1F03479F
:1077D000A7288D476314F734894717C7FE1F231066
:1077E000F7689307200439B9CD45175501001305F3
:1077F000E50AEF4020449307300417C7FE1F231FFC
:10780000F764975701009387E79A9DB617D7FE1F35
:10781000034787248D476313F730894717C7FE1F37
:10782000231FF76293074004F1BEC94517550100B5
:1078300013050508EF4000409307500417C7FE1FCB
:10784000231EF760975701009387C79B15B617D77C
:10785000FE1F034767208D476312F72C894717C720
:10786000FE1F231EF75E9307600469BECD451755C2
:10787000010013052505EF40E03B9307700417C78F
:10788000FE1F231DF75C975701009387E79BCDB43C
:1078900017D7FE1F0347471C8D476311F7288947F9
:1078A00017C7FE1F231DF75A93078004A1BECD45BD
:1078B0001755010013054502EF40C03793079004A8
:1078C00017C7FE1F231CF758975701009387079D82
:1078D00045B417D7FE1F034727188D476310F724B9
:1078E000894717C7FE1F231CF7569307A00419BE2C
:1078F000CD4517550100130565FFEF40A0339307F1
:10790000B00417C7FE1F231BF75497570100938736
:10791000679BB9BC17D7FE1F034707148D47631F2A
:10792000F71E894717C7FE1F231BF7529307C00492
:10793000D1BCCD4517550100130585FCEF40802FC4
:107940009307D00417C7FE1F231AF750975701005B
:107950009387C78831BC17D7FE1F0347E70F8D47B2
:10796000631EF71A894717C7FE1F231AF74E93079E
:10797000E00449BCD545175501001305A5F9EF40B2
:10798000602B9307F00417C7FE1F2319F74C974786
:1079900001009387A77FE9BA17D7FE1F0347C70BDC
:1079A0008D47631DF716894717C7FE1F2319F74A2E
:1079B0009307000517C7FE1F2312F74A854717C70D
:1079C000FE1F231FF748B707040003A387052146BE
:1079D0006FF06FDBF14517550100130525F5EF40FA
:1079E00060259307100517C7FE1F2319F746974711
:1079F00001009387276F17D7FE1F232BF70417C7A4
:107A0000FE1F0357E74585476318F7028D4717D7D1
:107A1000FE1F2301F70497C7FE1F9387E73183C733
:107A2000070017D7FE1F230AF702A14717D7FE1F2B
:107A30002316F702D147C9B097C7FE1F239207420A
:107A40009547F1B717D7FE1F034707018D47631A04
:107A5000F700894717C7FE1F2313F7409307200538
:107A600055B217C7FE1F0357A73F85476318F70A8C
:107A700097C7FE1F2396073E894717C7FE1F23108F
:107A8000F73E9307000517C7FE1F2319F73C37176A
:107A900000408327870A8545414593E70702232451
:107AA000F70AEFA0BEDE8D4513050002EFA01EDE33
:107AB000EFB08EE5716513050520EFB0EEE10545E9
:107AC000EFB0AEE795450545EFB0CEE8B7E700E08B
:107AD000114723A2E710C5BDC9451755010013057D
:107AE000A5E6EF4020159307300517C7FE1F2317A3
:107AF000F736974701009387A7776FF07F8717D7EF
:107B0000FE1F034767F58D47631AF700894717C7BC
:107B1000FE1F2316F73493074005EDB0A94517352E
:107B200001001305A50DEF40E0109147CDB789473F
:107B300017D7FE1FA302F7F297C7FE1F938787325E
:107B40009C4391C717C5FE1F03556531829797C7A0
:107B5000FE1F23A9073097C7FE1F23920730B240AC
:107B600041018280828097C7FE1F2389073097C713
:107B7000FE1FA385073097C7FE1FA38207308280B0
:107B800017C5FE1F0345951B8280011106CE22CC2E
:107B900026CA3A844AC84EC652C456C2AA84AE8A7D
:107BA0003289B6893E8AEF40FF8B8947054517D752
:107BB000FE1FA303F7EAEFF0EF9D17F7FE1F034741
:107BC00027989307400263E5E7000545EFF0CF8271
:107BD000CD45175501001305E5DCEF40A00537172B
:107BE00000408327870A8545414593E70702232400
:107BF000F70AEFA0BEC98D4513050002EFA01EC90C
:107C0000EFB08ED0716513050520EFB0EECC0545C1
:107C1000EFB0AED295450545EFB0CED31147B7E7EB
:107C200000E023A2E710EF40FF83854717C7FE1F40
:107C3000A306F71097C7FE1FA381072497C7FE1F4F
:107C40002395072297C7FE1F2388072297C7FE1F89
:107C5000238E072097C7FE1FA38A0720854717C7D3
:107C6000FE1F231EF71E97C7FE1FA388570D97C739
:107C7000FE1F2386472117C7FE1F0347170C8547A2
:107C8000631BF70A97C7FE1FA388371F89C497C7CE
:107C9000FE1F23A9971C5DC497C7FE1F238F87086B
:107CA000630A0910EF400FFC17C7FE1F03470709BF
:107CB00097F7FE1F9387878741CF83D7670997F58B
:107CC000FE1F83C5A5DB170501001305A54E17F799
:107CD000FE1F2319F78EEF30504C9307A005930534
:107CE000300217550100130525CD17C7FE1F2317B6
:107CF000F716EF30307497C7FE1F238107048947BA
:107D000017C7FE1F2309F718B7070400BC4F130657
:107D1000007DA14517C5FE1F034505028297EF4070
:107D20006FF4F2406244D2444249B249224A924A34
:107D30000545056182809307D00217C7FE1FA30D7A
:107D4000F712A9B7854717C7FE1F2308F7FE89BF9B
:107D500083D7870917F7FE1F0357A7869306301F9F
:107D6000B307F740C207C18363FFF60297F5FE1F12
:107D700083C5C5D0170501001305C54397F7FE1F3E
:107D80002392E784EF3070419307A00517C7FE1FC9
:107D90002316F70C93053002175501001305C5C1D2
:107DA000EF305069A9BF9307200617C7FE1F23179E
:107DB000F70AB1B79307200617C7FE1F2310F70A6B
:107DC000D54517550100130565C1D9BF1388F5FFC7
:107DD0001378F80F8581C28E01468148014E937752
:107DE000F60FBE8663F7B7063307C50005430DA03F
:107DF000034F0700834F17006378FF012300F7014B
:107E0000A300E701368E0143850693F6F60F0507BA
:107E1000E3E0D6FF631F0302B307F84093F7F70FC1
:107E20003307F500C68663E6F8000506F28EB688CD
:107E30007DB7834EF7FF0343070063F76E0023000F
:107E4000D701A30F67FEBE86FD1793F7F70F7D17C7
:107E5000D9BF828017C7FE1F0347E7038947E30E98
:107E6000F74C01114AC806CE22CC26CA4EC652C4CF
:107E700003474500930770042A896312F75A834623
:107E8000550093071004639CF65819469745010066
:107E90009385456FEF30505A2A8419C503071500A2
:107EA000930700036310F702AD4517550100130552
:107EB00065B46244F240D2444249B249224A056163
:107EC0006F30505783073500294793046500938727
:107ED00007FDB387E702034745009305E0022685C7
:107EE000130707FDBA9717E7FE1F2302F774EFC0C9
:107EF000A00197E7FE1F239B0772AA8963E3A40AE8
:107F0000138419009305C0022285EFB0F07F01476A
:107F10006373A410018D97E6FE1F938626612946A0
:107F2000634AA70897C7FE1F83C717E10D47639AE7
:107F3000E70A17E7FE1F0347A7609307900263EC69
:107F4000E70C17E7FE1F0357676E9307B01763F43C
:107F5000E70C97C7FE1F83C737F2850717C7FE1FB9
:107F6000A30CF7F0BD4517550100130565A991B79E
:107F700083D70610B387C702C207C18397E5FE1FE8
:107F80002396F56AB305E40083856500938707FDB2
:107F90000507AE9797E5FE1F239AF568E34A97FC1D
:107FA00085B70147B304954097E6FE1F93860658B0
:107FB0002946EDB783D70610B387C702C207C1832E
:107FC00097E5FE1F2394F566B385E90083851500C8
:107FD000938707FD0507AE9797E5FE1F2398F56485
:107FE00081B705476399E70217E7FE1F0357076448
:107FF0009307D02E63F1E70297C7FE1F83C7D7E729
:10800000850717C7FE1FA309F7E6BD4517550100F1
:10801000130505A079BD974501009385A55609462E
:108020004A85EF307041AA84975501009385459F9A
:108030004A85EFC06047630E0524838714002947F3
:10804000B7460F00938707FDB387E70203C72400F5
:108050009386062413841400130707FDBA9717E7C5
:10806000FE1F230DF75A83873400379798001307B4
:108070000768938707FDB387E70203874400130768
:1080800007FD3307D702E1669386066ABA9703872E
:108090006400130707FD3307D702896693860671CC
:1080A000BA9703877400130707FD3307D7029306B7
:1080B000803EBA9703878400130707FD3307D70272
:1080C00093064006BA9703879400130707FD33070A
:1080D000D702A946BA970387A400130707FD330701
:1080E000D702BA9797550100938505944A8517E7FB
:1080F000FE1F2327F752EFC0203B630B05248307A5
:10810000D40013074006A946938707FDB387E7020B
:108110000307F400130707FDBA970307E4001307EA
:1081200007FD3307D702B7460F0093860624BA9798
:1081300017E7FE1F2318F74E8307040137979800AF
:1081400013070768938707FDB387E7020307140146
:10815000130707FD3307D702E1669386066ABA97CD
:1081600003073401130707FD3307D7028966938697
:108170000671BA9703074401130707FD3307D702B7
:108180009306803EBA9703075401130707FD330790
:10819000D70293064006BA9703076401130707FD49
:1081A0003307D702A946BA9703077401130707FDDF
:1081B0003307D702BA9797E4FE1F93842437838549
:1081C000040F17E7FE1F2321F74613075003938779
:1081D000F5FF93F7F70F6366F70A83D7840F13074A
:1081E0001004938767FBC207C183636CF70803A67B
:1081F000440F37440F0013040424B3668602175556
:1082000001001305E58233468602EF30007903A6AC
:10821000C40F8395840F175501001305A582B3661B
:10822000860233468602EF30407797E5FE1F83C50E
:108230000540175501001305A581EF30007693071F
:10824000400697E5FE1F83D5653E33F6F5021755C8
:1082500001001305A580B3D5F502EF30007497C770
:10826000FE1F83C777C1850717C7FE1FA306F7C088
:10827000854717C7FE1FA302F7C097C7FE1FA38F2E
:1082800007AAF2406244D2444249B249224A0561F7
:108290008280974501009385E5784A85EFC0C0202C
:1082A0006DD1838714005957D956938707FDB3873B
:1082B000E70203C7240037460F0013060624138481
:1082C0001400998F9387070317E7FE1F2308F734DD
:1082D0008387A4003797980013070768938707FDE3
:1082E000B386D70283873400938707FDB387E702FD
:1082F00003874400130707FD3307C70261661306AF
:10830000066ABA9703876400130707FD3307C7029D
:10831000096613060671BA9703877400130707FDF1
:108320003307C7021306803EBA97038784001307FA
:1083300007FD3307C70213064006BA970387940068
:10834000130707FD3307C702BA97B387F64059BB37
:10835000974501009385856D4A85EFC0E01415D1DE
:108360000307F4009307000393064006998F030761
:10837000D40037460F0013060624130707FD330702
:10838000D702A946998F0307E400130707FD3307B7
:10839000D702D956998F17E7FE1F2315F7288307B1
:1083A00074013797980013070768938707FDB38612
:1083B000D70283070401938707FDB387E70203070A
:1083C0001401130707FD3307C70261661306066A27
:1083D000BA9703073401130707FD3307C70209667D
:1083E00013060671BA9703074401130707FD330705
:1083F000C7021306803EBA9703075401130707FD0F
:108400003307C70213064006BA9703076401130730
:1084100007FD3307C702BA97B387F64069BB034429
:108420002900BD461304F4FB9377F40FE3EBF6E465
:1084300025641304B4803354F4001344F4FF058816
:10844000E31104E493073005E31DF7E20347590005
:1084500093076005E317F7E29305C0024A85EFB082
:10846000B02A93041500AA899305C0022685EFB0AF
:10847000B02997C7FE1F238507A02A8A63EBA408AB
:1084800093041A009305C0022685EFB0F02797C722
:10849000FE1F238B079CAA8963E9A40A9384190011
:1084A0009305C0022685EFB0302697C7FE1FA38D27
:1084B000079A63E8A40C0D46974501009385850C47
:1084C0000505EF30607793041500AA899305C00273
:1084D0002685EFB07023814763FEA40C01478147D6
:1084E000B3049540A946C9A0B387C702B386E90083
:1084F00083C616000507938707FDB69793F7F70F16
:108500008546E34397FEADDE17C7FE1F230AF796A5
:1085100085BF814681470147B30495402946D5B7B9
:10852000B387C702B306EA0083C616000507938720
:1085300007FDB69793F7F70F8546E34397FEB9DE3D
:1085400017C7FE1F2302F79291BF8146814701475B
:10855000B30495402946D5B7B387C702B386E9006F
:1085600083C616000507938707FDB69793F7F70FA5
:108570008546E34397FEA1D217C7FE1FA306F78ED9
:108580001DBF814681470147B30495402946D5B7B1
:10859000B387D7023386E9000346160005079387A1
:1085A00007FDB29793F7F70FE34497FE13073006E2
:1085B000636FF70017C7FE1F0347078B7D170A0776
:1085C00097D6FE1F9386C69036972300F7000D4678
:1085D00097450100938505FB0505EF30E0659304A1
:1085E0001500AA899305C0022685EFB0F0118147D6
:1085F00063FAA40201478147B3049540A94629A81C
:10860000B387D7023386E900034616000507938730
:1086100007FDB29793F7F70FE34497FE1307300671
:10862000636FF70017C7FE1F034707847D170A070C
:1086300097D6FE1F9386C6893697A300F7000D468E
:1086400097450100938505F40505EF30E05E93043E
:108650001500AA899305C0022685EFB0F00A81476C
:1086600063FAA40201478147B3049540A94629A8AB
:10867000B387D7023386E9000346160005079387C0
:1086800007FDB29793F7F70FE34497FE1307300601
:10869000636FF70017B7FE1F0347077D7D170A07B3
:1086A00097D6FE1F9386C68236972301F7000D46A4
:1086B00097450100938505ED0505EF30E0579304DC
:1086C0001500AA899305C0022685EFB0F003814703
:1086D00063F9A40201478147058DA94629A8B387FC
:1086E000D7023386E900034616000507938707FD86
:1086F000B29793F7F70FE344A7FE13073006636FB3
:10870000F70017B7FE1F034727767D170A0797C69E
:10871000FE1F9386E67B3697A301F70017B7FE1F6F
:108720000347077697B7FE1F83C70774E31BF7B4A9
:1087300083472900130700056395E70697B4FE1FDA
:1087400083C49472A68517C5FE1F1305657897B775
:10875000FE1F238E0770EFF06FE7814701478D46BC
:1087600017B6FE1F1306C67097C5FE1F9385457684
:1087700063499700E30704B017B7FE1F2309F76E9C
:1087800009B663CEE6003388E50003480800138588
:108790001700B2972380070105449377F50F05076B
:1087A000C1BF97B6FE1F83C6365911476388E616C8
:1087B0009387E7FB93F7D70FE39507AC97B4FE1FBA
:1087C00083C4946AA68517C5FE1F13056570EFF074
:1087D000EFDF97B7FE1F83C7876901478D4617B63E
:1087E000FE1F1306E66897C5FE1F9385656E634CF2
:1087F000971209C417B7FE1F230BF76697B7FE1F22
:1088000083C7876717B4FE1F034464668507A28584
:1088100017B5FE1F1305C56517B7FE1F230EF764B6
:10882000EFF0CFDA814717B7FE1F1307676463DCE9
:108830008700B306F70083C606006396061017B7D5
:10884000FE1F2306F76217B7FE1F034747628D47D7
:1088500063F4E70897B7FE1F83C7476113851700C6
:108860001375F50F17B4FE1F2302A46097B5FE1F02
:1088700083C5056017B6FE1F0346965F17C4FE1F2B
:108880001304C45E3308F40097B6FE1F83C6665E09
:10889000B387C50017B7FE1F0347B75DB697BA97F2
:1088A00089872300F80022958347F5FF17450100CB
:1088B0001305C51BEF30600E97B7FE1F83C7075B1C
:1088C00081CF3E9403470400E54763F0E708A947DA
:1088D00017B7FE1FA30CF75897B7FE1F83C7075A99
:1088E000E9E397B7FE1F83C7775817B7FE1F034703
:1088F000A758BD076317F70A97B5FE1F83C505572D
:10890000894763EDB704854717B7FE1FA308F742F1
:10891000A14717B7FE1F2314F754A5B21307C004CD
:10892000E391E79661BD63CEE6003388E500034836
:10893000080013851700B297238007010544937739
:10894000F50F05076DB58507DDB517B7FE1F0347A2
:10895000F751A547E3E2E7F895479DBF17C5FE1F0E
:108960001305C550EFF08FC697B7FE1F83C7D73CDE
:108970001147639BE71417C7FE1F0347374F97C77D
:10898000FE1F83C7A74EBA9717C7FE1F0347274E80
:10899000BA971307E004E358F7F697B7FE1FA38FC3
:1089A000073897B7FE1F83C7574DE38C078C97B7DF
:1089B000FE1FA384074C97B7FE1F83C7074CF1EF38
:1089C00017E9FE1F130989B68357690917E5FE1FCA
:1089D0001305A5C0514417E7FE1F2315F7BEEF404E
:1089E000707A17B5FE1F034595493305850297C474
:1089F000FE1F9384245497E5FE1F938505BE26959C
:108A0000EF40B07317B7FE1F03477747B3078702DE
:108A10008356091097B5FE1F83C5654517B5FE1F20
:108A2000130505451148A6972397D7008346090FDC
:108A3000A38807002388D7008326490FD4C3835611
:108A4000890F2396D7008326C90F94C7814603C692
:108A5000170163C4B60AD147B307F70205071377B6
:108A6000F70FBE9483C71401B3C6D702BD47A388CE
:108A7000D40063EFE70897B7FE1FA382E74097B7DC
:108A8000FE1F83C7A73F850793F7F70F3D47636630
:108A9000F70817B7FE1F2303F73E97B7FE1F83C7DC
:108AA000C73D850793F7F70F17B7FE1F2307F73C5E
:108AB00017B7FE1F0347A73C63E5E7FC97B7FE1F08
:108AC000238D073A6FF0EFFB0547E386E7EAF917D6
:108AD00093F7F70FE367F7EC17C7FE1F0347173944
:108AE00097C7FE1F83C78738BA9717C7FE1F03476C
:108AF0000738BA971307200479BDB308D50083C897
:108B000008004696A388C700E38706F5850681B767
:108B100097B7FE1FA38507369DB7C14717B7FE1F3E
:108B2000230EF73497B7FE1F9387773583C7070067
:108B300017B7FE1FA304F7348DB78280397106DEA4
:108B400022DC26DA4AD84ED652D456D25AD05ECE3D
:108B500062CC66CA97B7FE1F83C7171E0547638599
:108B6000E7001147639CE74897B7FE1F83D7072F9D
:108B7000938767FAC207C18321476369F73C1747A8
:108B800001001307A7DD8A07BA979C43BA9782872B
:108B90008547D54517450100130545F017B7FE1F5A
:108BA000230BF72EEF3000099307C00517B7FE1F00
:108BB0002316F72A97B6FE1F83C616180547973760
:108BC0000100938767506386E6009737010093871B
:108BD000673C17C7FE1F232DF7E68D4717C7FE1FFB
:108BE000230AF7E697B7FE1F9387071583C7070089
:108BF00017C5FE1F1305C5E517C7FE1F230FF7E4B2
:108C0000A14717C7FE1F231BF7E49307800C17C764
:108C1000FE1F2312F7E49307001017C7FE1F231D42
:108C2000F7E2EFD01F9F1DA6854717B7FE1F23044D
:108C3000F72617E6FE1F035686E471CE17B5FE1F12
:108C40000355A5229307052017B4FE1F1304E42142
:108C500063D4C7061306002097E5FE1F9385E5A1A0
:108C6000EFC06FBD9305002017E5FE1F1305E5A0BB
:108C7000EFD09F9C8355040017450100130545E67E
:108C800093850520C205C18197B7FE1F239FB71C9E
:108C9000EF20B0509307F00517B7FE1F2310F71C05
:108CA000B7070400BC4F1306000AA14517B5FE1F05
:108CB00003458508829759AC098E4206418297E5A3
:108CC000FE1F9385859BEFC00FB797E7FE1F938725
:108CD000E78583D527558357040017E5FE1F130545
:108CE000C5999D8DC205C181EFD01F9597E5FE1FE7
:108CF00083D5E5D817450100130585DF97B7FE1F1B
:108D00002395B716EF20704997B7FE1F239F0714CE
:108D10009307000651B797B7FE1F239807149307D0
:108D2000000617B7FE1F231BF712B7070400BC4F3E
:108D30002146A5BFE54517450100130525DCEF20B9
:108D4000706F854717E5FE1F1305258917B7FE1FAE
:108D50002303F71402C0EF40F04297E5FE1F93850E
:108D6000C5870A85EF40703D82476577130707F88E
:108D7000BA974C000A853EC0EF4090371306400674
:108D8000814517C5FE1F130565C6EF908EE6035794
:108D900081008358E1000358C100835661000356E7
:108DA00041008357A100974501009385E5D617C57B
:108DB000FE1F1305A5C3EF80A003370404007C4009
:108DC00017C5FE1F130585C2829793150501C18142
:108DD00017C5FE1F130585C1EFD01F869307100628
:108DE00017B7FE1F231CF7063C4C1306001475BD75
:108DF000E54517450100130565D4EF20B063130660
:108E00004006814517C5FE1F130545BEEF906EDE77
:108E100097D5FE1F9385857137460F0013070624EB
:108E20008387450D03A6850D3346E60263DF0708F9
:108E30001307C0F9B387E702130730053E96B7471B
:108E40000F00138507248396C50D83A7050EB3C7AE
:108E5000A70263D406081305C0F993087005B3860A
:108E6000A602B69703A8050E83A5850DB7460F0089
:108E7000938606243368D80217C5FE1F130505B76D
:108E800037040400B3E6D502974501009385C5CCAD
:108E9000EF7010767C4017C5FE1F130525B582972D
:108EA00093150501C18117C5FE1F130525B4EFD029
:108EB000AFF89307200617B7FE1F2311F7FA89476B
:108EC00017B7FE1F2309F7FC05B713074006B38742
:108ED000E7021307E0043E969DB713054006B386EC
:108EE000A60293085004B697B5BF854717B7FE1F73
:108EF0002303F7FA17B7FE1F034727E497B7FE1FB0
:108F000083C7C7F717B4FE1F130434E363EDE70408
:108F10008347040093F7F70F89C797C7FE1FA38DF8
:108F200007B2894717B7FE1F231BF7F297B7FE1F3B
:108F3000938747F39C4399C30945829797B7FE1FD0
:108F400023A207F297B7FE1F239B07F0F25062544B
:108F5000D2544259B259225A925A025BF24B624C95
:108F6000D24C2161828003470400D98F91EF914751
:108F700017B7FE1F2315F7EE97B7FE1F938787EEEF
:108F80009C431145DDFB5DBF97B7FE1F83C7D7EE3E
:108F9000FD1717B7FE1FA301F7EE97B7FE1F83C794
:108FA000B7ED63990744DD45174501001305C5BCBE
:108FB000EF20504897B7FE1FA38007EC97B7FE1F1E
:108FC00083C7C7EB95CB8347040093F7F70F89C797
:108FD00097C7FE1FA38207A8894717B7FE1F231054
:108FE000F7E897B7FE1F9387E7E79C43A1DB17B528
:108FF000FE1F0355C5E691B79147C5B70D47E397E7
:10900000E7F497B7FE1F83D767E5938767FAC20730
:10901000C1832147E36CF7F2174701001307479616
:109020008A07BA979C43BA9782878547D5451745E3
:1090300001001305A5A617B7FE1F230EF7E4EF20C6
:10904000703F9307C00517B7FE1F2319F7E0973746
:1090500001009387A70E17C7FE1F232BF79E894792
:10906000B5BE17C7FE1F0347279F8D476311F70241
:10907000C545174501001305E5A3EF20B03B89471F
:1090800017C7FE1FA30AF79C9307F00559B9D545EA
:1090900017450100130545A3CDB797D4FE1F938450
:1090A000E44883D7245509671307E7BFFD17C207B4
:1090B000C183637BF7169307000617B7FE1F231FB4
:1090C000F7D8B7070400BC4F0DB342044180228695
:1090D00097D5FE1F9385655AEFB0FFF5A28517D58A
:1090E000FE1F13058559EFD02FD583D509001745ED
:1090F00001001305E59FA295C205C18197B7FE1F28
:109100002395B7D6EF20700917E7FE1F035727975F
:1091100097B7FE1F83D767D56307F70C9307F00552
:10912000E9A0090597B7FE1F2391A7D417E7FE1FF3
:109130000357E79497B7FE1F83D727D3E3F8E7E0F9
:10914000EF304FB21946D28517B5FE1F0355E5D152
:10915000EFB07FEE83A7C41417B5FE1F0355E5D00B
:10916000B3F7FA00639D670917D4FE1F0354245117
:109170002104E3C88CFAB307A40017E7FE1F0357C6
:109180000790E374F7F417450100130565A1EF207C
:10919000D00003D6245517B5FE1F035505CD97D52E
:1091A000FE1F9385854D098E42064182EFB0BFE8D0
:1091B00083D7090083D5245517D5FE1F1305E54B2A
:1091C0009D8DC205C181EFD02FC797E5FE1F83D5C6
:1091D000058B174501001305A59197B7FE1F239630
:1091E000B7C8EF20807B9307000617B7FE1F231731
:1091F000F7C6B7070400BC4F130600057DB497D728
:10920000FE1F83C79747639F77010505420541818C
:10921000050997B7FE1F239AA7C41379F90FE377BF
:109220002CF151BD0905DDB7014997B9FE1F93899E
:10923000C9C317DAFE1F130A4A44C17A370BF1D9A2
:10924000930B100F154C930C0040CDB5E545174519
:1092500001001305A58AEF20F01D17D5FE1F130589
:10926000C53702C0EF40007297D5FE1F9385E536E3
:109270000A85EF40806C82476577130707F8BA9735
:109280004C000A853EC0EF40A0664800F52B9307CE
:10929000100625B5E545174501001305258AEF2081
:1092A000701913064006814517B5FE1F1305057496
:1092B000EF902E9417D4FE1F130444270325840D2A
:1092C000173901001309897CEF90504A03260900E1
:1092D00083264900EF801002830A440DAA89AE84D8
:1092E00063D50A00B7040080AD8C0325040EEF900F
:1092F000F0470326090083264900EF80A07F2A8AD1
:109300000315C40D2E8963560500370900803349C3
:10931000B900EF90B045CA865286EF80A00A173494
:1093200001001304247710405440EF80D074EF9074
:10933000B0372A895685EF9070434E86A686EF8017
:10934000600810405440EF801073EF90F0359306A2
:1093500000003686CA854D2B9307200617B7FE1FDF
:10936000231EF7AE894717B7FE1F2306F7B291BB3E
:10937000854717B7FE1F2300F7B217B7FE1F034735
:10938000E7AF97B7FE1F83C7479BE37CF7B897B754
:10939000FE1F83C7979AD98FE38B07BC97B7FE1F31
:1093A00083C797ADFD1717B7FE1FA307F7AC97B795
:1093B000FE1F83C777AC9DEF173501001305C57BF2
:1093C000DD45EF20300797B7FE1FA38707AA97B7A1
:1093D000FE1F83C7A7AA094591E3114597B7FE1F52
:1093E000239FA7A697B7FE1F9387C7A79C43E39623
:1093F00007B4A9B617B7FE1F035767A6A147631E98
:10940000F700B9451735010013058578EF20900264
:1094100097B7FE1FA38207A699BE9307200617B72A
:10942000FE1F231DF7A2B7070400BC4F13060064FC
:109430006FF0BF8797B7FE1FA38407A4930730067A
:10944000411117B7FE1F231BF7A0854706C617B7A4
:10945000FE1F2316F7A009C597B7FE1F23A4A7A0D8
:10946000B7070400BC4F2146A14517B5FE1F0345B1
:10947000A58C8297B2400545410182809307600622
:10948000411117B7FE1F231BF79C854706C617B768
:10949000FE1F2316F79C09C597B7FE1F23A4A79CA0
:1094A000B7070400BC4F2146A14517B5FE1F034571
:1094B000A5888297B240054541018280411106C6C8
:1094C00097B7FE1F83C757870D47639DE702014586
:1094D000EFD05F8C17D7FE1F034787069307A002C4
:1094E00063E5E7000545EFD0FF9617D7FE1F03475A
:1094F00027059307400263E2E702B24001454101BC
:109500006FD08FEF11476396E7000145EFD09F883A
:10951000E9BF0547E39BE7FCCDBFB2404101828034
:1095200097B7FE1F83D787939387D7F9C207C18365
:1095300011476366F728173701001307A7678A07E3
:10954000BA979C43411106C622C426C2BA978287A5
:10955000C9451735010013052567EF20A06D97A7B2
:10956000FE1F83C7777D0947639BE7060145EFD060
:109570009F889307400617B7FE1F2311F78E973772
:1095800001009387A7D617B7FE1F2323F74C930735
:10959000200317B7FE1F2310F74C954717B7FE1F80
:1095A000230AF74A97A7FE1F9387077983C7070007
:1095B0002244B24017B7FE1F2301F74A9244A14745
:1095C00017B7FE1F231CF74897B7FE1F23860748CF
:1095D00017B5FE1F1305C54741016FD08F83930751
:1095E000400617B7FE1F231BF786B707040003A327
:1095F000870517A5FE1F034525742146A145224472
:10960000B24092444101028317A4FE1F0344D47266
:109610008D476317F4048947014517B7FE1F2310D0
:10962000F784EFD02FF717D7FE1F034767F1930793
:10963000A00263E5E7000545EFD0DF819307500600
:1096400017B7FE1F231CF780B707040003A3870585
:109650001306800CA14517A5FE1F0345E56D45B710
:109660008944631B940217B7FE1F0347E73E631D3F
:10967000F700014597A7FE1F2393877EEFD08FF158
:109680000545EFD04FF75DBFA9451715010013053C
:10969000E556EF20205AF1BFB14517F5000013053C
:1096A00025C9EF2020597D45EFD02FD80145EFD0B7
:1096B0006FEE97A7FE1F2394977A49B7EF903EACC1
:1096C00085454145EF908E9C854513050002EF903E
:1096D000EE9B17D7FE1F0347A7E69307400263E5FB
:1096E000E7000145EFD04FD197A7FE1F93878777FB
:1096F0009C4391C717A5FE1F035565768297B2401C
:10970000224497A7FE1F23AF077497A7FE1F239835
:109710000774924441018280CD451735010013053D
:109720006528EF2020510545EFD0CFE6930770065E
:1097300017A7FE1F2314F772B707040003A38705BA
:109740001306401F01BF371700408327870A85454E
:10975000414593E707022324F70AEF902E938D45A6
:1097600013050002EF908E92EF901E9A716513051B
:109770000520EF907E960545EF903E9C954505456A
:10978000EF905E9DB7E700E0114723A2E71017D7DF
:10979000FE1F0347E7DA9307400263E5E70005454C
:1097A000EFD08FC5894717A7FE1F231AF76A97A71F
:1097B000FE1F9387276B9C430945A9F389B78280D5
:1097C00081471147B386F50003C80600B306F500CC
:1097D000850723800601E397E7FE2302C500A30265
:1097E000050081473387F500034747003308F5003C
:1097F0002303E800138717006312E604834845003B
:109800008146014695080947B305E50083C5050073
:1098100005072E969375F60FAE9613F3F60F139673
:109820008501931683016186E186E3DFE8FCA303EB
:10983000B80023046800138597008280BA875DB75B
:1098400093075005411117A7FE1F2319F76085479D
:1098500017A7FE1F2315F76006C697A7FE1F2392C2
:10986000076209C597A7FE1F23AEA75EB7070400CE
:10987000BC4F2146A14517A5FE1F0345E54B829726
:10988000B2400545410182805D71A2C479462A84B7
:109890008145081086C6EF80DEB5B7E70B119387C8
:1098A000179F02C63EC4C9472307F100835704002F
:1098B00002CA2C00A307F100A1832308F1008357FB
:1098C000240051460810A308F1008357440002CC3D
:1098D00002CE2309F10083576400A309F1008357E6
:1098E0008400230AF1008357A400A30AF100EFF0DB
:1098F0003FED93150501C1810810EFC0FFD3B640BD
:10990000264401456161828059718606CECEAA89BE
:1099100013D5160086D6A2D4A6D2CAD032C62E89B6
:10992000EFA060153246973701009387672C8C4370
:109930002A843285EF907032EFA0E013AA84654646
:1099400081454818EF80FEAAB7E70B109387179F51
:109950003ECE85472300F10293D789402301F102CF
:1099600093D70941A301F102935789402303F102E0
:1099700093570941A303F10293D784002305F10211
:1099800093D70401A305F10293578400A300310388
:10999000A3022103A3049102A30681022307F1027B
:1099A0006C089357040193D9894113598941E18087
:1099B000618045464818230231032304210323060E
:1099C0009102A307F10223088102EFF07FDF9315D4
:1099D0000501C1814818EFC03FC6B65026549654C1
:1099E0000659F649014565618280397106DE22DC3F
:1099F00026DA4AD84ED652D456D25AD05ECE62CC4F
:109A000066CA97A7FE1F83C7373305476385E700FC
:109A100011476392E74097A7FE1F83D7274413049B
:109A20007005638F87286363F4021307500563F1A1
:109A3000E718F2506254D2544259B259225A925AFB
:109A4000025BF24B624CD24C21618280130780058D
:109A5000E391E7FED5451735010013056521EF2099
:109A6000601D13064006814517B5FE1F130505F856
:109A7000EF803E9817D5FE1F130545AB0327850DD4
:109A80008307450D37460F00130606243346C702E9
:109A900063D807341307C0F9B387E702130730050B
:109AA0003E96B7470F00938507248316C50D83277D
:109AB000050EB3C7B70263DD06329305C0F99308FC
:109AC0007005B386B602B69737480F009305082491
:109AD0008326850D0328050E17A5FE1F0345D525F2
:109AE000B3E6B6023368B8029145631BB5309735CB
:109AF00001009385651917B5FE1F130525EFEF705B
:109B0000202FB7070400FC4317B5FE1F130505EE11
:109B100082979305F5FF2A8493F5F50F17B5FE1F7D
:109B20001305D5ECEFD0EF831374F40F2A8617B525
:109B3000FE1F1305A5EB973501009385E5122295CD
:109B4000EF70002B370404007C4017B5FE1F13058F
:109B5000E5E9829793150501C18117B5FE1F13052D
:109B6000E5E8EFC07FAD7C4017B5FE1F130505E8A3
:109B7000829793150501C18117B5FE1F130505E7EF
:109B8000EF20400B894717A7FE1F231AF72C97A732
:109B9000FE1F9387272D9C4399C30945829797A75A
:109BA000FE1F23A1072C97A7FE1F239A072A51B552
:109BB000FD45173501001305E503EF20A00717D673
:109BC000FE1F0356C6EB65C217A5FE1F0355652B86
:109BD0009307052097A4FE1F9384A42A63D9C70482
:109BE0001306002097D5FE1F938525A9EFB0AFC4BB
:109BF0009305002017D5FE1F130525A8EFC0DFA38E
:109C000083D50400173501001305C5009385052091
:109C1000C205C18197A7FE1F2395B726EF10F05705
:109C20009307600517A7FE1F231AF7228DA0098E40
:109C30004206418297D5FE1F938525A4EFB0AFBFA2
:109C400097D7FE1F9387878E83D5275583D7040028
:109C500017D5FE1F130565A29D8DC205C181EFC0FA
:109C6000BF9D97D5FE1F83D585E1173501001305EC
:109C700065FA97A7FE1F2396B720EF10105297A7FB
:109C8000FE1F2390072097A7FE1F2399871CB70765
:109C90000400BC4F1306000AA14517A5FE1F03458B
:109CA000A509829779B397A7FE1F239C071C97A746
:109CB000FE1F2395871AB7070400BC4F2146E9BF52
:109CC000E145173501001305A5F6EF10B07617D55D
:109CD000FE1F1305859002C0EF30D04A97D5FE1FB6
:109CE0009385A58F0A85EF30504582476577130726
:109CF00007F8BA974C000A853EC017B4FE1F13043C
:109D0000E4CEEF30F03E1306400681452285EF8019
:109D10004EEE17A5FE1F0345350291458358E1001D
:109D20000358C1008357A100035781008356610087
:109D300003564100631EB508973501009385C5F0B1
:109D40002285EF70E00AB7070400FC432285829762
:109D50009305F5FFAA8493F5F50F17B5FE1F1305BC
:109D6000F5C8EFC01FE093F4F40F2A869735010081
:109D7000938585EF33059400EF7080073704040066
:109D80007C4017B5FE1F130565C682979315050124
:109D9000C18117B5FE1F130565C5EFC0FF897C4063
:109DA00017B5FE1F130585C4829793150501C18160
:109DB00017B5FE1F130585C3EF10D0679307800505
:109DC00017A7FE1F231CF7083C4C13060014E9B527
:109DD00097350100938545D42285EF70600179BFE6
:109DE00013074006B387E7021307E0043E9655B910
:109DF00093054006B386B60293085004B697E9B1BE
:109E000097350100938545D517B5FE1F130505BE8F
:109E1000EF60107E05BB8D46E39DD7C097A7FE1F60
:109E200083D7C7039387B7FAC207C183E363F7C039
:109E300017370100130787DA8A07BA979C43BA9746
:109E40008287E14517350100130585DEEF10905E2E
:109E500017C5FE1F1305657802C0EF30B03297C5F5
:109E6000FE1F938585770A85EF30302D8247657711
:109E7000130707F8BA974C000A853EC0EF30502709
:109E80004800EFF07FA09307800517A7FE1F231758
:109E9000F7FCB7070400BC4F0DBFD54517350100CF
:109EA000130505DDEF10105913064006814517B55F
:109EB000FE1F1305A5B3EF80CED317C4FE1F1304F6
:109EC000E4660325840D17390100130929BCEF90BE
:109ED000E0090326090083264900EF70B041830A98
:109EE000440DAA89AE8463D50A00B7040080AD8C06
:109EF0000325040EEF9080070326090083264900FE
:109F0000EF70503F2A8A0315C40D2E896356050051
:109F1000370900803349B900EF904005CA86528660
:109F2000EF70404A173401001304C4B61040544087
:109F3000EF806034EF8050772A895685EF900003D8
:109F40004E86A686EF70004810405440EF80A03245
:109F5000EF809075930600003686CA85EFF0DF9A91
:109F600097D5FE1F83D5A5B1173501001305C5D3BD
:109F7000EF10B02297A7FE1F239507F09307600507
:109F800029B797C4FE1F9384645A83D72455096761
:109F90001307E7BFFD17C207C1836379F71697A7B9
:109FA000FE1F239007EE9307900517A7FE1F2317A8
:109FB000F7EA11B342044180228697C5FE1F9385BC
:109FC000C56BEFB04F87A28517C5FE1F1305E56A65
:109FD000EFC08FE683D5090017350100130585C34F
:109FE000A295C205C18197A7FE1F239CB7E8EF1079
:109FF000D01A17D7FE1F035787A897A7FE1F83D72E
:10A0000047E8E31DF7F69307900541B5090597A7C3
:10A01000FE1F2398A7E617D7FE1F035747A697A74B
:10A02000FE1F83D707E6E3F6E7A0EF20AFC319468C
:10A03000D28517A5FE1F0355C5E4EFA0DFFF83A758
:10A04000C41417A5FE1F0355C5E3B3F7FA006394C4
:10A05000670917C4FE1F035484622104E3C88CFA05
:10A06000B307A40017D7FE1F035767A1E374F7F4E3
:10A07000173501001305C5B2EF10301203D6245571
:10A0800017A5FE1F0355E5DF97C5FE1F9385E55E07
:10A09000098E42064182EFA01FFA83D7090083D5BB
:10A0A000245517C5FE1F1305455D9D8DC205C18151
:10A0B000EFC08FD897D5FE1F83D5659C173501005B
:10A0C000130545B597A7FE1F239DB7DAEF10F00CD7
:10A0D0009307700581BE97C7FE1F83C7175A639504
:10A0E0007703050542054181050997A7FE1F239ABD
:10A0F000A7D81379F90FE3702CF317350100130576
:10A10000A5BBEF10900961BD0905E9BF014997A9F9
:10A11000FE1F938909D717CAFE1F130A0A56C17A70
:10A12000370BF1D9930B100F514C930C0040E5B550
:10A13000C145173501001305A5B999B497A7FE1FAE
:10A14000938787C1371700409C438326070C93C72A
:10A15000F7FFF58F2320F70C82803717004097A672
:10A16000FE1F938666BF8327070C9442D58F23205A
:10A17000F70C8280B717004003A5470C97A7FE1F76
:10A18000938787BD9C437D8D828097A7FE1F938711
:10A19000E7BC371700409C438326070C93C7F7FFA3
:10A1A000F58F2320F70C82803717004097A6FE1FFB
:10A1B0009386C6BA8327070C9442D58F2320F70CC9
:10A1C0008280B717004003A5470C97A7FE1F93870F
:10A1D000E7B89C437D8D828097A7FE1F9387C7B702
:10A1E000371700409C438326070A93C7F7FFF58F74
:10A1F0002320F70A82803717004097A6FE1F938618
:10A20000A6B58327070A9442D58F2320F70A8280B8
:10A21000B717004003A5470A97A7FE1F9387C7B348
:10A220009C437D8D82806FF05FF66FF0FFF76FF0DB
:10A230005FF96FF0BFF06FF05FF26FF0BFF36FF098
:10A24000DFF46FF07FF66FF0DFF7411102C62147B0
:10A25000B2476354F70041018280B24785073EC68A
:10A26000C5BF97C7FE1F83C7A72D13075002637F83
:10A27000F7009307001017A7FE1F232FF7AC9307D3
:10A28000002017A7FE1F232BF7AC8280639BE700FB
:10A290009307000817A7FE1F2320F7AC93070010B1
:10A2A000CDB7130730026393E70001E9896717A769
:10A2B000FE1F2323F7AA8567E9B7856717A7FE1F47
:10A2C000232CF7A8896775BF97A7FE1F938747A818
:10A2D0009C43411106C6829797A7FE1F938787A6C6
:10A2E0009C438297EFF07FF697A7FE1F938707A600
:10A2F0009C438297EFF07FF597A7FE1F938747A4B3
:10A300009C438297B24041016FF03FF497A7FE1F34
:10A310009387C7A39C43411106C68297EFF0FFF2D3
:10A3200097A7FE1F938707A29C438297EFF0FFF148
:10A3300097A7FE1F9387C7A19C438297B240410114
:10A340006FF0BFF0411122C426C206C617C7FE1F18
:10A350000347071F9307500297A4FE1F9384C49FCF
:10A3600017A4FE1F1304849F63F1E70A97070000F8
:10A37000938767EC17A7FE1F2326F79C970700001B
:10A380009387A7EB17A7FE1F232CF79A97070000C8
:10A390009387E7EA17A7FE1F2328F79A970700007D
:10A3A000938727EA17A7FE1F2324F79A9707000031
:10A3B000938767E917A7FE1F232AF79897070000DE
:10A3C0009387A7E817A7FE1F2326F79881459307D1
:10A3D00000101305001017A7FE1F232FF796EF801C
:10A3E0004ED59307002017A7FE1F2329F796814516
:10A3F00013050020EF80EED3B717004003A7C70C6A
:10A400009440558F23A6E70C4DA0631CF70A9707CD
:10A4100000009387A7DC17A7FE1F2325F792970755
:10A420000000938787DD17A7FE1F232BF790970760
:10A430000000938727DE17A7FE1F2327F7909707B3
:10A440000000938787DE17A7FE1F2323F790970747
:10A4500000009387C7DD17A7FE1F2329F78E9707F4
:10A460000000938707DD17A7FE1F2325F78E814580
:10A47000930700081305000817A7FE1F232EF78C6B
:10A48000EF80CEC09307001081451305001017A779
:10A49000FE1F2325F78CEF80CEC9B717004003A716
:10A4A000C70A9440558F23A6E70A144003A7C70C98
:10A4B0002244B2409244558F23A6E70C41016FF02D
:10A4C000FFE4970700009387A7C717A7FE1F232B5A
:10A4D000F78697070000938787C817A7FE1F2321D9
:10A4E000F78697070000938727C917A7FE1F232D1C
:10A4F000F78497070000938787C917A7FE1F2329B2
:10A50000F78497070000938767CA17A7FE1F232FBA
:10A51000F78297070000938707CB17A7FE1F232B0F
:10A52000F782896717A7FE1F2328F782856717A779
:10A53000FE1F2325F78281450D656DBD411122C4A3
:10A5400026C206C617C7FE1F034787FF93075002A0
:10A5500097A4FE1F9384448017A4FE1F1304048055
:10A5600063FBE70A970700009387E7CC1797FE1F66
:10A57000232AF77C97070000938727CC1797FE1FA5
:10A580002320F77C97070000938767CB1797FE1F60
:10A59000232CF77A970700009387A7CA1797FE1F07
:10A5A0002328F77A970700009387E7C91797FE1FBC
:10A5B000232EF77897070000938727C91797FE1F68
:10A5C000232AF7788D45930700101305001017977D
:10A5D000FE1F2323F778EF80CEB5930700208D452B
:10A5E000130500201797FE1F232AF776EF806EB41D
:10A5F000B717004003A7C70C9440558F23A6E70C5C
:10A60000144003A7C70CB2402244558F23A6E70C81
:10A610009244410182806311F70A970700009387F3
:10A62000E7BB1797FE1F232FF7709707000093874C
:10A63000C7BC1797FE1F2325F77097070000938765
:10A6400067BD1797FE1F2321F770970700009387B8
:10A65000C7BD1797FE1F232DF76E9707000093873E
:10A6600007BD1797FE1F2323F76E970700009387F8
:10A6700047BC1797FE1F232FF76C8D4593070008E3
:10A68000130500081797FE1F2328F76CEF800EA014
:10A69000930700108D45130500101797FE1F232FF9
:10A6A000F76AEF800EA9B717004003A7C70A9440C6
:10A6B000558F23A6E70AA9B797070000938747A8F5
:10A6C0001797FE1F2320F76897070000938727A995
:10A6D0001797FE1F2326F766970700009387C7A9E1
:10A6E0001797FE1F2322F76697070000938727AA74
:10A6F0001797FE1F232EF76497070000938707AB79
:10A700001797FE1F2324F764970700009387A7ABD2
:10A710001797FE1F2320F76489671797FE1F232DC5
:10A72000F762814585670D651797FE1F2328F7623D
:10A73000EF802EA0B7170040944003A7C70CB2408B
:10A740009244558F23A6E70C144003A7C70C22445C
:10A75000558F23A6E70C41016FF05FBB797122D4BE
:10A7600026D24AD04ECE52CC56CA5AC85EC606D65B
:10A77000AA840144979BFE1F938B4B5D9799FE1F04
:10A780009389095D979AFE1F938ACA5B1799FE1FEA
:10A790001309095B1D4B214A93978401E18763DA12
:10A7A000070483A709008297EFF03FAA83A70A0056
:10A7B0008297EFF09FA983270900829783270900DA
:10A7C00082976315640183A70900829705048604B4
:10A7D0001374F40F93F4F40FE31044FDB2502254B9
:10A7E00092540259F249624AD24A424BB24B4561F5
:10A7F000828083A70B0045BF011122CC26CA4AC81C
:10A800004EC652C406CEA14401449799FE1F9389B7
:10A810006953179AFE1F130AEA531799FE1F13096B
:10A82000295283A7090006041374F40F8297EFF0EE
:10A83000DFA183270A00829701C505041374F40F72
:10A8400083270900FD1493F4F40F8297EFF0FF9F24
:10A85000E9F82285F2406244D2444249B249224A90
:10A86000056182809797FE1F9387874E9C43011155
:10A8700006CE8297EFF07F9D9797FE1F9387874CB8
:10A880009C438297EFF07F9C9797FE1F9387874C9E
:10A890009C4382979797FE1F9387874A9C432AC6BB
:10A8A0008297EFF09F9A3245F2403335A000056160
:10A8B00082809797FE1F938767499C43411106C684
:10A8C0008297EFF09F989797FE1F9387A7479C4327
:10A8D0008297EFF09F979797FE1F938767469C4359
:10A8E0008297EFF09F969797FE1F938767469C434A
:10A8F0008297B24041016FF05F959797FE1F938753
:10A9000027459C43411106C68297EFF01F94979705
:10A91000FE1F938727439C438297EFF01F939797DF
:10A92000FE1F9387E7419C438297B24041016FF03D
:10A93000DF91797122D42A8406D626D24AD04ECE0F
:10A940002EC63289B6840604EFF01F981375E40F03
:10A95000EFF0DFE0EFF01FF125E5B2452E85EFF0D7
:10A96000FFDFEFF03FF029EDEFF01F9613651400C5
:10A970001375F50FEFF09FDEEFF0DFEE31E10144EC
:10A980009389F4FF93170401C18363EC9700EFF000
:10A99000FF970145B250225492540259F249456141
:10A9A0008280EFF07FE5B30789002380A7006386EC
:10A9B0008900EFF01FF00504F1B7EFF01FF4E5BFD9
:10A9C000EFF0DF947955F9B7011106CE26CA4AC8CF
:10A9D00022CC2AC62EC43289B684EFF0FF8E3245CF
:10A9E00006051375E50FEFF07FD7EFF0BFE711E92C
:10A9F000A245014413F5F50FEFF05FD6EFF09FE6A7
:10AA000019CDEFF0BF9079551DA0B307890003C59C
:10AA100007000504EFF09FD4EFF0DFE47DF193171A
:10AA20000401C183E3E397FEEFF05F8E0145F2403E
:10AA30006244D2444249056182801971854517A557
:10AA4000FE1F13052563A6DA86DEA2DCEFB03EE822
:10AA50001797FE1F230FA7429794FE1F938464430A
:10AA600011C9EFB01EF103850400F6506654D654A8
:10AA70000961828017A5FE1F1305C55FEFA05EDB8D
:10AA80001797FE1F2307A74069FD17A6FE1F130691
:10AA9000665E894526840A85854423000100230CCF
:10AAA0009102EFA02ED9EFB0DEEC8947A302F100AE
:10AAB0002303910097C7FE1F83C7471B0547639673
:10AAC000E70619472302E10085460947A303E10091
:10AAD000A30EE102230FD102A300010405476398EE
:10AAE000E704994717A6FE1F1306C65889450A852D
:10AAF000230EF10223000104EFA0EEA4EFB07EE7E5
:10AB000017A6FE1F1306065791451795FE1F13053E
:10AB1000E525EFA05EDA1797FE1F230CA73611C9B3
:10AB2000EFB03EE50305040089B7214761BFA547A3
:10AB300055BFF54717A7FE1F2306F75A17C7FE1F75
:10AB40000347C7128547631EF71AB7070400FC477F
:10AB500013062003972501009385C53117A5FE1F15
:10AB600013058558829717A6FE1F1306A650854524
:10AB700017A5FE1F13050557EFB0AE871797FE1FE9
:10AB80002309A73051FD9D4717A6FE1F1306864EC9
:10AB9000854517A5FE1F1305E55417A7FE1F230FB4
:10ABA000F75617A7FE1F230FF752EFB06EDE179769
:10ABB000FE1F2300A72E2DF517A6FE1F1306864B9A
:10ABC000854517A5FE1F1305E551EFB08E82179737
:10ABD000FE1F2300A72C29F5F54717A6FE1F130615
:10ABE0006649854517A5FE1F1305C54F17A7FE1F0C
:10ABF000230AF74EEFB0CED91797FE1F230BA728D5
:10AC000005F1A14417A6FE1F1306C646854517A5E4
:10AC1000FE1F1305254D97A7FE1F2385974CEFB008
:10AC20002ED71797FE1F2306A726E31B05EE17A6B0
:10AC3000FE1F13062644854517A5FE1F1305854AEA
:10AC400097A7FE1F2380974AEFA0BEFA1797FE1F13
:10AC50002301A724E31605EC8D4717A6FE1F130654
:10AC60006641854517A5FE1F1305C54717A7FE1F9B
:10AC7000230AF746EFB0CED11797FE1F230BA7206C
:10AC8000E31005EA9307200317A6FE1F1306863E6E
:10AC9000854517A5FE1F1305E54417A7FE1F2315BD
:10ACA000F744EFA01EF51797FE1F2304A71EE31914
:10ACB00005E617A6FE1F1306E63B85451795FE1F02
:10ACC0001305450AEFB05EB61797FE1F2303A71CB6
:10ACD000E31805E41725010013054520EF00F04BAC
:10ACE00017A7FE1F0347073993074002E31CF7E24B
:10ACF000930540021725010013054521EF00F04997
:10AD000015B5B70704008946FC47130620039725AD
:10AD100001009385E512E303D7E4972501009385AD
:10AD2000A5182DBD9797FE1FA382A716828097C7EF
:10AD3000FE1F83C7E78013075002637EF7064111A9
:10AD400006C6130790026366F70485476313F5028E
:10AD50008D4537052000EF70DEBD37170040832793
:10AD6000C70CB7062000D58F2326F70CB24041014F
:10AD7000828005E58D4537052000EF709EBB3717B3
:10AD800000408327870CB7062000D58F2324F70CBB
:10AD9000F1BF5DDD8547E30FF5FCFD4781456306A7
:10ADA000F500C547E314F5FC8545B24037052000A2
:10ADB00041016F701EB88280411122C42A8405456A
:10ADC00006C6EFF0DFF609C49797FE1F23AC870A8B
:10ADD00085471797FE1F230CF70A2244B707040084
:10ADE000B24003A387051795FE1F034565F721466B
:10ADF0008545410102834111854517A5FE1F1305B5
:10AE0000652722C406C6EFB09EAC1797FE1F23022B
:10AE1000A7081794FE1F1304C40711C5EFB07EB531
:10AE20008307040005A817A5FE1F1305A524EFA09E
:10AE30003EA01797FE1F230EA7046DF117A5FE1F56
:10AE400013054523EF905EB19797FE1F2383A70458
:10AE5000814769F5B24022443E85410182809D4789
:10AE600017A7FE1F2300F728C1678507411117A602
:10AE7000FE1F13062620854517A5FE1F13058526F0
:10AE800017A7FE1F2322F72606C6EFA09ED6979788
:10AE9000FE1F2380A700814709C9EFB09EAD979799
:10AEA000FE1F938707FF83870700B2403E8541015D
:10AEB0008280011126CAAA84014506CE22CC4AC846
:10AEC0004EC6EFF0BEDE21E111441D4997A9FE1FD9
:10AED0009389491A4E86854517A5FE1F130505243B
:10AEE00097A7FE1F238C2723EFB00EED1797FE1FA9
:10AEF0002301A7FA1DE197A7FE1F93872722DC43B2
:10AF000086079CC019A023A004000145F2406244BA
:10AF1000D2444249B249056182807D141374F40F12
:10AF200055F8EFB01EA59797FE1F938787F6038508
:10AF30000700E9BF011122CC26CA4AC84EC652C436
:10AF400006CE2A891144A14917AAFE1F130A8A12A4
:10AF50009794FE1F9384E4F35286854517A5FE1F40
:10AF60001305C51B97A7FE1F238A371BEFB0CEE43E
:10AF70001797FE1F230FA7F00DE197A7FE1F83C7AA
:10AF8000271A2300F900F240624403850400424975
:10AF9000D244B249224A056182807D141374F40FB1
:10AFA00045FCEFB01E9DC5B7B707040003A3870596
:10AFB00013060064930500021795FE1F034545DA4A
:10AFC000028301118D47680017A6FE1F1306860A2B
:10AFD000854506CE2306F100EFA0DEA7F24005610D
:10AFE000828001118D47680017A6FE1F1306860890
:10AFF000854506CE2306F100EFA0FE8BF2400561E9
:10B00000828001119397050122CC06CE26CA4AC838
:10B010004EC6C1872E8463D70702B7040400FC54D0
:10B020001795FE1F0345C5D3829719C1BC5482975B
:10B03000A164A18CF240624426854249D244B249BF
:10B040000561828093F71500E1CB85471797FE1FB6
:10B05000230FF7E2EFF07F9E55E917B5FE1F1305AA
:10B06000A55FEFF01FE55DE197B4FE1F9384044CEC
:10B0700083A7C41283A5041317D50000130505592F
:10B0800017B7FE1F232EF75C9797FE1FA38307E0D9
:10B09000EF00B01083A7841203A7041363F6E70040
:10B0A00017B7FE1F232CF75A8947172501001305F0
:10B0B00025C31797FE1F230CF7DCB7040400EF002D
:10B0C000D00DBC4C13060064930500021795FE1FBB
:10B0D000034505C98297BC4C13060064A14517952A
:10B0E000FE1F0345E5C782979797FE1F938787D971
:10B0F0009C4391CB1797FE1F130767D903050700E1
:10B10000420541818297934414002DB78D471797CC
:10B11000FE1F230EF7D6C9BF93F70504638B0714F0
:10B120009797FE1F83C757D6850793F7F70F179793
:10B13000FE1FA30BF7D40547639FE704EFF00FC092
:10B140000145EFF0DFBEB7070400BC4F05661306EC
:10B15000062C930500041795FE1F034565C08297D2
:10B160001797FE1F034747D2894763E3E702979784
:10B17000FE1FA38B07D0B7070400BC4F056613065C
:10B1800006C8930500041795FE1F034565BD829709
:10B190009344040445B50947639BE7000545EFF078
:10B1A0001FB9B7070400BC4F1306000A5DB70D476F
:10B1B000639AE700EFF00F99B7070400BC4F13063E
:10B1C000001441BF1147E39DE7F8EFF01F8751E1FD
:10B1D00017B5FE1F13054548EFF0BFCD3DE997B405
:10B1E000FE1F9384A43483A7C41283A5041317D528
:10B1F00000001305A54117B7FE1F2323F7469797B5
:10B20000FE1FA38807C8EF00407983A7841203A715
:10B21000041363F6E70017B7FE1F2321F7448545A3
:10B220000545D92B17250100130585ACEF00E07605
:10B23000B7040400BC4C13060064A1451795FE1F1B
:10B24000034505B28297BC4C1306006493050002C7
:10B2500019B79797FE1F83C727C3850717250100D6
:10B26000130585AA1797FE1F2300F7C2EF00E072AF
:10B27000C5BD93F78500638507420145EFF01EA326
:10B280009344840015C1B7070400BC4F5D661306E4
:10B290000670A1451795FE1F034585AC829797B7A9
:10B2A000FE1F23AB073A79B39797FE1F83C717BEDC
:10B2B000638907288D471797FE1FA308F7BC1D4415
:10B2C00017A9FE1F130909DB97A9FE1F938909E53A
:10B2D0004A8685454E8597A7FE1F238187E4EFB0F8
:10B2E000AEAD9797FE1F2386A7BA631E053817B524
:10B2F000FE1F1305852EEF20E06817B4FE1F130410
:10B30000E4225C4499C3EFF0BEA0172501001305A9
:10B31000E5A0612597B6FE1F83D6662C17B6FE1FE3
:10B320000356C62B97B5FE1F83D5252B1725010085
:10B330001305C5A19D2597B6FE1F83D6A62A17B66D
:10B34000FE1F0356062A97B5FE1F83D5652917D51C
:10B3500000001305250F912597B6FE1F83D6C63032
:10B3600017B6FE1F0356263097B5FE1F83D5852FCF
:10B37000172501001305059F0D2597B6FE1F83D6DF
:10B38000062F17B6FE1F0356662E97B5FE1F83D5F0
:10B39000C52D17D500001305E50A012597A7FE1F47
:10B3A0009387C7D7CC43172501001305659E97B730
:10B3B000FE1F23A3B72AD52317B7FE1F0357272243
:10B3C00097B7FE1F83D7472A6313F71A17B7FE1FD5
:10B3D0000357C72097B7FE1F83D7E7286319F718CD
:10B3E00097B7FE1F83D7C71F5D476399E71617B747
:10B3F000FE1F0357071F9307C00263EAE716832562
:10B40000041317D5000013056520412B83268412F1
:10B410008327041363F6F60097B7FE1F23A0D724F3
:10B420000326C412832744136363F602B307F6406E
:10B430001307803E636DF7001307401F6374F71C0A
:10B440009795FE1F83C5F5A43947636DB71A172575
:10B4500001001305259791238327C41217B7FE1FF8
:10B460002320F7209797FE1F83C727A285071797EA
:10B47000FE1F230CF7A09797FE1FA38C07A097979A
:10B48000FE1F83D727A18507C207C1831797FE1F19
:10B490002312F7A01147637EF700032704138327C5
:10B4A00084126378F7009797FE1F2395079EEFA0FD
:10B4B0009FCA83258412172501001305A591F12940
:10B4C000832544121725010013054592F9211725FC
:10B4D00001001305A584D1219797FE1F83C7F79A12
:10B4E000ADE39797FE1F9387C79A03850700EFB0D8
:10B4F0004EC89797FE1F83C74799850717250100F8
:10B50000130545901797FE1F2301F79897B7FE1F65
:10B5100023A4071459211797FE1F03470797A9472C
:10B5200063F1E702814505457524B7070400BC4F68
:10B5300013060064930500041795FE1F034545821A
:10B540008297B7070400BC4F5D6613060670A145DD
:10B550001795FE1F0345C5808297E9BCE39107EA72
:10B5600017B7FE1F0357E707BD47E3EAE7E81725CC
:10B5700001001305A5831521172501001305058377
:10B58000292997B7FE1F23A7070C97B7FE1F23A5EE
:10B59000070C97B7FE1F23A3070C97B7FE1F23A91D
:10B5A000070A9797FE1FA386078E8357E40A014573
:10B5B00017B7FE1F2318F70A8357040B17B7FE1F90
:10B5C0002313F70A8357240B17B7FE1F231EF70810
:10B5D0008357440B17B7FE1F2319F7088357640BD3
:10B5E00017B7FE1F2314F7088357840B17B7FE1FE6
:10B5F000231FF706EF90DFFA0145EFA0AF88EFF0C9
:10B600001F86F5BB832544121797FE1F230F07865D
:10B610004D451387C5036366F5000D473387E70281
:10B620002E97B69797B5FE1F23A4E50217B7FE1F06
:10B630002322F70297B7FE1F23A4C7028357E40A09
:10B6400017B7FE1F2310F7028357040B17B7FE1F0F
:10B65000231BF7008357240B17B7FE1F2316F70091
:10B660008357440B17B7FE1F2311F7008357640B52
:10B6700017B7FE1F231CF7FE8357840B17B7FE1F57
:10B680002317F7FECDBB9797FE1F83C7178013873D
:10B69000F7FF9786FE1FA38AE67EE39B07C22DBDB8
:10B6A00093F705019DC39787FE1F9387477E038706
:10B6B000070089476318F7001785FE1F1305057DEE
:10B6C000EFF05F8793440401B5B293F7050281441C
:10B6D000E38207960145EFF06EDD9344040209CD45
:10B6E00097B7FE1FA38407F6B7070400BC4F1306E5
:10B6F000006493050002A9BD9787FE1F83C71779D1
:10B70000E5D71784FE1F1304A47897A5FE1F938521
:10B71000659622859787FE1F239C0776EF809EF80B
:10B720009787FE1F2387A77631C59787FE1F83C79C
:10B73000C7758507171501001305C56E1787FE1F0E
:10B740002305F774992C1787FE1F03470774A94731
:10B75000E3FCE7F881450545B528B7070400BC4F71
:10B7600013060064930500041785FE1F0345455F1B
:10B7700082979DBF83570400858BBDD79787FE1F97
:10B78000238507709787FE1F83C7B77085071787C4
:10B79000FE1FA300F77097B7FE1F83C737EB85071F
:10B7A00093F7F70F17B7FE1FA302F7EA1307800CF2
:10B7B000637EF700930780FC17B7FE1FA308F7E826
:10B7C00085471787FE1F2302F76039BF3D47E37D9A
:10B7D000F7F0FDB797B7FE1F938747D5D847498F36
:10B7E00097B6FE1F23AAE6D499C59C47C98F17B701
:10B7F000FE1F2321F7D4828097B7FE1F938707D3BC
:10B80000D8471345F5FF698F97B6FE1F23A6E6D2EA
:10B8100099C59C47E98F17B7FE1F232DF7D082806B
:10B8200079718545214522D426D24AD006D64ECEFE
:10B83000A30701000144EF706E85B714004005496D
:10B8400083A7440AA18BB1EF1545A3072101977087
:10B85000FE1FE780A04705041374F40F9547E3111A
:10B86000F4FE81452145EF706E828347F100A9C344
:10B870001305F100EF90EFBA8347F100D546138727
:10B88000A7FD1377F70F63F3E6008147B250225408
:10B8900017B7FE1F2306F7CA92540259F2494561B1
:10B8A00082808347F100C5DBA3070100014465B72F
:10B8B00085452165EF609EFD85450565EF601EFDB0
:10B8C00085450965B7140040EF605EFC9384440A27
:10B8D00085490D49A30701009C4013973701634434
:10B8E0000700A30731019C40139727016348070015
:10B8F0008347F10093E72700A307F1009C401397CB
:10B900000701634807008347F10093E74700A30757
:10B91000F1008347F10017B7FE1F034767C2630AB0
:10B92000F70617B7FE1F230DF7C00144294597708E
:10B93000FE1FE780A039E36F89F8B717004083A79F
:10B94000470A139737016346070081450565EF6095
:10B95000FEF3B717004083A7470A139727016346F2
:10B96000070081450965EF607EF2B717004083A7A5
:10B97000470A139707016346070081452165EF6079
:10B98000FEF097B7FE1F938767BA83C74701F90791
:10B99000F5BD05041374F40F51BF397122CC17B4EF
:10B9A000FE1F1304E42C2ED232D4AA855010228517
:10B9B00006CE36D63AD842DC46DE32C63EDAEF5004
:10B9C000A046B7070400FC43228582979315050122
:10B9D000C1812285EF70EEE0F240624421618280F5
:10B9E000411106C622C4EF001FA90545EF700E964F
:10B9F0001145EF603EBF130560049770FE1FE7809E
:10BA000020DA371700408327870A8D451305002069
:10BA100093E707202324F70AEF605EE7EF704ED923
:10BA20003715070013050580EF708ED5EFF05FDF47
:10BA300097B7FE1F83C7C7B0891793F7F70F1D4746
:10BA40006364F71EEF10D01B97B7FE1F83C747AF85
:10BA500013072002637DF71C130750026375F7007C
:10BA60000545EFF0CFAC0545EFE0AFFFEFE09F8D70
:10BA7000EF10BF840145EFE0CFFE97B7FE1F238193
:10BA800007B4EFA00F809307E00317B7FE1FA309C9
:10BA9000F7AA854717B7FE1F2305F7FEEF709EE450
:10BAA000EF70FEF817B7FE1F034787A99307400200
:10BAB00063F4E700EF80DFEB97B6FE1F83D626B274
:10BAC00017B6FE1F035686B197B5FE1F83D5E5B0A6
:10BAD00017C500001305852FEFF03FEC97B6FE1F4A
:10BAE00083D646B017B6FE1F0356A6AF97B5FE1F06
:10BAF00083D505AF17C500001305052EEFF0FFE94C
:10BB000017B5FE1F130565ADEF10B06C37040400C8
:10BB10009307A00517B7FE1F2313F7A28327040876
:10BB20001725FFFF1305050E82979787FE1F2383B6
:10BB3000A71E832704081715FFFF13054597829753
:10BB40009787FE1FA385A71C8327040817250000DD
:10BB50001305256F82979787FE1FA38CA720832745
:10BB600004081735FFFF130585C382979787FE1FCB
:10BB70002380A71C8327040817F5FEFF1305E5E6BD
:10BB800082979787FE1FA383A7188327040817159A
:10BB900000001305851A82979787FE1FA38AA71CAA
:10BBA0008327040817B5FFFF130585A98297978798
:10BBB000FE1F2383A7188327040817F5FFFF13052B
:10BBC000854482979787FE1F238CA7188327040834
:10BBD0001705FFFF1305A54882979787FE1F238847
:10BBE000A71217B7FE1F0347A7959307500263FDDF
:10BBF000E7008327040817350000130505F1829735
:10BC00009787FE1F2388A716EFE0DE96B70704008C
:10BC1000BC4F21469D451785FE1F0345550F829752
:10BC20009770FE1FE7800020EF10D01F31BDEFE0BE
:10BC30006FF1A1B56F70EEBA011122CC26CA06CE03
:10BC4000AE84814701446318C400F2406244D24488
:10BC50003E8505618280A68532C6EF80F004AA8702
:10BC60006DD5050405051374F40F3246E9BF0111C3
:10BC7000D145171501001305A52B22CE26CC4ACAA3
:10BC80004EC852C6EF70EEB581460146814511455A
:10BC90009770FE1FE780E032EFA0EFCBF327008024
:10BCA000A18B9784FE1F9384640D99CBF3270080AA
:10BCB0001787FE1F2324F70C9C40DD9B73900780A1
:10BCC00001000100B7170040130770052380E70447
:10BCD000130780FA2380E704010001007D572396B3
:10BCE000E702F3270080A18B99CBF3270080178709
:10BCF000FE1F2325F7089C40DD9B73900780010001
:10BD00000100B7170040130770052380E7041307ED
:10BD100080FA2380E7040100010003C7670413676A
:10BD200017002383E70423800704732700809C40C7
:10BD3000A18BD98F739007809787FE1F23A00704DC
:10BD4000010001003714004093097005130980FABF
:10BD50007D5A130540069770FE1FE78020F7814645
:10BD60000146814511459770FE1FE7808025F32726
:10BD70000080A18B99CBF32700801787FE1F232F0C
:10BD8000F7FE9C40DD9B73900780010001002300BB
:10BD90003405230024050100010023164403F32782
:10BDA0000080A18B99CBF32700801787FE1F2327E4
:10BDB000F7FC9C40DD9B739007800100010023008D
:10BDC000340523002405010001008347640493E740
:10BDD00017002303F40423000404732700809C400D
:10BDE000A18BD98F739007809787FE1F23A807F830
:10BDF00001000100B9BF17A7FE1F0347677493072F
:10BE000050020A0563F9E700171701001307C71767
:10BE10002A9708438280971701009387E713AA9710
:10BE2000884382805D7152DC138AF5FF137AFA0F22
:10BE30004EDE56DA5AD85ED662D46AD086C6A2C41E
:10BE4000A6C2CAC066D26ECE2A8B93D91500528D77
:10BE5000814B014C814A13F4FB0F2289637F340329
:10BE600093942B00DA94854C2DA0DC4083AD040024
:10BE7000BE856E853EC6EF70204D6358A000B24768
:10BE800023A2B401CA8A9CC0814C05091379F90F19
:10BE90009104E36CA9FD638E0C028325CB0003257E
:10BEA0008B00EF70C013971701009387E71B8C433B
:10BEB000EF70A05AB640264496440649F259625A99
:10BEC000D25A425BB25B225C925C025DF24D6161D0
:10BED000828033048A401374F40F93142400DA949C
:10BEE000628963668C00850B568D4A8CADB703ADB5
:10BEF000C4FF83AC04006A85E685EF70E0446357B5
:10BF0000A00023A0A40123AE94FF22897D14137402
:10BF1000F40FF114F9B79787FE1F83C767E51785FC
:10BF2000FE1F034545F7FD17791593F7F70F0547F2
:10BF30003335A0006364F700136525009787FE1F63
:10BF400083C7E7F599C3136545009787FE1F83C72D
:10BF500047F599C3136585008280B717004083A613
:10BF6000470A17A7FE1F0347D77097A7FE1F83C76F
:10BF70003770918A91EE6377F70017A7FE1FA30A27
:10BF8000F76E31A093865700E3C9E6FE7DD7828025
:10BF9000E3E5E7FE93065700E3DAF6FEF9BF011189
:10BFA0008145116506CE22CC26CA371400404EC604
:10BFB00056C25AC04AC852C4EF605E8D83477405AA
:10BFC000171B0100130B0B0197190100938909013D
:10BFD00093F7E70FA30BF4048D47A30CF404EF6071
:10BFE000CECB9147230CF404AA84EF606ED6EF60A9
:10BFF0002ED6EF60EED5EF60AED5EF606ED5EF6078
:10C000002ED533049500EF60AED4269522951314F7
:10C010000501EF60EED3269541802A9442044184C5
:10C020000D453345A402971A0100938AAAFBEF60DD
:10C03000F07303260B0083264B00EF60C02303A69A
:10C04000090083A64900EF60806E03A60A0083A65C
:10C050004A00EF60402217A7FE1F0347674E930771
:10C06000000263F5E71E03A6090083A64900EF60FE
:10C07000802097170100938767F79043D443EF50D0
:10C080006034EF70D03B37190040834779052A8A26
:10C0900093F7E70FA30BF904B947230CF9048D4775
:10C0A000A30CF904EF606EBFAA84EF606ECAEF6064
:10C0B0002ECAEF60EEC9EF60AEC9EF606EC9EF60E7
:10C0C0002EC933049500EF60AEC82695229513144F
:10C0D0000501EF60EEC7269541802A944204418411
:10C0E0000D453345A402EF60706803260B008326DC
:10C0F0004B00EF60401803A6090083A64900EF60DB
:10C10000006303A60A0083A64A00EF60C016EF7022
:10C110001033A30C090497A7FE1F83C767421307B8
:10C1200090022A84636DF712EF70B0269714010015
:10C130009384C4EC9040D440EF50B07D9717010039
:10C14000938787E76341A0142285EF7090242A86A5
:10C15000AE868840CC40EF50F0192A845285AE84D8
:10C16000EF7030232A86AE862285A685EF60A01068
:10C17000EF70F02C2A84EF70D0212A862A89AE86AF
:10C1800017150100130585EDAE89EFF01F81F94702
:10C1900097A4FE1F83C4C43A6390F412971701005A
:10C1A000938747E79043D4434A85CE85EF50707616
:10C1B00097170100938787E6634EA0049717010045
:10C1C000938747E69043D4434A85CE85EF507074F9
:10C1D00097170100938787E5634EA0029717010028
:10C1E0009387C7DE8C432285EF70001697170100F6
:10C1F000938747E46340A00297170100938747DDC8
:10C200008C432285EF704014635FA00097170100F4
:10C210009387C7E29043D4434A85CE85EF60A0055B
:10C22000EF70F0212A842285EF70B0169717010075
:10C23000938747E29043D443EF50B06D635EA00C08
:10C2400097170100938747D88043F9A097170100FB
:10C25000938747DA9043D443EF60E0011DB513079D
:10C2600010036374F702EF70D012971401009384E7
:10C2700064D99040D440EF50D069E357A0EC9717B1
:10C2800001009387A7D38043C1B597170100938717
:10C2900027D38443A685EF70200B6353A000268428
:10C2A0002285EF70100F97170100938727D62A86F3
:10C2B000AE868843CC4345B59307200263ED9700D3
:10C2C00097170100938707D89043D4434A85CE85BA
:10C2D000EF50400FB1B797170100938727D19043D4
:10C2E000D4434A85CE85EF50E00DEF7050152A8477
:10C2F000EF70300A93075002E3F797F297170100A7
:10C300009387C7D49043D443EF50B0609717010090
:10C31000938747CBE34AA0F29787FE1F83C797B85E
:10C32000850793F7F70F1547636DF7021787FE1F11
:10C33000A30AF7B69787FE1F83C7D7B617B5FE1FA8
:10C34000130505A38A07AA9780C36244F240D2442A
:10C350004249B249224A924A024B994505616FF01F
:10C360007FAC9787FE1FA38F07B2E9B785451145BC
:10C370006F60CED1B717004003A5470A0981134566
:10C38000150005898280B717004083A7470A1785E3
:10C39000FE1F0345E59D918B89E77D15133515003B
:10C3A00082807515E5BF17A7FE1F0347671993071E
:10C3B000200263E7E7008545130500086F600ECD96
:10C3C000828017A7FE1F0347A7179307200263F772
:10C3D000E7001785FE1F0345C5998280B717004007
:10C3E00083A7470A93F7070881CB85471787FE1F66
:10C3F0002301F798054582809787FE1F238B0796B8
:10C4000001458280797106D622D426D24AD04ECEFA
:10C4100052CC56CA5AC85EC62A84EF7080779717E6
:10C4200001009387A7BB9043D4432A89AE89EF606C
:10C430000030971701009387E7C59043D443EF502E
:10C440009063EF60F02C97A7FE1F2384A7222D4551
:10C45000EFF07F9AEF70E07397170100938707B9A9
:10C460009043D443EF60A02CEF70607DAA84AA852E
:10C470002285EF60706D63430502EFF09FF409E9D8
:10C4800017A7FE1F0357071F9307F04A63F0E766DD
:10C49000970701009387C775804345A82945EFF0AA
:10C4A0009F95A2852A8BEF609072634BA00E97A791
:10C4B000FE1F2391071CEFF0DFF0171A0100130A8B
:10C4C0006ABE61E12945EFF01F93AA85AA8A2285F9
:10C4D000EF70E021EF70E06B97170100938707BCC6
:10C4E0009043D443EF5030592A8BAE8B2685D685A6
:10C4F000EF70E01FEF70E0692A86AE865A85DE8510
:10C50000EF50405FEF60D0201375F50FEF601026FD
:10C5100003260A0083264A00EF40D06AEF7020729B
:10C52000971701009387C7B684432A84A685EF60D6
:10C53000106A634B050E970701009387676B8C4366
:10C540002285EF607060E345A0F42285EF70A05271
:10C550001374F50F22874A86CE861715010013053E
:10C5600065B9EFF08FC313158401B2502254925471
:10C570000259F249624AD24A424BB24B6185456147
:10C5800082802945EFF03F87AA85AA8A2285EF702D
:10C590000016EF70006097170100938727B189B7E5
:10C5A0002545EFF05F85A285AA84EF605062634F56
:10C5B000A006A6852285EF708013EF70805D971727
:10C5C00001009387A7AE9043D443EF50D04A2A8A04
:10C5D000AE8A5A85A685EF708011EF70805B2A863F
:10C5E000AE865285D685EF50E050EF60701213751D
:10C5F000F50FEF60B017971701009387A7AB904333
:10C60000D443EF40305CEF7080639717010093874D
:10C61000E7A584432A84A685EF60705B9717010025
:10C62000938707A763580508268405B72145EFF0CF
:10C630008FFCA2852A8AEF6090596345A008D285B5
:10C640002285EF70C00AEF70C054971701009387DE
:10C65000E7A59043D443EF5010422A8BAE8B26853A
:10C66000D285EF70C008EF70C0522A86AE865A8518
:10C67000DE85EF502048EF60B0091375F50FEF60CD
:10C68000F00E97170100938767A39043D443EF40C0
:10C690007053EF70C05A971701009387679D8443CA
:10C6A0002A84A685EF60B052971701009387079CF4
:10C6B000E34C05F684432285A685EF60F048E34508
:10C6C000A0F661B51D45EFF00FF3A285AA84EF60D7
:10C6D0001050634EA006A6852285EF704001EF70D2
:10C6E000404B971701009387679C9043D443EF50CA
:10C6F00090382A8BAE8B5285A685EF60507FEF7005
:10C7000040492A86AE865A85DE85EF50A03EEF600E
:10C7100030001375F50FEF607005971701009387D0
:10C72000679A9043D443EF40F049EF704051971718
:10C7300001009387279484432A84A685EF603049BB
:10C74000971701009387C792E35605F6F1BD194587
:10C75000EFF06FEAA2852A8AEF607047634EA00669
:10C76000D2852285EF60B078EF70A0429717010064
:10C770009387C7939043D443EF50F02F2A8BAE8B0F
:10C780002685D285EF60B076EF70A0402A86AE860F
:10C790005A85DE85EF500036EF6080771375F50F10
:10C7A000EF60C07C97170100938747929043D44372
:10C7B000EF405041EF70A048971701009387C78B57
:10C7C00084432A84A685EF609040971701009387E1
:10C7D000678AE35105EE89BD1545EFF0CFE1A285EB
:10C7E000AA84EF60D03E634EA006A6852285EF6046
:10C7F0001070EF70003A971701009387278B9043D2
:10C80000D443EF5050272A8BAE8B5285A685EF601C
:10C81000106EEF7000382A86AE865A85DE85EF509E
:10C82000602DEF60E06E1375F50FEF6020749717C1
:10C8300001009387278A9043D443EF40B038EF70CC
:10C840000040971701009387678384432A84A68555
:10C85000EF60F0379717010093870782E35C05E4E8
:10C86000E1B31145EFF02FD9A2852A8AEF60303667
:10C870006345A008D2852285EF607067EF70603154
:10C8800097170100938787829043D443EF50B01EDF
:10C890002A8BAE8B2685D285EF607065EF70602F96
:10C8A0002A86AE865A85DE85EF50C024EF6040664A
:10C8B0001375F50FEF60806B971701009387078260
:10C8C0009043D443EF401030EF706037970701007A
:10C8D0009387077B84432A84A685EF60502FE34526
:10C8E00005D497040100938464798C402285EF601D
:10C8F000B025E35CA0C4804089B90D45EFF0AFCF0F
:10C90000A285AA84EF60B02C634DA006A68522857F
:10C91000EF60F05DEF70E0279707010093870779DC
:10C920009043D443EF5030152A8BAE8B5285A685A9
:10C93000EF60F05BEF70E0252A86AE865A85DE85D3
:10C94000EF50401BEF60C05C1375F50FEF600062A5
:10C9500097070100938707799043D4439704010018
:10C9600093844472EF401026EF70602D8C402A842F
:10C97000EF60F0259707010093878770E35C05D28D
:10C980009DBF0945EFF02FC7A2852A8AEF603024AA
:10C99000634AA006D2852285EF6070551704010016
:10C9A0001304C470EF70E01E10405440EF50B00C00
:10C9B0002A8BAE8B2685D285EF607053EF70601D99
:10C9C0002A86AE865A85DE85EF50C012EF6040544D
:10C9D0001375F50FEF60805910405440EF40901EE2
:10C9E000EF70E025970701009387076A84432A8444
:10C9F000A685EF60D01D970701009387A768E35BCA
:10CA000005CA1DB10545EFF00FBFA285AA84EF60EE
:10CA1000101C634EA006A6852285EF60504DEF7076
:10CA20004017970701009387676C9043D443EF50FA
:10CA300090042A8BAE8B5285A685EF60504BEF7029
:10CA400040152A86AE865A85DE85EF50A00AEF6033
:10CA5000204C1375F50FEF60605197070100938725
:10CA6000E75A9043D443EF40F015EF70401D97070D
:10CA700001009387E75484432A84A685EF6030152C
:10CA8000E34405BA970701009387076025B1014584
:10CA9000EFF06FB6A2852A8AEF607013635E05041B
:10CAA000D2852285EF60B044EF70A00E2A86AE8654
:10CAB000EF4050112A8BAE8B2685D285EF60304334
:10CAC000EF70200D2A86AE865A85DE85EF508002F3
:10CAD000EF6000441375F50FEF60507F970701007A
:10CAE0009387074E84432A84A685C1BE9707010019
:10CAF0009387C7596FF05F9A13040000B9B417A762
:10CB0000FE1F0347E7A39307000263F1E702411109
:10CB10008D45054506C6EF50DEE1B240814601462F
:10CB200093050008114541016F507EFC828017A7D4
:10CB3000FE1F0347E7A09307000263F9E70085465D
:10CB400001469305000811456F507EFA828017A7B1
:10CB5000FE1F0347E79E9307000263F9E700814643
:10CB600001469305000811456F507EF88280977743
:10CB7000FE1F83C7F71F15C1054797A6FE1FA38792
:10CB8000E6F09776FE1F238CE63037070400032378
:10CB90008705214691453E8502831777FE1F2300B6
:10CBA000073017A7FE1FA30307EEC5B71775FE1FB3
:10CBB0000345E52E82809777FE1F83C7672E13F704
:10CBC000870005C931E393E787001777FE1F230924
:10CBD000F72C854717A7FE1F230BF7EAB7070400BA
:10CBE00003A38705214689451775FE1F0345551880
:10CBF000028319CBDD9B1777FE1F2303F72A97A724
:10CC0000FE1F238607E8D9BF828041118D45094563
:10CC100006C6EF501ED28D451145EF509ED18D4571
:10CC20002145EF501ED1B717004003A7C70C01459F
:10CC30001367270023A6E70C03A7C70C1367470059
:10CC400023A6E70C03A7C70C1367870023A6E70CEE
:10CC500003D7870113670740239CE700B7570040BD
:10CC600013070005A381E700EF50BEDFB2409777BE
:10CC7000FE1F23880722410182804111814601461F
:10CC80009145214506C622C4EF507EE63714004088
:10CC90008327C40C8146014693E727002326F40C22
:10CCA00091454145EF50BEE48327C40C81460146BF
:10CCB00093E747002326F40C914513050002EF503B
:10CCC0001EE38327C40CB24093E787002326F40CAD
:10CCD00022449777FE1F2386071C41018280411161
:10CCE00006C6EFF09FF2EFF09FE1EF10C066EFF0A5
:10CCF000EFE7EFF04FEBB7070400B24003A387055F
:10CD00001775FE1F0345D50621468D454101028357
:10CD10004111054506C6EF2010290145EF20F02DF1
:10CD20000145EFA02F877D45EF903FF0B2400545CC
:10CD300041016F50EFF001119397050122CC06CE0F
:10CD400026CA4AC84EC652C4C1872E8463D8070279
:10CD5000B7040400FC541775FE1F03457501829744
:10CD600019C1BC548297A164A18CF240624426850B
:10CD70004249D244B249224A0561828093F71500A4
:10CD8000638E071AB717004083A7470A9776FE1FDE
:10CD900083C606FE93C41500918B639007128D47DE
:10CDA000639EF60A9777FE1F83C7B70F850793F731
:10CDB000F70F1777FE1FA306F70E1547637BF714CF
:10CDC0000544854511459777FE1FA38C070C97777F
:10CDD000FE1F238F87F8EF507EAB97A7FE1F83C7F8
:10CDE000078289EB8145014597A7FE1F238987802C
:10CDF000EFF02EDAEF10E0571797FE1F0347477446
:10CE00009307200263FFE70217A7FE1F0347578619
:10CE10009307100663E7E7021797FE1F0347377A69
:10CE200089476300F702EFD0EFD10545EFD06FC31C
:10CE3000EF006FADEF006FC8EF006FAB0145EFD0B3
:10CE40004FC2EF009FCBB7070400BC4F2146894576
:10CE50001775FE1F0345D5F1829791A89777FE1F9E
:10CE600083C7470475476365F70285071777FE1F79
:10CE7000230AF7029777FE1FA385070285471777D6
:10CE8000FE1F2307F7EE85451145EF503EA005A094
:10CE90001307F00FE380E7FE85451145EF501E9F15
:10CEA00089471777FE1F2305F7ECEF10C053B7072C
:10CEB0000400BC4F1306006495A00D476387E60687
:10CEC0009777FE1F83C7F7FD850793F7F70F9776D0
:10CED000FE1FA388F6FC954663FDF60285451145C5
:10CEE0009777FE1F2386E7E89777FE1FA38B07FA45
:10CEF0009797FE1F23900778EF505E99EF10A04E92
:10CF00009797FE1F238D076E9777FE1F238C07F8D8
:10CF10001DBFB7070400BC4F1306000A85451775EF
:10CF2000FE1F0345F5E4829789B59777FE1F238B93
:10CF300007F69777FE1FA38607F6B1B793F725008C
:10CF4000638E07421799FE1F1309495E0327890064
:10CF50009777FE1F83C7C7F49774FE1F83C454F4EA
:10CF6000177AFE1F130ACAF3630B071093E7070132
:10CF70001777FE1F2306F7F2C14963843405EFF0EB
:10CF8000DFCF9777FE1FA38D37F19777FE1FA3881A
:10CF900007F0032589001777FE1F034757F0014666
:10CFA000FD4505489377F70F63F2F50849EA97774F
:10CFB000FE1F83C7D7EE86071777FE1FA301F7EE84
:10CFC00031A09777FE1F83C797EDE1D79777FE1FB4
:10CFD00083C7F7EC63800738858BBDE785478546B7
:10CFE0000146914521451777FE1F230CF7EAEF50C4
:10CFF0001EB08546014689454145EF505EAF9777A3
:10D00000FE1F83C7D7E9FD1793F7F70F1777FE1FAA
:10D01000A307F7E8B1C7B7070400BC4F1306001E0B
:10D0200089451775FE1F0345B5D425A6B316E8003C
:10D030008507E98E93F7F70F05070546A5D61777FD
:10D04000FE1FA30EF7E4A5B7814601469145214591
:10D050009777FE1F238707E4EF507EA9814659BFCB
:10D0600083258900170501001305C5EDEFE0FF9248
:10D07000B70704000566BC4F130606C855B7A18B59
:10D08000C5CB2149638C2401EFF03FBF9777FE1F8A
:10D09000A38827E19777FE1FA38307E09777FE1FFA
:10D0A00083C7F7DF850793F7F70F1777FE1FA308EE
:10D0B000F7DE0D476376F70285471777FE1FA3005B
:10D0C000F7DEB717004003A7C70C1367870023A636
:10D0D000E70C03A7870C1367270023A4E70C09A814
:10D0E0008946638DD7006388E7020547E38BE7FC39
:10D0F000B7070400BC4F130600141DB7B717004054
:10D1000003A7C70C1367270023A6E70C03A7870C08
:10D1100013674700D9B7B717004003A7C70C1367B9
:10D12000470023A6E70C03A7870C1367870075B792
:10D130001777FE1F1307C7C3834707008546BA89C1
:10D14000FD1793F7F70F63E1F6021797FE1F0357DA
:10D1500067529307F04A63F6E708B717004083A7C2
:10D16000470A918B638707161797FE1F034757508F
:10D17000914763E4E71E9777FE1F238397D2054903
:10D18000638C2401EFF07FAF9777FE1FA38A27D12E
:10D190009777FE1FA38507D09777FE1F83C737D0E9
:10D1A000850793F7F70F1777FE1FA30AF7CE13072C
:10D1B00030061775FE1F0345B5BB637AF7169777E0
:10D1C000FE1FA38E07CC371700408327870C13065A
:10D1D000000593E727002324F70CB7070400BC4F92
:10D1E00085AAEFF00F9E09C91797FE1F03475748FE
:10D1F0009307100663E6E70C9797FE1F83C77747F0
:10D2000013073006637EF7009796FE1F83C65646C7
:10D210001307E0056366D70A130740066392E70A1F
:10D2200083470A00894993E727001777FE1F2309E0
:10D23000F7C6638C3401EFF05FA49777FE1FA381DC
:10D2400037C79777FE1FA38C07C49777FE1F83C746
:10D2500017C5850793F7F70F1777FE1FA301F7C4CC
:10D2600013073006637DF7009777FE1FA38907C277
:10D2700085471777FE1F2306F7C285463DA0858B9D
:10D28000E5DB1797FE1F0347B73E9307100663F9C8
:10D29000E7008357891485071797FE1F231CF73C67
:10D2A0009777FE1F238F07BE814601469145214592
:10D2B000EF50FE83B7070400BC4F130600328DB356
:10D2C00083C709000547FD1793F7F70FE377F7E8E2
:10D2D00061BD83470A00914993E747001777FE1F16
:10D2E0002300F7BCE38634D9EFF03F999777FE1F10
:10D2F000A38837BB9777FE1FA38307BA83474901EB
:10D300000547851793F7F70F636DF7009777FE1FB3
:10D31000238907B88146014691454145EF502EFDCE
:10D3200081BB9777FE1F238EE7B68546EDB7858BC9
:10D33000E38B07E8371700408327C70C09661306FD
:10D3400006EF93E727002326F70CB7070400BC4F2E
:10D35000894582979344240009BC9777FE1F238157
:10D3600007B4E38704D0EFF05F919777FE1FA3889F
:10D3700007B29777FE1FA38507B2DDB993F7450083
:10D380008144E384079E9777FE1F83C747B1B5C3E7
:10D390009777FE1F83C797B0850793F7F70F177727
:10D3A000FE1FA30DF7AE0D476387E7006365F70225
:10D3B00005476398E702EFF08FF7B7070400BC4F0B
:10D3C0001306001491451775FE1F0345759A829741
:10D3D0009344440059BA1547E38FE7FC254763851A
:10D3E000E700EFF0CFF6D1BF9777FE1FA38807AA1B
:10D3F000E9B79777FE1FA38307AAEFF04FF5C9BFE0
:10D4000041118145094506C622C426C2EF500EC807
:10D410008545414537140040EF504EC78327840AA5
:10D420008D451305000293E707022324F40AEF5009
:10D43000EEC5814513050004EF504EC58327C40A8D
:10D440008D45054593E717002326F40AEF500EC4D7
:10D4500085451145EF508EC381451165EF500EC3D0
:10D4600085452145EF508EC285452165EF500EC29E
:10D4700085450565EF508EC185450965EF500EC1A4
:10D48000854513050040EF506EC085641385048008
:10D490008545EF50AEBF854513050008EF500EBF20
:10D4A0008327840A8D451305002093E70720232452
:10D4B000F40AEF50AEBD854513050010EF500EBDC8
:10D4C0008327C40C8D451305002093E707202326EE
:10D4D000F40CEF500EC68327840C91451305001001
:10D4E00093E707102324F40CEF50AEC48545416543
:10D4F000EF502EC4854537050200EF508EC3854599
:10D500001165EF500EC385452165EF508EC28945E8
:10D5100013050040EF50EEC1138504808945EF509C
:10D520004EC18327C40C8D451305000893E70708F7
:10D530002326F40CEF50EEBF854513050004EF5091
:10D540004EBF85454145EF50CEBE8327840C8D45A7
:10D550001305000293E707022324F40CEF506EBD7D
:10D560008327C40C8D45214593E787002326F40CBF
:10D57000EF502EBC8327C40C8D45114593E747001F
:10D580002326F40CEF50EEBA8327C40C8D450945D1
:10D5900093E727002326F40CEF50AEB989450545E3
:10D5A000EF502EB98327840C370780008D45D98F23
:10D5B0002324F40C37058000EF50AEB78327840C8A
:10D5C000370740008D45D98F2324F40C37054000E0
:10D5D000EF502EB68327C40C370720008D45D98F16
:10D5E0002326F40C37052000EF50AEB48327C40C7B
:10D5F000370710008D45D98F2326F40C370510000E
:10D60000EF502EB38327C40C37070800B240D98FE0
:10D610002326F40C224492448D453705080041012D
:10D620006F502EB141118545414506C622C426C220
:10D63000EF50CEA5854513050002EF502EA5854578
:10D640001305000437140040EF504EA48327840ACA
:10D650008D45054593E717002324F40AEF500EA3E8
:10D660008327840A8D45094593E717002324F40A8C
:10D670008327C40A93E727002326F40AEF500EA15C
:10D6800085451145EF508EA081452145EF500EA0F4
:10D6900085452165EF508E9F81451165EF500E9FA6
:10D6A00081450965EF508E9E85450565EF500E9EBC
:10D6B000854513050008EF506E9D85451305001044
:10D6C000EF50CE9C8327840A8D451305002093E7F5
:10D6D00007202324F40AEF506E9B81451305002098
:10D6E000EF502EA5814513050010EF508EA497979B
:10D6F000FE1F83C7E7E41387B7FD1377F70FB5461F
:10D7000063E6E61A1307B0026382E71A13072003E1
:10D710006398E7180327C40CB70402008D45458FB2
:10D720002326E40C37050200EF50AEA08327C40C7B
:10D73000C58F2326F40C81454165EF508E9F8545AA
:10D740002165EF500E9F85451165EF508E9E8545F2
:10D750000965EF500E9E8D450565EF508E9D37177C
:10D7600000408327870C8566D58F2324F70C8145DD
:10D7700013050040EF50EE9B0565814513050580BC
:10D78000EF502E9B854513050008EF508E9A854576
:10D790001305000437140040EF50AE998327840C22
:10D7A0008D451305000293E707022324F40CEF5084
:10D7B0004E9885454145EF50CE978327C40C8D4543
:10D7C000214593E787002326F40CEF508E9683279C
:10D7D000C40C8D45114593E747002326F40CEF5008
:10D7E0004E958327C40C8D45094593E727002326D2
:10D7F000F40CEF500E9489450545EF508E93832726
:10D80000840C370780008D45D98F2324F40C37050D
:10D810008000EF500E928327840C370740008D451F
:10D82000D98F2324F40C37054000EF508E908327C6
:10D83000C40C370720008D45D98F2326F40C3705FB
:10D840002000EF500E8F854537051000EF506E8E8B
:10D850008327C40C370708008D45D98F2326F40C85
:10D8600037050800EF50EE8C9797FE1F83C747CD12
:10D87000938787FD93F7F70F05478145636AF700A4
:10D880008327840C370704008D45D98F2324F40C9B
:10D890002244B24092443705040041016F506E8922
:10D8A000854537050200EF50CE8871B585453705AF
:10D8B0000200EF500E8885454165EF508E87854503
:10D8C0002165EF500E8785451165EF508E868D4599
:10D8D0000965EF500E86371700408327C70C89660D
:10D8E0008145D58F2326F70C0565EF508E8441B511
:10D8F000011122CC2E840C41280006CEEF608ECA86
:10D900008357E100F24005452310F4008347C1002E
:10D910002311F4008347B1002312F4008347A100D0
:10D920002313F400834791002314F40083478100FC
:10D930002315F40062440561828083D7050001113C
:10D9400022CC2317F10083D725002A842800230640
:10D95000F10083D7450006CEA305F10083D765000B
:10D960002305F10083D78500A304F10083D7A50028
:10D970002304F100EF604ED608C0F2406244054532
:10D9800005618280011106CE22CC2A84EF602EB779
:10D99000AA852800EF600EC18357E100F2400545DB
:10D9A0002310F4008347C1002311F4008347B10022
:10D9B0002312F4008347A1002313F400834791004E
:10D9C0002314F400834781002315F40062440561A9
:10D9D000828083570500011106CE2317F10083577B
:10D9E00025002306F10083574500A305F100835766
:10D9F00065002305F10083578500A304F1008357D8
:10DA0000A50028002304F100EF600ECDEF602EB4D6
:10DA1000F2400545056182809767FE1F9387F749AD
:10DA20000387070089476317F7069767FE1F83C7B9
:10DA3000A747ADC39767FE1F9387C7349C43411127
:10DA400022C49387070426C22E8413060004AA84E6
:10DA500081453E854AC006C613090004EF407E9901
:10DA6000AA871376F40F637489001306000437073E
:10DA7000040078473E85A68502972244B24092442E
:10DA800002499767FE1F23810742130500044101E5
:10DA90006F502EFB828059718547A2D4A6D2CAD07E
:10DAA000CECED2CC86D6D6CA2315F1009764FE1FFF
:10DAB000938494401799FE1F130909498549130A55
:10DAC00040021794FE1F1304A4691306A100A68543
:10DAD0004A85EF606EDF11C9B65026549654065938
:10DAE000F649664AD64A656182809767FE1F83C7FA
:10DAF000C73CADEB9767FE1F83C7173CE39747FD15
:10DB000085471767FE1F230AF73A9767FE1F23947E
:10DB1000073A9767FE1F83D7073A3307F40083C697
:10DB200004008507C207C1832300D7001767FE1FC3
:10DB30002313F7383307F400230007008946639660
:10DB4000D7021797FE1F0347B7619307A003E30EA1
:10DB5000F7F69767FE1F238207369767FE1F239C01
:10DB60000734A5B7E39337F76DB7E3F0F6F6FD5743
:10DB70009766FE1F2388F6328346D7FFB547E396A4
:10DB8000F6F48346E7FFA947E391F6F48347F7FFEE
:10DB90008DFF8347240013077002938707FD93F7D7
:10DBA000F70F6362F70217F700001307A7558A07FC
:10DBB000BA979C43BA978287C94517F500001305A9
:10DBC000E56CEFF07FE59767FE1F2396072E9767BA
:10DBD000FE1F2384072ED5BD9797FE1F83C7775856
:10DBE00013071003639DE70085471767FE1F230394
:10DBF000F72C994517F500001305856AD9B7130767
:10DC00000003E392E7FC9767FE1F2385072A9945E7
:10DC100017F50000130545696DB79767FE1F83C7A9
:10DC20006729994517F5000013058568D9FB17F595
:10DC300000001305656871B71795FE1F130575522F
:10DC4000EF607FDC1795FE1F1305B58FEF609FD740
:10DC5000314697F500009385A56C4808EF60A01C3D
:10DC6000B7070400FC479795FE1F9385958D1946CD
:10DC7000130571018297AD454808A1B71795FE1F9E
:10DC80001305358CEF601FD4314697F5000093855E
:10DC9000E569E1B71D4697F500009385E5694808F9
:10DCA000EF6060181795FE1F1305B54BEF605FFB23
:10DCB00013057101EF60FFF699457DBF1D4697F58D
:10DCC00000009385E5674808EF60E015D5B7179722
:10DCD000FE1F0347174993075006E316F7EE179701
:10DCE000FE1F0347274893072006E31EF7EC97978C
:10DCF000FE1F83C737471307F006E396E7EC179735
:10DD0000FE1F03474746E310F7EC1797FE1F034734
:10DD1000974593074007E318F7EA2D4697F500006B
:10DD2000938585624808EF6000104808A945EFF028
:10DD3000BFCE81450145EFE0CEE571B59797FE1F57
:10DD400083C737421307C006639FE7081797FE1F74
:10DD50000347474193075006E317F7E61797FE1F5F
:10DD6000034757409307D004E31FF7E41797FE1FBC
:10DD70000347673F93071006E317F7E41797FE1F63
:10DD80000347773E93073006E31FF7E2794697751E
:10DD900000009385A5C84808EF60E00879468145F2
:10DDA00013052103EF40EEE4B7F50700814670004C
:10DDB000E10519459750FE1FE780A0208348C10068
:10DDC0000348D1008347E1000347F1008346010186
:10DDD0000346110197F500009385854E4808EF3002
:10DDE0002001F54551BD13075006E39EE7DC179768
:10DDF000FE1F03472737E318F7DC1797FE1F03477B
:10DE0000773693070007E310F7DC1797FE1F0347E9
:10DE100087359307F006E318F7DA1797FE1F0347D5
:10DE200097349307E00605456303F7000145EFE0EB
:10DE30001FD451BB9795FE1F83C5D5329387F5FF3D
:10DE400093F7F70F0D47E360F7D8C105930600106D
:10DE50000146A20525459750FE1FE7808016A5B311
:10DE60001797FE1F0347F72F93075006E31DF7D4BC
:10DE70001797FE1F0347072F93074006E315F7D4B4
:10DE80001797FE1F0347172E9307F006E31DF7D2DF
:10DE90001797FE1F0347272D9307E0060545630BE1
:10DEA000F7001797FE1F0347172C93076006E31C24
:10DEB000F7D00145EFE03FD039B31797FE1F034776
:10DEC000572A93071006E310F7D01797FE1F034752
:10DED000672993079006E318F7CE1797FE1F0347AD
:10DEE000772893074007E310F7CE3D46977500006B
:10DEF000938585B64808EF5010731306D00281450C
:10DF000013053102EF40EECE1785FE1F1305356B6A
:10DF10009787FE1FA385076AEF607FC8B945480849
:10DF2000EFF09FAF81452145EFC02EE169B917970A
:10DF3000FE1F0347172393075004E316F7C81797EC
:10DF4000FE1F0347272293072005E31EF7C6979776
:10DF5000FE1F83C737211307F0056395E7049796E3
:10DF6000FE1F83C6462013078004639DE602979632
:10DF7000FE1F83C6561F130770056395E60213063E
:10DF8000C00381454808EF40CEC61786FE1F0346F2
:10DF9000265B97F500009385E5344808EF2050652F
:10DFA000B945D9B91307F005E39FE7C01797FE1FDE
:10DFB0000347671B93073005E317F7C01797FE1F4A
:10DFC0000347771A93076004E31FF7BE1306C003E5
:10DFD00081454808EF40EEC11786FE1F034656569E
:10DFE00097F50000938505314DBF1306C0038145A9
:10DFF0004808EF400EC09797FE1F83C79716130778
:10E00000D004639AE7049797FE1F83C7A7151307E9
:10E0100050046390E70A1797FE1F0347B71493074E
:10E020009004E312F7BAB70A040083A7CA041D4696
:10E0300097F500009385052D4808829783A7CA04A9
:10E0400051469785FE1F938505511305B1018297AF
:10E050009305C00315B113073004E396E7B617978D
:10E06000FE1F03472710E310F7B61797FE1F03475D
:10E07000770F93079004E318F7B41797FE1F034731
:10E08000870E93074004E310F7B4B70A040083A790
:10E09000CA04214697F500009385452748088297D2
:10E0A00083A7CA0479469785FE1F9385454D680866
:10E0B00079BF13073005E398E7B01797FE1F0347B2
:10E0C000770A93079004E310F7B0B70A040083A718
:10E0D000CA041D4697F500009385052448088297D9
:10E0E00083A7CA0451469785FE1F93850548B1BF93
:10E0F0001797FE1F0347F70693070007E315F7ACD2
:10E100001797FE1F0347070693074006E31DF7AA6C
:10E110009797FE1F83C7170513071006639BE70435
:10E120009796FE1F83C62604130740076393E604F1
:10E130009796FE1F83C6360313075006639BE602BD
:10E140009796FE1F83C64602130710046393E602E8
:10E150001797FE1F0347570193060005631BD7005F
:10E160009796FE1F83C666006395E600EFF0DEFF1C
:10E1700099BC130710066392E7069796FE1F83C6A5
:10E1800086FE13074007639AE6049796FE1F83C630
:10E1900096FD130750066392E6049796FE1F83C60A
:10E1A000A6FC1307C004639AE6029796FE1F83C677
:10E1B000B6FB1307F0046392E6029796FE1F83C630
:10E1C000C6FA13074005639AE60089471787FE1FC2
:10E1D0002301F7368145514581BB13071006E394AF
:10E1E000E79E1797FE1F034707F893074007E31CB6
:10E1F000F79C1797FE1F034717F793075006E31482
:10E20000F79C1797FE1F034727F69307C004E31CEC
:10E21000F79A1797FE1F034737F593075005E31446
:10E22000F79A1797FE1F034747F493073005E31C3F
:10E23000F7988D471787FE1F230DF72E69B24111FE
:10E240009397050122C406C626C2C1872E8463D4D3
:10E250000702B7040400FC541765FE1F034575B19F
:10E26000829719C1BC5482972165218DB240224406
:10E2700092444101828093F7150091C7EFF0BF816E
:10E2800013451400E5B793F7250013C52500F9FFE2
:10E2900093F745000145F9DB9767FE1F83C707C267
:10E2A00005476388E70009476382E70A134544008E
:10E2B00075BF130600209795FE1F9385A5C9179576
:10E2C000FE1F130525E99767FE1FA38807BEEF50C1
:10E2D000DECF130600089795FE1F9385E5BE1795C0
:10E2E000FE1F130565C6EF505ECE9797FE1F9387FE
:10E2F000A7A91767FE1F2325F7A89797FE1F9387E7
:10E30000A7B41767FE1F232FF7A6EF40BEEA370713
:10E310004000B7E700E023A0E71089471767FE1F1A
:10E32000230EF7B89767FE1FA38A07B89767FE1FEB
:10E33000238707B8B7070400BC4F1306000A9145AE
:10E340001765FE1F0345F5A282978DB71767FE1F5D
:10E35000A305F7B6A1BF89471767FE1F2300F7B6CD
:10E360009767FE1FA38C07B49767FE1F238907B426
:10E3700082804111130600209795FE1F938585BD6D
:10E380001795FE1F130505DD06C6EF501EC41306C4
:10E3900000089795FE1F938525B31795FE1F13055B
:10E3A000A5BAEF509EC29797FE1F9387E79D176708
:10E3B000FE1F2327F79C9797FE1F9387E7A81767F1
:10E3C000FE1F2321F79CEF40FEDEB7E700E0370792
:10E3D0004000B24023A0E71089471767FE1FA30E35
:10E3E000F7AC410182809767FE1FA38807ACB7870F
:10E3F0000040A381070003C70700B716004013774A
:10E40000670D2380E70003D7A601420741831377F6
:10E41000F7F342074183239DE6007D572383E700FE
:10E4200003C717001377E707A380E70003C7270098
:10E430001377870F2381E700238007003707400009
:10E44000B7E700E023A0E718010001009767FE1F6F
:10E45000238607A682809767FE1F9387A7928C4327
:10E4600001112317A1001306E1001795FE1F1305E4
:10E47000A5AD06CEEF503EB8F24085471767FE1FA8
:10E48000230CF7A205618280B787004003C76700AD
:10E490001377F70F937627006380065A011106CE93
:10E4A00022CC26CA4AC84EC603C77700930600038B
:10E4B000137707036308D70203C7770085461377EE
:10E4C000F7036300D716630B0714130600026309F2
:10E4D000C708130610026307C716B787004009472D
:10E4E0002383E7003787004083477700E207E1870F
:10E4F00063D30730930720FC2301F7021767FE1F41
:10E500001307078808438346750083476500A20602
:10E51000DD8E9767FE1F239BD798834715001766EC
:10E52000FE1F2304F6988344050013F604066301D6
:10E53000061C13F704046310071413F70402630C9A
:10E540000712F91793F7F70F25476366F72817F7B0
:10E550000000130727C58A07BA979C43BA9782879A
:10E560001767FE1F034767941546630CC7081946D3
:10E57000630FC7000D46E302C7F623800702094771
:10E580002381E7029767FE1F2380D792B9B7976769
:10E59000FE1F9387A79103D4070013070004BE84CE
:10E5A00063748700130400041757FE1F1307477D89
:10E5B0001769FE1F1309C98FB70704000843FC47FA
:10E5C00042048325090041802286829783D7040074
:10E5D0009379F40F818F1767FE1F2319F78C832718
:10E5E00009003E949767FE1F23A4878CB7870040DD
:10E5F0002380370303C72702134707042381E70259
:10E60000E9BD03C737009766FE1F83C6268A1377C6
:10E610000708558FA381E7000947CDB783C7870057
:10E620006DBD03C7770013770704E30807EA03C744
:10E630006702134707082383E70203C58700EFF04B
:10E640009FE161BD03C76702134707042383E70205
:10E6500003C767021377C70F136727002383E702F7
:10E6600015B79787FE1F9387277283C737001767F1
:10E67000FE1FA30AF782E204E184814663D6040206
:10E680009767FE1F83D78782930600043E8763F453
:10E69000F6001307000442074183998F9376F70F22
:10E6A0001767FE1F2314F780B78700402380D70227
:10E6B000130700FC2381E70215AA9787FE1F9387A3
:10E6C000A76C83C727001757FE1FA30FF77C65B7FA
:10E6D0009757FE1F9387377D83C707001787FE1F55
:10E6E0002304F76A49BF9757FE1F9387F77BEDB75F
:10E6F0002D466362F60E17F60000130626AD8A0754
:10E70000B2979C43B2978287834735000347250021
:10E710000D46A207D98F13D78700630FC710636C0C
:10E72000E60085476301F7048947630DF70C13047E
:10E73000F00F814799A0930710026301F70E93072A
:10E740002002E316F7FE834745006391071497F70D
:10E7500000009387A7AA1757FE1F232BF7740144C5
:10E760009307200219A897F70000938727AE175741
:10E77000FE1F232FF7720144C947C207C18363F606
:10E78000D7001757FE1F2313F7729757FE1F938763
:10E79000E77103D607009307000463F4C70013066C
:10E7A00000049759FE1F9389A970B7070400FC471E
:10E7B0001319060183A50900135909014A86829796
:10E7C00003A609004A969757FE1F23A3C76E930717
:10E7D000F00FE312F4EAB78700401307F0FC23813F
:10E7E000E70285471757FE1F2300F76CB7870040E5
:10E7F00009472383E700F2406244D2444249B249C8
:10E800000561828097F70000938787A11757FE1F45
:10E810002320F76A01449307900285B78347450098
:10E8200099F797F700009387C7A01757FE1F23217A
:10E83000F7680144A54791B793F7F70F0547638140
:10E84000E70295CB0947E394E7EE97F7000093873B
:10E8500027A21757FE1F232DF7640144F14731BF4C
:10E8600097F700009387C79F1757FE1F2322F7646F
:10E870000144B94719B797F700009387275F1757E7
:10E88000FE1F2327F76201449147C5BD014493074A
:10E89000F00FE5B5834725001757FE1F2318F760D3
:10E8A000D9BB9757FE1F83C707602300F500175792
:10E8B000FE1F0357A75F8547E3FFE7DA8547E9BFF8
:10E8C000834725001757FE1F230FF75C6DB393F79F
:10E8D000F4010947639DE7028347450005476381CB
:10E8E000E70213071008E398E7EE378700408347F5
:10E8F000670293F7C70B93E727002303F702A5BB33
:10E90000378700408347670293F73707FDB7E394E3
:10E9100007EC8347350003472500A207D98F054739
:10E92000E39BE7D49757FE1F83C7675893F7E70F1A
:10E930001757FE1F230DF7563DBB93F7F401094708
:10E940006391E7048347550003474500A207D98F29
:10E950000547638FE70013071008E39EE7E6378754
:10E9600000408347670293F7C70B93E7370071B7FF
:10E97000378700408347670293F7370793E7C7005D
:10E98000ADBFE39A07E48347350003472500A2079C
:10E99000D98F0547E391E7CE9757FE1F83C72751CD
:10E9A00093E7170071B72300050011B793F6F40140
:10E9B00089476395F60623000500144383C7560074
:10E9C00003C64600A207D18F0546638DC702930593
:10E9D0001008639DB700B787004083C767028D4565
:10E9E00093F737046394B7002380C6001C43A380C9
:10E9F00007001757FE1F0357674B8547E3FDE7C620
:10EA0000894759BD3786004003466602B1451376F3
:10EA1000C608E31DB6FC2380F600C9BFE1FA230057
:10EA200005009756FE1F83C6864899C21443E5B772
:10EA30001C43238007005DBF9376170085C20947FA
:10EA4000A38107002381E7022383E7022385E702EE
:10EA50002387E70205472383E700828093764700F8
:10EA6000FDDA03C75700098313471700058B975634
:10EA7000FE1F238BE6421147F9BF9757FE1F83C73E
:10EA8000A74385C7B7070400BC4F411106C62546FA
:10EA900085451755FE1F0345D52D8297B2409757E0
:10EAA000FE1F238B07404101828082809757FE1F03
:10EAB0009387274203D7070083D607003D47636447
:10EAC000D7006F00906383D60700637AD70083D79F
:10EAD0000700130700026364F7006F10404D828047
:10EAE0009757FE1F23AEA73C9757FE1FA38C073CEA
:10EAF000B707040003A38705214689451755FE1F64
:10EB000003454527028339719397050122DC06DE10
:10EB100026DA4AD84ED652D456D25AD05ECEC187C3
:10EB20002E8463DA0702B7040400FC541755FE1F55
:10EB300003454524829719C1BC5482972165218DD4
:10EB4000F2506254D2544259B259225A925A025B3C
:10EB5000F24B2161828093F71500638E0718854779
:10EB60002317F1001759FE1F130969369799FE1FE5
:10EB7000938909D4175AFE1F130A8A34854A978449
:10EB8000FE1F9384E461354BA94BCDA003270A00F7
:10EB900083479700E1EF9757FE1F83C70733EDE3E5
:10EBA0001443E9C603D6C6009757FE1F83C7273212
:10EBB00055CA944683860600639AF60A8547975697
:10EBC000FE1F2384F6309757FE1F23910730975777
:10EBD000FE1F2389072E9755FE1F83D5252FB38748
:10EBE000B400834609008505C205C1812380D70092
:10EBF0009757FE1F239CB72CB387B40023800700D0
:10EC000018438356C70063F0B608104B83C6F7FF5E
:10EC10009757FE1F83C7072B3305F6000305050032
:10EC20006396A608850793F7F70F9756FE1F238B69
:10EC3000F62883564701E398F6F49757FE1F23837F
:10EC400007281C4F99C71757FE1FA30207282685C0
:10EC500082979757FE1F239B07269757FE1F2386F1
:10EC6000072615B763846701E39A77F51306E10079
:10EC7000CA854E85EF504EC511D913451400C9B54C
:10EC8000E39657FF89BFE38006F083C6F7FF1C4772
:10EC9000BE958387F5FFE388F6EE9757FE1F238620
:10ECA00007229757FE1F23930722F1BD9307D02F0A
:10ECB00063F4B702184F9757FE1F23850720970765
:10ECC00000009387A772E316F7F826859757FE1F73
:10ECD000A38F071E112FB5BF830706006398F600A8
:10ECE00085471757FE1F230FF71C71BD9757FE1F4F
:10ECF000238A071C49BD93F72500A5C31795FE1F5E
:10ED0000130505BBEF50CEAE9757FE1F238D071A94
:10ED10009757FE1F238B071A9757FE1F9387471A93
:10ED20009C439C4383D547008843EF406EB885479A
:10ED30001757FE1FA30DF7189757FE1F23960718A6
:10ED4000B7070400BC4F214691451755FE1F0345E8
:10ED50006502829713452400E5B393F74500F5C398
:10ED60009757FE1F938727168386070009479757F3
:10ED7000FE1F9387E7149C436355D7021757FE1F66
:10ED8000231407142384D70003C5A70001C937073C
:10ED90000400384F83D5C70021460297134544002D
:10EDA00045B36390E6041757FE1F231F071017573C
:10EDB000FE1F034737110507620761871756FE1FBD
:10EDC000A302E61003C64700E30EC7FAB707040024
:10EDD000BC4F214689451755FE1F0345A5F982976B
:10EDE00075BF1757FE1F0357270E050742074187B8
:10EDF0009756FE1F239AE60C83D6670063DDE60272
:10EE00001757FE1F2312070C1757FE1F0347970BB8
:10EE10000507620761879756FE1FA385E60A83C62A
:10EE20004700E345D7FA1757FE1FA30D070805470C
:10EE30002384E70091BFB7070400BC4F41469145CA
:10EE400059BF93F785000145E38C07CEEFF01FC64D
:10EE500013458400F5B19757FE1F83C767078DCB15
:10EE60009757FE1F83C7B70685C7B7070400BC4F77
:10EE7000411106C60D4685451755FE1F034585EF12
:10EE80008297B2409757FE1F238407044101828076
:10EE900082808D471757FE1F2307F702828041119A
:10EEA00022C406C62A84EFC0FFD897E500009385E8
:10EEB000A5562285EF50405F11C58D471757FE1F9D
:10EEC0002303F700B240224441018280411106C66B
:10EED00022C42A84EFC01FD6228597E500009385BF
:10EEE0006547EF50605CB2402244133515000D05B4
:10EEF0009757FE1F2389A7FC410182801D7186CE92
:10EF0000A2CCA6CACAC8CEC6D2C4D6C2DAC05EDEF9
:10EF100062DC66DA6AD86ED62ACAEFD0AED4524521
:10EF20009305C002EF40507E630305469305B0078A
:10EF30002A84EF40707D2A8D630B054493073400CB
:10EF40006317F544030714009307F0066311F744B1
:10EF5000030724009307B006631BF742977DFE1F4B
:10EF6000938DCD5C6ECAEE8A6E84014A014C6E8927
:10EF7000930C800293099003130B0006EFD08ECE02
:10EF80009305B0076A85EF4030789374FA0FAA8B27
:10EF90006306051C9305D007EF4010772A8D630F99
:10EFA000051A93879B01636BF51A83871B00639790
:10EFB000971B83873B01130790026391E71A8387AE
:10EFC0004B01639D971913864B019305900232857F
:10EFD00032CCEF4070732A87630205186370A5195D
:10EFE00083071500639C97178307450093069002DB
:10EFF0006396D7169307550062466301FD26930773
:10F0000095006313FD00054C13852B00A285238317
:10F0100005568307050063C5F92492072383F55637
:10F0200083C7655613F8070F238305578307150019
:10F0300063CDF922938707FDB3E707012383F556D4
:10F040000D058505E315A6FCD24737080400130615
:10F0500010029384075C83278804814526853ACC77
:10F06000829762473708040093855B018326C804B2
:10F07000B307B7403E8626853ACE3ECC8296E2471D
:10F080007247238BFA5A230604568307270063C36B
:10F09000F91E92072306F4568347C45693F6070FCA
:10F0A0002306D4568307370063CBF91C938707FDEB
:10F0B000D58F2306F4568547631EFC02A30604562B
:10F0C0008307670063C9F900938707FDA946B387E3
:10F0D000D702A306F4568347D45693F7070FA30627
:10F0E000F4560307770063C7E900938707FDBA97D3
:10F0F000A306F4568947930E1A0063E64705834733
:10F10000D456F68517E50000130585263EC2830711
:10F11000C45676CC3EC08348B4560348A4568347B1
:10F120009456034784568346745603466456EFC08C
:10F13000DF8683C56A5B268617B50000130505DCEC
:10F14000EFC0BF85E24ED247768A2104938717022B
:10F150003ECAA947850AE393FEE2A944EFD08EB0E8
:10F16000834739720547F91793F7F70F6360F72460
:10F17000139634001785FE1F0345F5AB9788FE1FD5
:10F1800083C888AB178EFE1F034E1EAB978EFE1FE3
:10F1900083CEAEAA178FFE1F034F3FAA978FFE1F85
:10F1A00083CFCFA91788FE1F034878A99782FE1F37
:10F1B00083C202A99783FE1F83C393A89789FE1F6A
:10F1C00083C929A8178AFE1F034ABAA7978AFE1F78
:10F1D00083CA4AA7814701448146814501474A962F
:10F1E0006314970A63D2061299C363DAD71C854762
:10F1F0001787FE1FA309F7A493973500CA9703C783
:10F20000D7569786FE1F2384E6A41387C50A0E07E8
:10F210003A99034769009786FE1F2387E6A203C732
:10F2200077569786FE1FA381E6A203C78756978667
:10F23000FE1F238CE6A003C797569786FE1FA38662
:10F24000E6A003C7A75683C7B7569786FE1F238F2E
:10F25000E69E1787FE1FA30BF79E55A8014C6DB3C2
:10F26000E350FBDC938797FA4DBBE35BFBDC9387B2
:10F2700097FAD9B3E352FBE2938797FA19BDE35C9F
:10F28000FBE2938797FA2DB50DCD85EE03CB6D5636
:10F290006319AB0203CB7D5663151B0303CB8D565D
:10F2A0006311CB0303CB9D56631DDB0103CBAD562E
:10F2B0006319EB0103CBBD566315FB018306C656EC
:10F2C000BA85630E080285EF03CB6D5663190B03F5
:10F2D00003CB7D5663155B0203CB8D5663117B0216
:10F2E00003CB9D56631D3B0103CBAD5663194B0108
:10F2F00003CBBD5663155B018307C6563A840507E9
:10F300001377F70FA10DE9BD63D30700CDCE17E545
:10F3100000001305A508EFC04FE8A28517E500001F
:10F3200013054509EFC06FE79788FE1F83C8289231
:10F330001788FE1F034898919787FE1F83C7079180
:10F340001787FE1F034777909786FE1F83C6E68FB9
:10F350001786FE1F0346568F9785FE1F83C5C58EF1
:10F3600017E5000013058506EFC02FE3B9C0A68599
:10F3700017E5000013054509EFC02FE29777FE1F40
:10F38000A38897708D471757FE1F230EF7B2F640DC
:10F390006644D6444649B649264A964A064BF25B2D
:10F3A000625CD25C425DB25D256182800144814530
:10F3B000B9BF9777FE1FA38D076C8947E9B7E3D8DC
:10F3C00007F4E3D6F6F485471787FE1FA30DF786EB
:10F3D00093173400CA9703C7D7569786FE1F238812
:10F3E000E6861307C40A25B55D71A2C4CAC04EDE05
:10F3F00052DC56DA5AD862D486C6A6C25ED666D227
:10F400006AD06ECE2A8C014417EB0000130B0BF56B
:10F4100097E900009389C9F41779FE1F13090911B0
:10F42000130A9003930A0006EFD0CE83DA85628533
:10F43000EF508007AA84630D051C93059002EF40EE
:10F44000B02C2A8C6306051C2685CE85EF50C0059E
:10F45000AA8479D9930C250097E50000938585F05F
:10F460006685EF506004AA8B6304051A6362951BDE
:10F470009384240263EEA41863FC8C199304100295
:10F48000B3049402B70D040083A78D041306100281
:10F490008145338D9B419384045CCA942685829771
:10F4A00083A7CD046A86E68526858297B3078900FF
:10F4B000238BA75B03872B009307D002E316F7F695
:10F4C00083865B009307C00203874B006395F610A9
:10F4D00083873B009306F00263DFF60E63DDE60EE2
:10F4E000938707FD5956B387C70293163400CA960F
:10F4F000998F938707032386F656CE8513852B00B5
:10F50000EF40907A2A8D0DD1930C250097E50000ED
:10F51000938545E56685EF403079AA8BE30605F0D3
:10F52000E37485F1E3F2ACF093073D01E31EF5EEE1
:10F53000931634003307D9006685510D230307560F
:10F5400083070500634CFA0A92072303F7568347A3
:10F55000675613F6070F2303C75683071500634446
:10F56000FA0A938707FDD18F2303F7560D05050788
:10F57000E316A5FD8947130C140063E78704CA96B8
:10F580008387C6561306C40A0E063EC04A9683C831
:10F59000B65603C8A65683C7965603C78656034673
:10F5A000660083C67656E28517B5000013054592BE
:10F5B000EFC0AFBE4A948345645B268617B5000052
:10F5C0001305C593EFC06FBD1374FC0FA54763E22D
:10F5D00087045E8C91BD9307C002E317F7E483862E
:10F5E0003B009307F002E3D1D7E4931734001307ED
:10F5F0000003CA97158F2386E75601B7E3D9FAF4BB
:10F60000938797FA91B7E3D3FAF6938797FAA1BF56
:10F6100021C0A28517E50000130505DFEFC0EFB795
:10F620009777FE1FA38687468D47B6402644175717
:10F63000FE1F230AF78896440649F259625AD25AA5
:10F64000425BB25B225C925C025DF24D6161828042
:10F650009777FE1FA38E07428947C1BF411106C697
:10F6600022C42A84EFC00FDD8D4797E50000938503
:10F67000A5CF22851757FE1F2307F784EF40D062DE
:10F68000B14711E997E50000938545CE2285EF400B
:10F69000B06139CDB5471757FE1F2306F782030720
:10F6A0003500930720056311F7040307450093070E
:10F6B0006005631BF7028307650013074006A94630
:10F6C000938707FDB387E7020347A500130707FDEC
:10F6D000BA9703078500130707FD3307D702BA97C8
:10F6E0001777FE1F2306F756B2402244410182805D
:10F6F00093074006F5B7011106CE22CC2EC62A8408
:10F70000EFC05ED6B2452285EFC0CFD297E50000AC
:10F71000938585C52285EF403059B14711E997E5BA
:10F7200000009385A5C42285EF40105839CDB54718
:10F730001747FE1F2309F7780307350093072005B5
:10F740006311F7040307450093076005631BF70285
:10F750008307650013074006A946938707FDB38713
:10F76000E7020347A500130707FDBA9703078500C3
:10F77000130707FD3307D702BA971777FE1F230930
:10F78000F74CF24062440561828097A500009385A2
:10F79000A52F2285EF4050516DD58D471747FE1F8D
:10F7A0002303F772F9BF1777FE1F034767D9930743
:10F7B000500263F3E7048547631BF50037170040E9
:10F7C0008327870A93E717002324F70A828011E929
:10F7D000371700408327C70A93E717002326F70A45
:10F7E0008280FD4781456306F500C5476316F50035
:10F7F000854505456F308E8982801777FE1F034748
:10F8000027D49307500263F3E70411E93717004048
:10F810008327C70A93E727002326F70A82808547B4
:10F82000631BF500371700408327870A93E72700FB
:10F830002324F70A8280FD4781456306F500C5470A
:10F840006316F500854509456F304E848280177731
:10F85000FE1F0347E7CE9307500263F1E70641110D
:10F8600006C605E18D452165EF304E823717004011
:10F870008327C70AA166D58F2326F70AB240410124
:10F8800082808547631FF5008D452165EF300E802E
:10F89000371700408327870AA166D58F2324F70AEC
:10F8A000F1BFFD4781456306F500C547E318F5FC48
:10F8B0008545B240216541016F205EFD8280411186
:10F8C00006C609C59747FE1F23AAA76085471747A5
:10F8D000FE1F2311F7601747FE1F231CF75EB707B3
:10F8E0000400BC4F2146A1451745FE1F034585482E
:10F8F0008297B2400545410182809747FE1F83D71A
:10F90000475DFD17C207C18339476363F75C17E79B
:10F9100000001307A7D68A07BA979C43411106C671
:10F9200022C426C2BA978287C54517E50000130591
:10F93000A5D8EFC02FB08547130600409785FE1F5E
:10F94000938505B71785FE1F130585F61747FE1F1C
:10F950002312F758EF406EE70145EFF0DFE405456D
:10F96000EFF0BFE991471747FE1F2314F75697475B
:10F97000FE1F239207569747FE1F239F0754B70782
:10F98000040003A38705214651A0C14517E50000E7
:10F990001305C5D3EFC00FAA371700408327870A86
:10F9A00085451305000493E707082324F70AEF2091
:10F9B000FEED8D4513050008EF205EEDEF30EEE71C
:10F9C000716513050520EF304EE40545EF300EEA72
:10F9D00095450545EF302EEB0947B7E700E023A238
:10F9E000E710C94517E50000130545CFEFC08FA408
:10F9F0008D4705451747FE1F231DF74CEFF0BFDA73
:10FA0000B707040003A387051306401F2244B24032
:10FA100092441745FE1F0345E535A1454101028388
:10FA20009747FE1F83D7274B1744FE1F1304A44A92
:10FA300081EBC14517E50000130585CBEFC08F9F13
:10FA400083570400C207C1838DEB0145EFF0BFD59A
:10FA500085471747FE1F2310F7489747FE1F239D32
:10FA600007468D471747FE1F2315F746B7070400C3
:10FA700003A387051306006451BF83570400854420
:10FA80006391F40A8D471747FE1F2314F7448947F3
:10FA90001747FE1F2311F7449776FE1F83C646AA19
:10FAA0001307100397E70000938707B86366D70032
:10FAB00097E70000938747A91787FE1F2322F79E29
:10FAC000D1471787FE1F230FF79C9747FE1F938789
:10FAD000672A83C707001785FE1F1305659C1787D4
:10FAE000FE1F2304F79CA1471787FE1F2310F79CD6
:10FAF000F9471787FE1F2318F79A9787FE1F23954C
:10FB0000079AEFE0FFFD2244B24092449775FE1F32
:10FB100083C5051417E50000130585BE41016FB0CC
:10FB2000DFE7835704000947631FF7380145EFF00B
:10FB30009FC79747FE1F2390073A9747FE1F239DB5
:10FB400007389787FE1F83C727960D476387E7000F
:10FB5000D11793F7F70F63ECF40A9775FE1F83C56F
:10FB6000250F17E500001305A5B9EFB01FE31777C0
:10FB7000FE1F0347E79C9307100363FAE70493050E
:10FB8000300217E50000130525B9EFC0AF8A8D4795
:10FB90001777FE1FA30DF70A89471747FE1F231B80
:10FBA000F732BD471747FE1F2315F732B70704008A
:10FBB000BC4F2146A1451745FE1F0345A51B829753
:10FBC0002244B24092442D4541016FF05FC817872F
:10FBD000FE1F0347678DB147631CF7009305300292
:10FBE00017E50000130585B5EFC0CF8489474DB7F1
:10FBF0009305100217E50000130585B6EFC08F834B
:10FC000085471777FE1FA304F704954761BFC945D1
:10FC100017E50000130505B7EFC0CF81BD471747B3
:10FC2000FE1F2318F72A91471747FE1F2314F72AB0
:10FC3000B5BFD94517E50000130505B6EFB09FFF26
:10FC400099471747FE1F2316F72897E70000938769
:10FC500067911787FE1F2325F7848D471787FE1F9F
:10FC60002302F7849747FE1F9387C71083C70700B7
:10FC70001787FE1F230BF782A14759A09787FE1F06
:10FC800083C787820D476394E700A54729A01144E5
:10FC9000639887009D471747FE1F231CF722C5B1B5
:10FCA000A94517B50000130565F5EFB0BFF89747F4
:10FCB000FE1F23918722BD47F9BFD14517E50000FC
:10FCC000130505AFEFB01FF7A1471747FE1F23121B
:10FCD000F72017E70000130767939776FE1F23A10D
:10FCE000E67C15479776FE1F238EE67A1747FE1FA0
:10FCF00013074708034707009776FE1F2387E67A16
:10FD00001777FE1F2314F77A930720032244B2408B
:10FD100092441777FE1F2318F7789777FE1F2395D5
:10FD200007781775FE1F1305A57741016FE05FDBAC
:10FD30001777FE1F034747778D47E308F7F4A94578
:10FD400017B50000130585EBEFB0DFEE91471747BD
:10FD5000FE1F2311F71885B7E14517E500001305CD
:10FD600065A6EFB03FEDA9471747FE1F2313F7160F
:10FD700097E70000938747841777FE1F2322F772C7
:10FD80009547E9BD1777FE1F034707728D47E318B4
:10FD9000F7FAAD4709B7D94517E50000130505A4E3
:10FDA000EFB05FE9B1471747FE1F2314F71297E73B
:10FDB00000009387E7831777FE1F2323F76E95478D
:10FDC0001777FE1F2300F76E9747FE1F938787FA6A
:10FDD00083C707001777FE1F2309F76CA147177722
:10FDE000FE1F2315F76CD14715B71777FE1F034782
:10FDF000A76B8D47E315F7F4B54771BD9305100266
:10FE000017E500001305059FEFB0DFE2B94717477C
:10FE1000FE1F2310F70C97D700009387A77B177757
:10FE2000FE1F232FF76695471777FE1F230CF766F3
:10FE30009747FE1F938707F483C707001777FE1FB6
:10FE40002305F766A1471777FE1F2311F76693076F
:10FE5000800C6DBD1777FE1F034707658D47E310C4
:10FE6000F7EEBD471747FE1F2315F70689471747CB
:10FE7000FE1F2311F70621B6D54517E5000013052F
:10FE8000A599EFB03FDB0145EFF03F971747FE1F05
:10FE90000357470491476315F7000545EFF0BF90FE
:10FEA0009747FE1F938787039C4391C71745FE1F03
:10FEB0000355450282979747FE1F23A107029747E4
:10FEC000FE1F23990700B2402244924441018280E0
:10FED0008280C1471747FE1F231DF7FE411185474A
:10FEE00006C61747FE1F2317F7FE1747FE1F2314EA
:10FEF000F7FE09C59747FE1F23A2A7FEB707040018
:10FF0000BC4F2146A1451745FE1F0345A5E6829734
:10FF1000B24005454101828085471747FE1F230CEB
:10FF2000F7F6D9471747FE1F2315F7FA85471747F6
:10FF3000FE1F2311F7FA89471747FE1F231DF7F805
:10FF4000B7070400BC4F411106C62146A14517451D
:10FF5000FE1F034525E28297B2400545410182809C
:10FF60009307F5FF93F7F70F35476370F70493078F
:10FF7000C5FD93F7F70F71476366F7000D891335D9
:10FF8000150082809307C5F993F7F70F9306C00217
:10FF9000E3F6F6FE1305B5069377F50F01456367A3
:10FFA000F7008D8B13B51700828005458280974737
:10FFB000FE1F83D707F2C117C207C1834147636D94
:10FFC000F76A17E700001307A7868A07BA979C43CA
:10FFD000011106CE22CC26CABA978287ED4517E5D5
:10FFE000000013052589EFB0FFC40545EFF0FF8041
:10FFF0001777FE1F0347B7C585476317F700054509
:020000022000DC
:10000000EFF0AFFFD94711A0C5471747FE1F2312D6
:10001000F7EC51A1F14517E5000013056587EFB036
:100020007FC1C9479775FE1F83C575A617E50000F8
:100030001305C5871747FE1F231DF7E8EFB0FF958F
:100040001777FE1F0347B7A489476309F70097771F
:10005000FE1F83C7D7C105476392E70697D7000005
:10006000938707601777FE1F232CF7428D4717777A
:10007000FE1F2309F7429747FE1F9387A7CF83C729
:1000800007001777FE1F2302F742A1471777FE1FCD
:10009000231EF740930740066244F240D24417778C
:1000A000FE1F2312F7409777FE1F239F073E177509
:1000B000FE1F1305E53E05616FE09FA29767FE1FD7
:1000C0009387C74683C73772F91793F7F70FE3672C
:1000D000F7F89777FE1F83C717B7E391E7F8177410
:1000E000FE1F0344C4B62285EFF09FE71776FE1F7C
:1000F000034686B59776FE1F83C616B51777FE1F93
:100100000347A7B49777FE1F83C737B41778FE1F3E
:100110000348C8B39778FE1F83C858B335C122C0BF
:1001200097D500009385057B1775FE1F130505798C
:10013000EF00104C9775FE1F938545789737FE1F8B
:1001400023AEB75EB7070400FC432E85829797372E
:10015000FE1F2397A75E9775FE1F9385257617D5FB
:1001600000001305E57CEFB05F8397D7000083D7CD
:10017000674FE38507EE9737FE1F9387275CDDB552
:1001800097D50000938505781775FE1F1305057335
:10019000EF00104645B71777FE1F0347E7308D473E
:1001A0001745FE1F034505BD6313F702CD471747EB
:1001B000FE1F2310F7D2B707040003A38705130619
:1001C0000064A1456244F240D24405610283B7074E
:1001D0000400BC4F2146A145829791471747FE1F57
:1001E000231AF7CED5471747FE1F2314F7CEF24048
:1001F0006244D24405618280D54517D500001305BD
:100200006573EFB03FA3D1471747FE1F2313F7CC09
:1002100097D70000938707431777FE1F2322F728FD
:10022000A947B1B59777FE1F83C707280D47639984
:10023000E70089471747FE1F231EF7C8D547F1B3CC
:1002400009476394E7009147F5B79305100217D566
:1002500000001305A56FEFB0FF9D9777FE1FA389E0
:10026000078293070002F9B70145EFF00FD9E54582
:1002700017D500001305C56F9747FE1F239D07C4C0
:10028000EFB05F9B9747FE1F938747C59C4391C77D
:100290001745FE1F035505C482979747FE1F23AFDE
:1002A00007C29747FE1F239707C291B7F54517D599
:1002B00000001305A56DEFB0FF97DD471747FE1F40
:1002C0002319F7C097D700009387072F1777FE1FD2
:1002D0002328F71C95471777FE1F2305F71C974720
:1002E000FE1F938727A983C707001777FE1F230EDA
:1002F000F71AA1471777FE1F231AF71A930720034F
:1003000061BB9777FE1F83C7271A0D446397870643
:10031000E147E5B9ED4517D5000013052569EFB0B4
:100320007F91E5471747FE1F2315F7BA97D70000BF
:100330009387072C1777FE1F2324F7169547177707
:10034000FE1F2301F7169747FE1F9387A7A283C7B7
:1003500007001777FE1F230AF714A1471777FE1F20
:100360002316F714D1470DBB9777FE1F83C7C7131A
:100370000D4463948700E94749B9A94517B50000C2
:100380001305C587EFB01F8B9747FE1F83D7A7B410
:10039000639487169747FE1F239F07B293070002B7
:1003A000ADB19305600217D500001305E561EFB00C
:1003B0007F88ED471747FE1F231DF7B097D7000032
:1003C000938747211777FE1F232CF70C9547177744
:1003D000FE1F2309F70C9747FE1F9387A79983C732
:1003E00007001777FE1F2302F70CA1471777FE1FA0
:1003F000231EF70A9307800C45B11777FE1F0347AA
:10040000A70A8D441744FE1F1304E4AC631F97042E
:10041000835704008946C207C183639DD7001767CD
:10042000FE1F1307A710035767099746FE1F239661
:10043000E69AE1A0835704006317F7029767FE1F4F
:100440009387C70E83D767091747FE1F2317F798AF
:10045000930700021747FE1F231DF7A69747FE1FAD
:10046000239B07A60DA8F1474DB6A94517A5000087
:100470001305C578EFB00FFC91471747FE1F231BEC
:10048000F7A4930700021747FE1F2314F7A483570E
:100490000400E385F4FCB707040003A387052146A5
:1004A000A1451745FE1F0345E58C29BBD14517D54E
:1004B00000001305E553EFB0EFF7F5471747FE1FB0
:1004C0002319F7A097D700009387470D1777FE1FD2
:1004D0002328F7FC8D47A5B51777FE1F0347C7FCF8
:1004E0008D476314F700F9470DB6A94517A500001D
:1004F0001305C570EFB00FF491471747FE1F231B7C
:10050000F79C69BDE54517D500001305A54FEFB071
:100510006FF2FD471747FE1F231DF79A97D700007C
:10052000938707061777FE1F232CF7F6894717775F
:10053000FE1F2309F7F69747FE1F9387A78383C7FC
:1005400007001777FE1F2302F7F6A1471777FE1F54
:10055000231EF7F49307401F81B69777FE1F83C7CA
:10056000A7F40D47639DE7029767FE1F938707FC7B
:1005700083D767091747FE1F2311F7868947174757
:10058000FE1F2319F794930700021747FE1F23123B
:10059000F7948D471747FE1F231FF792EDBD0947BC
:1005A0006394E7009147E1BF9305100217D500005F
:1005B0001305C539EFB00FE89767FE1FA38A074CF4
:1005C000930700021747FE1F2316F7907DBF1747BA
:1005D000FE1F035747908D476318F700854717475D
:1005E000FE1F230AF78A39BC9747FE1F9387A78E01
:1005F00003D40700894742044180E317F4C6D54578
:1006000017D500001305C541EFB0CFE29747FE1F95
:10061000238387881747FE1F0357C78B91476310B3
:10062000F7049747FE1F83C7A78B85071747FE1F51
:100630002308F78A1747FE1F0347878A854763E425
:10064000E700C147D9B2814513050020EFB08F986C
:100650000545EFF04F959747FE1F238307886244B7
:10066000F240D2449747FE1F239607869305803EAB
:10067000514505616F907EEC8280797197D70000BB
:100680009387C7A25AC85EC603AB070083AB470077
:1006900022D426D24AD04ECE62C406D652CC56CAF6
:1006A0002A84AE840149BE8917DC0000130C0C3982
:1006B0005A86DE862285A685EF10B025635705048D
:1006C00097D700009387873803AA070083AA4700BB
:1006D00017DB0000130B0B3797DB0000938B0B36F7
:1006E0005286D6862285A685EF10902D634F05048D
:1006F000B25022544A8592540259F249624AD24A6F
:10070000424BB24B224C45618280032A0C00832A63
:100710004C0022855286D686A685EF10901F634C2A
:1007200005002285A6855286D686EF10A03C2A8435
:10073000AE841509B5BF2285A6855A86DE86EF10E0
:10074000603B2A84AE840509A5B703260B008326E7
:100750004B002285A685EF10B026635E050003A638
:100760000B0083A64B002285A685EF10D0302A848B
:10077000AE846D19B5B703A6090083A6490022858A
:10078000A685EF10502F2A84AE847D1991BF0111E8
:1007900097D700009387872B22CCCC432A848843A9
:1007A00026CA4AC84EC606CE914417D9000013097E
:1007B000E98F97D900009389692863438002F15437
:1007C00017D900001309898E97D90000938909274A
:1007D00015E8F2406244D2444249B2490561828040
:1007E00063DA840003A6090083A649006D14EF10A4
:1007F0009028E1B703260900832649007D14EF10F5
:10080000902765BF635A940003A6090083A6490098
:100810001504EF10202E6DBF032609008326490022
:100820000504EF10202D6DB72A8319C12E85028390
:100830009737FE1F9387076B9C4389CB138717005D
:100840009736FE1F23A0E66A2380B70082801971C5
:10085000D2D4DAD086DEA2DCA6DACAD8CED6D6D2F8
:10086000DECEE2CCE6CAEAC8EEC62A8A2E87328BF2
:1008700083050700638F0554930750029304170004
:100880006393F512830D1700930600036398DD064A
:10089000830D270093043700130C000381491307CD
:1008A000A002639DED0803290B0013074B0063555D
:1008B0000900330920418949838D04003A8B85045E
:1008C0001307E0027D546395ED08838D0400130740
:1008D000A0026389ED0685040144A54629461387D5
:1008E0000DFD1377F70F63E5E6063304C4028504B4
:1008F0006E94130404FD838DF4FFD5B79306D002E4
:100900006387DD0093042700130C000241BF9304AA
:100910003700830D2700130C0002894949B73309BA
:10092000C90285046E99838DF4FF130909FD1387AD
:100930000DFD1377F70FE3F4E6FE59B70149A5461D
:100940002946F5B703240B00838D1400110B89048D
:100950001307C0066397ED00838D040093E94900F7
:10096000850463880D46130760066343B7051307C4
:10097000500663DFED0C130720066381ED36634AF2
:10098000B701130750046385ED0C13078005C146BA
:1009900001A813073006638EED0213074006A9462F
:1009A000638FED32EE855285EFF01FE8DA8A0DA8ED
:1009B000130730076389ED026346B7011307F0069A
:1009C000A146F9BF13075007638DED321307800767
:1009D0007DBF83050B005285930A4B00EFF0DFE4E7
:1009E000568B268771B5832B0B00930A4B006396B9
:1009F0000B00979B0000938B6BB6B7070400FC437A
:100A00005E8582972A8B634504006373A400228B62
:100A100093F92900638609025E9483850B0099C1CE
:100A200063938B02E37E2BFB930500025285EFF06C
:100A3000BFDF050BC5BFE2855285EFF0FFDE050B7A
:100A4000E36B2BFFD1BF5285850BEFF0FFDDF1B7D4
:100A50001D0B137B8BFF832B0B00930A8B00032B47
:100A60004B005E865E85DA86DA85EF2020406318CB
:100A70000522635304001944014681465E85DA85E8
:100A8000EF100074930CB00263580500B7070080A4
:100A900033CB6701930CD002B707008093C7F7FFF1
:100AA000337DFB0097D700009387C7FA03A80700A0
:100AB00083A847005E854286C686EA8542C046C254
:100AC000EF20C03A19ED024892485E854286C686FC
:100AD000EA85EF10E06E97D70000938727F963450A
:100AE000A02E130760066393ED0433058040EFF0FA
:100AF0001FCA17D70000130767F610435443EF10BF
:100B000080772A86AE865E85DA85EF00B00BAA8BE9
:100B10002E8BEFF09FB6AA88635305008148338778
:100B20008800F14663CEE628014DA5A8014681461E
:100B30005E85DA85EF10405781487DD5DA855E8580
:100B40005EC0EFF09FB3018DEFF07FC497D6000039
:100B50009386C6F09042D442EF10E0710248DA86E4
:100B60004286EF0030062A8BAE8BEFF01FB11307E1
:100B700030066347A7246547634487241307D0F9E9
:100B80002A8D6354E500130DD0F96A85EFF03FC05C
:100B90002A86AE865A85DE85EF00D075AA8B2E8B0D
:100BA00081481307D0026385EC00930C010229A051
:100BB00023009103930C110233048040468546CEF6
:100BC000EFF0FFBC2A86AE862AC82ECA5E85DA857B
:100BD0005ECC5AC6EF001072EF20002D2AC0EF2025
:100BE000E0384243D2431A869E86EF10C0683247EF
:100BF000624F2A86AE867A85BA85EF105033F24866
:100C0000FD5EAA8B2E8B668782476398D801930678
:100C1000E00213871C002380DC0093860703230077
:100C2000D700FD18930C1700E3DA88F893066006E6
:100C3000638DDD02A300B7019307B00263560D0078
:100C4000330DA0419307D0022301F700A947B34613
:100C5000FD02930C5700B367FD0293860603A301C0
:100C6000D700938707032302F70023800C00B70700
:100C70000400FC43081093F9290082972A84130B7F
:100C800001026383090483050B00A1E5E37A24D5FF
:100C9000930500025285EFF03FB90504C5BF97D711
:100CA0000000938727DC930C0102850703C7F7FF39
:100CB000850CA38FECFE0387070065FB7DB7E285FB
:100CC0005285EFF07FB60504E36B24FF130B01029E
:100CD0005DBF5285050BEFF03FB575B7894613F739
:100CE0004900930A4B0005C31306400603270B0077
:100CF0006394CD02635207023307E04093E9190081
:100D000021A8A946E9BF130740066395ED00032714
:100D10000B00CDB703270B00930580071D46639496
:100D2000BD00130670029375F60F101081473284D0
:100D300025433378D702B358D7023385050163655D
:100D40000301131588016185130505032300A6001F
:100D5000138B17006369D7009307000205064687C7
:100D60006316FB04FD4713F7190009CB98003A9B63
:100D70001307D0022300EBFE138B270093F9290001
:100D8000DA8B638C09027D1BB3076401838507003E
:100D90005285EFF07FA9E3180BFEE3F32BC5930513
:100DA00000025285EFF05FA8850BC5BFDA8751B707
:100DB000E2855285EFF05FA7850BE3EB2BFFE1B7F0
:100DC00097D70000938747CA23009103930C110221
:100DD000E9BDF6506654D6544659B659265A965A25
:100DE000065BF64B664CD64C464DB64D096182808B
:100DF000397122CC1734FE1F1304C40E32D408C03C
:100E00003010014506CE3EDA36D63AD842DC46DE10
:100E100032C6EFF0DFA31C4023200400238007002C
:100E2000F240624421618280411122C41734FE1FC6
:100E30001304440B08C0014506C6EFF05FA11C4037
:100E40002320040023800700B24022444101828015
:100E5000011106CE2EC615CD1841AA8705C35841EB
:100E60007D5511CB8546631BD700984723000700AB
:100E700023A207000545F240056182809847B246EB
:100E80002300D7009847050798C7D8437D17D8C3D4
:100E9000D5B705466C00EF107EFEE9BF797122D40C
:100EA00026D24ECE52CC56CA06D64AD05AC82A8A24
:100EB000AE8A328481449309000263440602B387F8
:100EC0009A00838707009DE363D6840263D2E4021D
:100ED000198C93F726009309000281C719E393093F
:100EE0000003858A014985EA228931A88504C1BFAA
:100EF000058CC5B70144F1BFCE8552853AC6EFF0E7
:100F00003FF532477D19E34920FF228963530400EE
:100F100001493304244163CBE402CA84B3872441EA
:100F2000D69783850700A1E1228963432005635397
:100F30000400014433059400B250225492540259E3
:100F4000F249624AD24A424B45618280B3049740DB
:100F5000268B9305000352857D1BEFF07FEFE31A8C
:100F60000BFE26995DBF5285EFF09FEE85047DB79D
:100F7000CE855285EFF0DFED7D1945BF5D71A6C2CC
:100F800052DC86C6A2C4CAC04EDE56DABA843E8A95
:100F900085E5930700030147D28626862C08231C8B
:100FA000F100EFF0BFEFB640264496440649F259EF
:100FB000625AD25A616182802A893684C68A91CA6D
:100FC000A94701446317F60063D50500B305B04097
:100FD0000544A30701029307F102A546130568FC27
:100FE00033F7C50263D3E6002A9713070703A38FDD
:100FF000E7FE9389F7FF33D7C50263FBC50409CC2D
:10100000B9C813772A0021CB9305D0024A8542C67E
:10101000EFF01FE43248FD1493774A008DC3930725
:101020001006930500034A85631FF802EFF05FE2A4
:10103000930580074A85EFF0BFE10904F91456874C
:10104000D2862686CE854A85EFF05FE52295A1BF40
:10105000BA85CE8771B71307D002A38FE9FE01448A
:101060009389E7FF55BFEFF0BFDE93058005D9B741
:10107000014582800145828039715AD037EB0200E8
:1010800022DC26DA4AD84ED652D456D25ECE62CC74
:1010900006DE66CAAA892E893284014A8144930BEE
:1010A0005002930AB002294C130BCBA6830509000A
:1010B0008DE56386090081454E85EFF07FD9F250BA
:1010C000625426854259D254B259225A925A025B2E
:1010D000F24B624CD24C21618280638875014E854F
:1010E000EFF01FD785040509D1B783071900930CCA
:1010F0001900639A7701930550024E85EFF05FD592
:1011000085046689CDB7D5D76387570563C8FA00CC
:10111000130730026384E704814705A01307D00258
:10112000638AE70013070003E398E7FE930C2900A6
:10113000894721A0930C2900854703870C0063038E
:10114000570563C1EA0293063002630BD702668932
:101150000146A54535A8930C29007DBF930C2900B5
:101160009147E1BF9306D0026309D70093060003BD
:10117000E31FD7FC93E7270031A0850C8547C1BF4B
:1011800093E74700850CE1B73306860305093696D9
:1011900003070900930607FD13F5F60FE3F6A5FE16
:1011A0009305E0029946631EB70005098146A545EF
:1011B00003070900130707FD1375F70F63F5A50271
:1011C000368A030709009305A0066302B70A63C1C4
:1011D000E5029305C004630CB7089305800663011C
:1011E000B70881452DA0B38686030509BA96C9B70D
:1011F00093054007630DB7069305A0076309B7067B
:101200001305C00681456314A7000509914503072E
:10121000090013050006130810066344E5001308CF
:101220001004130570066341E50613055006635666
:10123000A71413057004634EE50293055004635E22
:10124000B71293063004E310D7EA1840930C440019
:10125000A30601002306E100BE8601476C0041A001
:10126000030519008145E314E5FA09094DB705099D
:101270008DBF93063006E30AD7FC63C6E6069306E5
:1012800080056303D70285B5930630076301D70451
:1012900063C8E6029306F006630ED70A93060007BA
:1012A00093E74700E311D7E4D9CD1D04937584FF7C
:1012B000C288138485003E880147B287C1463DA895
:1012C000930650076300D706930680075DBF18405A
:1012D000930C4400DA8511C3BA855287BE864E85C9
:1012E000EFF0DFBB2DA895C11D04937584FFC28864
:1012F000138485003E880547B287A946D0418C41BA
:101300004E85EFF0FFD6AA94F9BB930C4400D28827
:101310003287854629460C404E85EFF03FC6AA9499
:101320006684D1B399C91D04937584FFC288138460
:1013300085003E880147B287C9B7930C4400D28824
:1013400032878146C1BF3287930C4400D2888146E0
:101350004146D1B781CD1D04937584FFC2881384A3
:1013600085003E880147B287A14649BF3287930C6A
:101370004400D2888146214679BF1D04937584FFBD
:10138000138485003287D0418C41C2884E853E88C7
:10139000B687A946EFF01FCEBDB7397132833EDA6A
:1013A0002EC42AC67010854748009A8506CE36D6C8
:1013B0003AD842DC46DE3EC232C0EFF0FFCBF2400C
:1013C000216182803708100001117D183377B80041
:1013D00026CA3378D80093D4450113D34601131E8F
:1013E00037004EC61357D5010E089357D60193F414
:1013F000F47F1373F37F06CE22CC4AC893D9F5014C
:1014000093DEF6013367C701131F350033E8070188
:10141000931F3600338E64406380D9196356C0131E
:101420006304031CB70680009307F07F3368D8007D
:10143000638FF4369307800363C0C735FD4763CDE0
:10144000C747130500023305C541B3D7CF01B31613
:10145000A8003399AF00DD8E33392001B357C8019E
:1014600033E926011D8F33092F41B3372F0133068E
:10147000F7409317860063D40724370780007D1751
:101480003374E600630C042C2285EF20F01113075F
:1014900085FF93070002998FB357F9003316E400D4
:1014A000D18F3319E9006341972A3305974013061A
:1014B00015007D47634DC73813070002118FB356DF
:1014C000C9003319E9003397E700558F33392001FC
:1014D0003369270133D6C70081449377790081CFE0
:1014E0001377F90091476308F70013074900333970
:1014F00027014A963A899317860063D6071C1385FD
:1015000014009307F07FCE856304F520B70780FFB2
:10151000FD17F18F9398D70113593900A607B3E847
:101520002801B1831375F57F9396C7005205F240E9
:101530006244B182FE05C98ECD8ED2444249B24981
:101540004685B68505618280631E0E0A13831400EA
:101550001373E37F63170322B367E701B368F801EE
:10156000639D041A63870740638608443309FF417B
:10157000B307074133362F013386C74093178600E0
:1015800063D6074C3389EF41B307E84033B62F01E8
:101590003386C740F68991B76350C00F6300030CD0
:1015A000B70680009307F07F3368D800638AF43A67
:1015B0009307800363CBC713FD4763DFC735130968
:1015C0000EFE93070002B3562801630AFE001309BA
:1015D00000043309C94133192801B3EF2F0133390E
:1015E000F0013369D90031A2B367F801638A071C9F
:1015F0009307FEFF638C07389306F07F6309DE1ABA
:101600003E8E0DBDB305934063910422B367E7019D
:10161000638707329387F5FF638107449306F07F62
:10162000638CD520BE859307800363CCB72AFD4722
:1016300063CFB73C930700028D8F3319F700B35681
:10164000BF00B317FF003369D900B337F000335739
:10165000B7003369F9003308E84041ACB367F801DB
:10166000638007349307FEFF638A07209306F07FA9
:101670006308DE2E3E8E2DBF631E0E14938614006B
:1016800093F7E67F63910734B367E7016395042C12
:101690006380073EB367F801638E07303309FF01AB
:1016A000B3070701333FE9013386E701931786004B
:1016B00063D70700B70780FFFD177D8E85449377BA
:1016C0007900E39F07E09317D60193583900B3E8F8
:1016D000F800935736001307F07F638DE404B207D8
:1016E000B18313F5F47FCE8581B53369F8013339C1
:1016F00020017A99B337E9013386E7009317860012
:10170000E3DF07FA85049307F07F6396F418CE852C
:101710001305F07F8147814801BDC1EB6384083A1E
:10172000931636009317D8018D82B3E8D700F68957
:1017300093573800B3E7F800F9DB81451305F07FD4
:10174000B70708008148CDB3370680FF7D167D8E30
:1017500093777900998CE39507D8B5B74A85EF2040
:10176000A06413078501FD47E3D5E7D2130685FF83
:10177000B317C900014905BB3369F80133392001AA
:10178000DDB13309FF413306074133342F01330400
:1017900086409317840063CD0724B3688900E393E0
:1017A00008CE8147814981441DBFE39808F80E05A2
:1017B0009317D7010D81B3E8A700935737009DBF5A
:1017C0000E059317D7010D81B3E8A700F284935754
:1017D000370011B73305934063820412B7068000C7
:1017E0009307F07F558F630DF32E9307800363CB30
:1017F000A720FD4763C3A72A93070002898F3319E7
:10180000F700B356AF00B317FF003369D900B33701
:10181000F0003357A7003369F9003A987E99B3373F
:10182000F901338607019A84D1BDB706800093077A
:10183000F07F558FE319F3DE931736008D839318ED
:10184000D801B3E81701F68993573800E5B51307B7
:1018500015FE9306000233D7E700630AD60093060D
:1018600000043386C6403396C7003369C900333954
:1018700020013369E9000146814491B53309FF0134
:10188000B30707013336E9013E9693178600854476
:10189000E3D707E28944B70780FFFD17F18F13579D
:1018A000190013791900336927019398F70133E977
:1018B000280113D6170015B113090EFE9307000275
:1018C000B3562801630AFE00130900043309C94115
:1018D00033192801B3EF2F013339F0013369D900EF
:1018E00059B63369E7013339200133892F41B3B742
:1018F0002F013306F8409A84F689A5BEB367E70145
:10190000638207189307F5FF6384071C9306F07F33
:101910006304D5123E85D1BD93070002B387C7414A
:10192000B316F8003399FF0033D6CF01D18E333987
:101930002001B357C80133E926013E975DBB9317D9
:1019400036008D839318D801B3E81701AE849357FE
:101950003800F68949B3EDC33369F801E31F09DCA8
:101960000E059317D7010D81B368F5009357370023
:10197000D1B36381080E931636009317D8018D8278
:10198000B3E8D700F6899357380091BB3309FF417C
:10199000B3070741333F2F013386E7418544D1BC6C
:1019A0000E059317D7010D81B368F500F2849357A4
:1019B000370015B30E059317D7010D81B3E8A700C3
:1019C0009357370029BB9307F07FE382F6D433099E
:1019D000FF013336E901B3070701B2979398F70186
:1019E0001359190033E9280113D61700B684C1B979
:1019F0003389EF413307E84033B62F013304C74042
:101A0000F68949B43369E7013339200101BD938771
:101A100005FE93060002B357F700638AD5009306CC
:101A20000004B385B6403317B700336FEF00333986
:101A3000E0013369F90055BD931736008D83931883
:101A4000D801B3E8170193573800EDB1B368C90066
:101A5000E39708C68147814959B13389EF41B307FC
:101A6000E84033B62F013386C740F689854411B468
:101A7000931636009317D8018D82B3E8D700935799
:101A80003800B1B9931636009317D8018D82B3E8A8
:101A9000D700AA84935738003DB9930705FE9306F3
:101AA0000002B357F700630AD5009306000433859C
:101AB000A6403317A700336FEF003339E0013369D5
:101AC000F900A9BB81451305F07FB7070800A9BC41
:101AD0003309FF01B30707013336F9013E9675B3A9
:101AE000931636009317D8018D82B3E8D700935729
:101AF000380089B1397193D7450122DC4AD856D2D2
:101B00002A891394C50006DE26DA4ED652D45AD05E
:101B10005ECE13F5F77F318093DAF501630B051084
:101B20009307F07F630BF514135AD9010E04336445
:101B30008A00370A8000336A4401131B390093047A
:101B400015C00144814B13D846011399C600137880
:101B5000F87FB2881359C90093D9F601630E0808BB
:101B60009307F07F6300F8041357D6010E09336919
:101B70002701130818C0B70780003367F9009318CE
:101B80003600B38404418145BD4733C83A0163E45C
:101B9000871A97C70000938727EE0A043E941040E7
:101BA0003E9602863367C90093841480631207103F
:101BB0001364240081488945C1BF1306F07F814723
:101BC0000147B207F25062545206B1837E08D18FAA
:101BD000B3E70701D2544259B259225A925A025BD2
:101BE000F24B3A85BE852161828001481306F07F61
:101BF000B70708000147F1B73367C9004DC763084D
:101C000009304A8532C4EF20201A2246130755FFB7
:101C1000F547930685FF998F3319D900B357F6001E
:101C200033E72701B318D60026959304353F814545
:101C3000A1BF336A240163030A0636C632C46306B1
:101C4000042A2285EF2040162246B246AA841307B2
:101C500055FF754A138B84FF330AEA40331464013D
:101C6000335A4901336A8A00331B69011305D0C016
:101C7000B30495400144814BF9B5336A24016318DC
:101C80000A002144014B9304F07F894B6DBD228AE9
:101C90004A8B31449304F07F8D4B75B51144014B51
:101CA0008144854B4DB51364140081488545E9BDD9
:101CB000136434004A878D45C1BD630A052E8547EC
:101CC000898F9306800363DDF63201468147014721
:101CD000CDBDCE868947638DF53A8D47E387F5F014
:101CE00085473688E383F5FE1385F43FE357A0FC70
:101CF00093F778006396072893D6380093177700F8
:101D000063D80700B70700FFFD177D8F13850440D8
:101D10009307E07FE3C3A7EA1316D7019317970051
:101D2000B1833367D6001376F57F61BDD6865287BF
:101D3000DA88DE8545B763614723630DEA20DA86DA
:101D4000FD145284014B9317870013D3880133632A
:101D5000F300935E0301B357D403131F0301135F12
:101D60000F0193D50601139E88003374D403330703
:101D7000FF024204C18D63FBE5009A951386F7FFCD
:101D800063EE652663FCE526F9179A95998D33D79E
:101D9000D503C206C182B3F5D5033306EF02C205EF
:101DA000D58D63FBC5009A959306F7FF63E665241E
:101DB00063F4C52479179A95C20741645D8F930730
:101DC000F4FF3375F70093580701935F0E01B37763
:101DD000FE00B302F502B386C540B383F80293D583
:101DE00002013386AF021E962E963385F803637385
:101DF00076002295C168FD189355060133761601C9
:101E00004206B3F81201AA95469663E6B6126382BB
:101E1000B6123306CB408D8E333BCB00338B6641FD
:101E20001385F43F630C6317B358DB039355060126
:101E3000337BDB03B3061F03420B33EB6501637B8C
:101E4000DB001A9B9385F8FF636D6B20637BDB20BF
:101E5000F9181A9B330BDB40B356DB034206418271
:101E6000337BDB03330FDF02420B33666601637B98
:101E7000E6011A969385F6FF6367661E6375E61F93
:101E8000F9161A96C208B3E8D8009395080193D2C0
:101E90000801C181B38EF5023306E641B385BF0266
:101EA00093D60E01B387F202BE95AE96B38F5F0252
:101EB00063F4F600C167BE9FC165FD1593D70601A7
:101EC000ED8EC206B3FEBE00BE9FF696637FF60996
:101ED0001A969387F8FF6369661A6368F619630FA9
:101EE000F61BBE8893E8180011B54A85EF10D06B39
:101EF00013075501F145930405022246B246E3DA81
:101F0000E5D4130485FF331A8900014B85B332856C
:101F100032C4EF10706913075501F146AA872246B3
:101F200013050502E3D6E6CEE1173317F600814824
:101F3000E5B9E370CBEE729B3335CB011A95AA96C7
:101F40001305F7FF6378D30263E6B6106382D510FA
:101F50002A87C1B5E3651BDF93551B009316FA0171
:101F600013541A00CD8E7E0BF9BBE31DF6F7E38FF9
:101F700006D6B9BFE31ED3FCE378CBFD2A8751BD5B
:101F800093F7F8009146E389D7D693B7C8FF9386B5
:101F9000480093C717008D823E978DB381468547D1
:101FA000E34CA0FEFD58E31C05D0930410C0854708
:101FB0001385E441B316A70033D6F8003395A80083
:101FC000D18E3335A000C98E13F676003357F70053
:101FD00001CE93F7F60011466388C7009387460049
:101FE000B3B6D7003697BE869317870063D8070429
:101FF000054681470147F1B636877DBBB28779B385
:10200000FD46E3D7F6FA0556098E930600023356CD
:10201000C7006388D7009387E443B317F700B3E89A
:10202000F800B3361001D18E13F67600814701CE49
:1020300093F7F60011460147E392C7FA931797000A
:102040001316D701B18313D73600518F014695BEC1
:10205000E370CBF0729B3335CB011A957917AA96B2
:102060004DBBAE88C5BBAE8631BD93171E0033BED7
:10207000C70172931A96F9183E8EE315F6E7E30747
:10208000DEC693E818009DB1BE88E30AF6FF99BD4D
:1020900036881306F07F8147014725B6E367DEFCEB
:1020A000BE88E310DEFE99B113D74501B7071000D3
:1020B000FD1713D846011377F77F9308F07F33FE9F
:1020C000B700AA8EF58FFD81328F1378F87FFD82DD
:1020D000630B170105436306180163140701630DC1
:1020E000FE001A858280B368AE000543E39B08FEBC
:1020F000E319E8FED18FF5F70543E394EEFF0143C2
:10210000E381D5FE054371FF3365AE003333A00094
:10211000C9BF13D74501B7071000FD1713D84601F3
:102120001377F77F9308F07F33F3B7002A8EF58F8C
:10213000FD81B28E1378F87FFD8263081703630078
:1021400018030DEBB368A300631408005D8E29CA61
:10215000638508046388D502054595ED8280B3E860
:10216000C700E38008FE795582803365A30065FDD2
:10217000630CE802631408005D8E79DEE39ED5FCF3
:10218000E34CE8FC63480701E3E867FC6303F30200
:10219000637FF30081E57D558280F5DE0545828011
:1021A0000145E39B08FA82805D8E69DA6DBF0145C7
:1021B0008280E3E3CEFB0145E372DEFBE5F1E1BFA4
:1021C00013D74501B7071000FD1713D84601137741
:1021D000F77F9308F07F33FEB700AA8EF58FFD815D
:1021E000328F1378F87FFD82630E1703630D180199
:1021F00029E3B368AE00631F08005D8E01EE014362
:10220000638C080421A8B3E8C70009436396080457
:102210006DD305A0638408046385D50205438DCD85
:102220007D531DA8B368AE00094363970802630A93
:10223000E802631408005D8E75D2E391D5FEE34F8A
:10224000E8FC63490701E3EBC7FD630FFE000143B0
:102250006374FE00F1D505431A858280EDFE7D533F
:10226000E5BF5D8E79DACDBFE36ADFFB0143E3F5BD
:10227000EEFFF5F175B739714AD813D945014ED63D
:1022800052D456D29399C50006DE22DC26DA5AD003
:102290005ECE1379F97F2A8A93D9C90093DAF501C2
:1022A000630D090E9307F07F6306F9181354D501E7
:1022B0008E09B36934013704800033E48900931434
:1022C0003500130919C08149814B13D74601139A70
:1022D000C6001377F77FB285135ACA0013DBF601E5
:1022E000630B07109307F07F6303F7049357D6013E
:1022F0000E0A33EA4701130717C0B7078000B36718
:10230000FA00931536003A99814833C76A01BD46F1
:102310003A851308190063E8361717B6000013064C
:10232000A6798A09B29983A60900B2968286B36714
:10233000CA001309F97F6399071293E929008145BF
:102340008948E1B701479307F07F370408008144CB
:102350003204D20731807E075D8C598CA285F25001
:10236000625426854259D254B259225A925A025B7B
:10237000F24B216182805A853E84AE84C68B8947A8
:10238000638DFB0E8D47E38FFBFA85472A87639E9B
:10239000FB3881470144814465BF33E4A90061C033
:1023A00036C632C4638C092A4E85EF10F01F2246D0
:1023B000B246AA87130755FF7544938487FF198C8B
:1023C000B399990033548A0033643401B3149A00EA
:1023D00013D746011309D0C0139AC6001377F77FAD
:1023E0003309F9408149814BB285135ACA0013DB86
:1023F000F601E31907EEB367CA00B1C7630F0A22FB
:10240000528532C4EF10501A22462A87930655FF90
:10241000F547930587FF958F331ABA00B357F60037
:10242000B3E74701B315B6003309E9401309D9C032
:102430008148E1BD33E4A90001ECA14981441309BD
:10244000F07F894B59B593E919008145854875BDE1
:102450004E84AA84B1491309F07F8D4BBDB59149D3
:1024600081440149854B95B593E93900D2878D4860
:1024700069BD89475685E397FBF02A879307F07F6C
:1024800001448144F1B5C16E1386FEFF93D6040169
:1024900013DE0501F18CF18D338695023383B6028C
:1024A0009358060133059E021A95AA98B382C60373
:1024B00063F36800F692C16F1383FFFF33F5670083
:1024C00093D30701B3F76800C207337366003E93E6
:1024D0003306950293D80801B387A602135F06015D
:1024E000B3849302BE94FA94B38E760263F3F4003D
:1024F000FE9E416A9307FAFF935F0401B376F400EE
:10250000B3F9F4007D8EC1803384D502C209338FC4
:10251000D401B299CE98B307DE02935E0401B3856D
:10252000BF02AE97BE9E330EFE0363F3BE00529E03
:10253000C1679385F7FF33F6BE006D8C4206229685
:1025400093DE0E01B305D502769E3385AF0213D418
:102550000501B386D302AA96A296B38FF30363F361
:10256000A600BE9F41657D15B3F7A600C2076D8D1D
:10257000AA97B3855800B3B93501FA97B295338459
:10258000370133B6C500B30EC4013385CE003334F2
:102590003401B3B7E701C18F33BECE0113D40601B6
:1025A0003336C5003E943366CE0093949500329442
:1025B0007E94B3E46400260493567501B33490000E
:1025C000DD8193179500CD8C558CDD8C93177400AD
:1025D00063DB070093D7140085889316F401DD8C24
:1025E000D58C058042899307F93F6359F00893F62B
:1025F000740081CE93F6F40011466388C60093867A
:102600004400B3B496002694B6849316740063D83D
:102610000600B70700FFFD177D8C9307094093065E
:10262000E07F63CFF60E93D634009314D4012604D2
:10263000D58C318093F7F77F21BB328532C4EF1000
:10264000A07693065501F147130705022246E3D110
:10265000D7DC6115B317A6008145F9B3EF10C0743C
:1026600013075501F145930705022246B246E3D50B
:10267000E5D461153314AA00814499BB85469D8E2B
:10268000B1E71309E941B3972401B3D4D400331956
:102690002401B337F000B3649900DD8C93F7740024
:1026A000B356D40081CF93F7F40011466388C70076
:1026B00093874400B3B49700A696BE849397860090
:1026C00063D8070485470144814459B11306800348
:1026D000E341D6CC7D46E356D6FA0556B307F6401D
:1026E000930500023356F4006387B6001309E943EB
:1026F000B3172401DD8CB3349000D18C93F67400B1
:10270000014499CA93F7F40011468146E392C7FA4F
:10271000139496003180F6068D80D58C81470DB9D3
:102720009307F07F0144814425B142896DBD37078D
:1027300010007D1701113373B70093D84601758FD0
:10274000935ED60122CC26CA0E0393D4450193573B
:10275000D5010E0706CE4AC84EC693F8F87F130E71
:10276000F07F33E7EE0093F4F47F13D4F50133E305
:102770006700131F3500FD82931E36006380C81961
:1027800093C61600B38514416305D4126351B01883
:10279000638B081AB70780005D8F6381C459930764
:1027A000800363C4B734FD4763C5B748930700028D
:1027B0008D8FB3D9BE003318F700B39EFE00336887
:1027C00038013357B700B339D001336838013303C8
:1027D000E340B3090F41B3373F013306F34093178A
:1027E000860063D30724370980007D1933792601D9
:1027F000630F092C4A85EF10205B130785FF9307B1
:102800000002998FB3D7F9003316E900D18FB3993D
:10281000E9006344972A058F13061700FD4663C538
:10282000C63A13070002118FB3D6C9003398E900E6
:102830003397E700558F33380001B369070133D66A
:10284000C700814493F7790081CF93F6F90091474F
:102850006388F6009386490033B836014296B689FC
:102860009317860063D6071C138714009307F07F25
:1028700005886306F720B70780FFFD17F18F1398CF
:10288000D70193D93900A60733683801B18313778C
:10289000F77F9396C7005207B1827E04D98EC18E0E
:1028A000F2406244D2444249B2494285B68505614C
:1028B00082806356B00A638A0812B70780005D8F72
:1028C0006387C42D9307800363C7B718FD4763D29E
:1028D000B73C138805FE93070002B3590701638ACA
:1028E000F50093070004B385B7403317B700B3EE84
:1028F000EE003338D0013368380195A2B367D701B1
:102900009385148099E393C61600630AD404D1E139
:102910009387140093F7E77F6399071EB367E3017A
:102920003368D701639204166382073C631608423A
:10293000131835009316D3011358380033E80601F5
:102940009357330019A2B367D7016385071A93879A
:10295000F5FF638B073A638CC523BE8589B5639900
:10296000051C9386140093F7E67FC1EFB367E3017C
:1029700063900436638D0744B367D70163940746B9
:102980000E051318D3010D813368A8009357330047
:102990006DA8B385984063970420B367E301638D06
:1029A00007309387F5FF638907401305F07F638342
:1029B000A520BE859307800363C2B72AFD4763C87D
:1029C000B73C930700028D8F3318F3003356BF00D6
:1029D000B317FF003368C800B339F0003353B300B6
:1029E0003368380133076740B5ACB367D7016383F9
:1029F00007109387F5FF638F071E6380C52FBE8581
:102A0000D1B59307F07F638BF606FA9E33B6EE01DD
:102A1000B307E300B2971398F70193DE1E00B36982
:102A2000D80113D61700B68493F77900E39F07E027
:102A30009317D60113D839003368F800A685935749
:102A400036001307F07F6380E506B207B18313F702
:102A5000F57F05883DBD3367D7013338E000B30902
:102A6000E801B3B7E9013386670093178600E3DD19
:102A700007FA85049307F07F639CF4180588130711
:102A8000F07F8147014831B5639107106301083C2D
:102A9000131836009317D701135838003368F8001D
:102AA000368493573700B367F800E9DB0144130716
:102AB000F07FB70708000148E9BB370680FF7D16A5
:102AC0007D8E93F77900998CE39107D895B74E8561
:102AD000EF10802D13078501FD47E3D2E7D21306DF
:102AE00085FFB397C90081492DB33368D7013338C7
:102AF0000001C5B1131835009317D30113583800DE
:102B00003368F800935733002DBFB309DF41330911
:102B1000E34033363F013309C9409317890063CA44
:102B2000072033E82901E31508CC8147014431BF70
:102B3000B385984063810414B70680009307F07F43
:102B40003363D3006381F8209307800363CCB722FB
:102B5000FD4763C9B72C930700028D8F3318F3002C
:102B6000B356BF00B317FF003368D800B339F00085
:102B70003353B300336838011A97B309D801B3B798
:102B8000D9013386E700C684CDB5E31108F21318E6
:102B900035009317D301135838003368F800935762
:102BA000330011B7370580009307F07F3363A3002C
:102BB000E392F8E00E061318D7010D823368C800BF
:102BC000935737003684C5B505179306000233D7EF
:102BD000E700630AD600930600043386C6403396A6
:102BE000C700B3E9C90033383001B369E8000146D2
:102BF00081441DBDB309DF01B307E30033BFE90121
:102C00003386E701931786008544E3DF07E08944B4
:102C1000B70780FFFD17F18F13D7190013F81900BC
:102C2000336807019399F701B3E9090113D6170037
:102C300011B9138805FE93070002B3590701638A8F
:102C4000F50093070004B385B7403317B700B3EE20
:102C5000EE003338D00133683801A5BE3363E30199
:102C600033386000B3890E41B3B73E013306F740F5
:102C7000C6843684ADB6B367E301638707189387CC
:102C8000F5FF638C071C9306F07F638ED50ABE8523
:102C900065BD930700028D8FB3D9BE003318F700CE
:102CA000B39EFE00336838013357B700B339D00103
:102CB000336838013A9365B3131836009317D70178
:102CC0001358380033E8070136849357370095BB13
:102CD000BDCB3367D701E31B07DC0E051318D30107
:102CE0000D813368A8009357330075BBE30F08E2EA
:102CF000131836009317D701135838003368F800BB
:102D000036849357370091B3B309DF41B307E340EB
:102D1000333F3F013386E7418544D1B41318350072
:102D20009316D3011358380033E806019357330044
:102D30009DBBB389EE413306674033B93E01330989
:102D40002641368475B40E061318D7010D823368F8
:102D5000C8009357370081BBB309DF41B307E34095
:102D600033363F013386C7409317860063D7070A7F
:102D7000B389EE41B3076740B3BE3E013386D74106
:102D80003684C9B43363E30133386000FDB313887C
:102D900005FE93070002B3590301638AF500930708
:102DA0000004B385B7403313B300336F6F0033387B
:102DB000E001336838017DB5B389EE41B307674060
:102DC000B3BE3E013386D7413684854409BC13180F
:102DD00036009317D701135838003368F80093571B
:102DE0003700A5B1B309DF01B307E30033BFE90141
:102DF0003386E70193178600E3D807C2B70780FF41
:102E0000FD177D8E85440DB10E061318D7010D8276
:102E10003368C800935737002DB133E8C900E30683
:102E200008D019B1138805FE93070002B3590301B6
:102E3000638AF50093070004B385B7403313B300EA
:102E4000336F6F003338E001336838013DB301441C
:102E50001307F07FB70708002DBCB309DF01B307E4
:102E6000E300B3BED9013386D70169BB13D745014F
:102E7000B7071000FD171347F7FF13D84601FD8D64
:102E8000F58F931657011378F87F99CA1307F07FCF
:102E900001456303E8008280D18F3335F0008280E2
:102EA000C98D0545E5D5828093D74501B706100049
:102EB0001387F6FF93F7F77F1306E03F6D8FFD81D1
:102EC000635CF6001306D041635AF60037050080B4
:102ED0001345F5FF2E95828001458280130630430D
:102EE0001D8E7D48558F635DC80093063041B387C2
:102EF000F640B357F7003305F040E5F13E85828098
:102F00009387D7BEB317F7003355C500C98FE5B710
:102F100093D74501B70610001387F6FF93F7F77FA5
:102F20001306E03F2A886D8F0145FD816354F6004A
:102F300099C1828082801306E0417D55E34BF6FE05
:102F4000130530431D8D7D46558F634AA600938738
:102F5000D7BE3317F7003355A800598D828013056B
:102F60003041B307F5403355F7008280411106C662
:102F700022C426C20DCD9357F541B3C4A7009D8C42
:102F80002A842685EF0050629306E041898EA94786
:102F90007D8093F6F67F63CDA7022D47098FB3D7C7
:102FA000E4005505B207B394A400B18329A00144FD
:102FB000814681478144B207D206B1837E04D58F12
:102FC000C18FB24022442685BE8592444101828051
:102FD0005515B397A400B207B1838144E9BF4111ED
:102FE000370780007D1713D8750126C293547501E9
:102FF0003373A70093F4F40FB376B7004AC0137885
:10300000F80F1359F50106C622C4FD819A8726855B
:103010004A86131E3300939E3600B3880441630A28
:10302000B90E6350100D630408149307F00F638BFF
:10303000F414B7070004B3EEFE00ED4763C117298F
:1030400093070002B3871741B397FE00B3D81E0160
:10305000B337F000B3E7F800B307FE40139757000B
:10306000635E0718370400047D147D8C2285EF0011
:10307000B0536D15B317A4006348951A058D13045A
:10308000150013070002018F3397E7003337E00084
:10309000B3D78700D98F814413F7770019C713F787
:1030A000F70091466303D700910713975700635BBE
:1030B000071485041307F00F4A866383E4169A0702
:1030C000A58313F5F40FB2402244A60793147501AB
:1030D00013D59700458D7E0692440249518D4101DA
:1030E00082806399080A138714001377E70F631728
:1030F000071463900422630D0E1EE3860EFCB307D3
:10310000DE411397570063500722B387CE412E89C3
:1031100061B7635C100B630E08089307F00F6383BD
:10312000F406B7070004B3EEFE00ED4763C9171FAE
:1031300093070002B3871741B397FE00B3D81E016F
:10314000B337F000B3E7F800F297139757006357CF
:10315000070A85041307F00F6384E40CB706007EAA
:1031600013D71700FD16858B758FD98F35B7638DF3
:103170000E08FD18B307DE41E38208EE9307F00F57
:10318000E39DF4EA630D030801461305F00FB7074A
:10319000400015BF33079840EDE863020E147D1719
:1031A000630807189307F00F6319F80E2E8936830A
:1031B000D1BF638B0E04FD18B307DE01E38708F867
:1031C0009307F00FE393F4F675BF63950808850441
:1031D00013F7E40F6313071263170510630F0E1440
:1031E000E3830EEEB307DE01139757008144635764
:1031F0000700370700FC7D17F98F854413F7770028
:10320000E31F07E813D337009307F00FE38CF4F6BE
:1032100093179300A58313F5F40F4A866DB54A867C
:103220001305F00F814745B5370700FC7D17F98F6F
:1032300013F77700898CE31407E6E9B73304DE411E
:103240009317540063C3070CE31204E201460145DF
:10325000814795BD33079840ADC49307F00FE3084D
:10326000F8F4B7070004336EFE00ED4763CCE70CBB
:1032700093070002998FB317FE003357EE00B33760
:10328000F000D98FF697C284C9B59307F00FE30F0A
:10329000F8F0B7070004336EFE00ED4763C3E7089C
:1032A00093060002998EB316DE00B357EE00333753
:1032B000D000D98FB387FE40C2842E8945B385479D
:1032C00061BB630E0E067D17B307DE01C284E30EF9
:1032D00007E69307F00FE31AF8F8368365B53683EF
:1032E000C2842E8915B7E3040EECE38D0EE869BDA8
:1032F000638D0E022E86B687F9B39307F00FE38134
:10330000F4F2B307DE018583D5BD3384CE412E8927
:10331000B1BBE31C0EFCE3890EE62E8949BD85474F
:1033200025B5854741BFE39B07EC0146814761BB5B
:10333000B387CE41C2842E8915B3B68769B336836D
:10334000C284D9B585473DBF93567501B707800044
:10335000FD1713D6750193F6F60F1308F00FB3F8A7
:10336000A7001357F501ED8F1376F60FFD816381EA
:103370000603630C06018DE211E2B1C3638E0802FD
:103380006305B70405451DE78280F5D7795582802E
:10339000E39E08FE6309D60211E2EDD7E314B7FEFF
:1033A000E342D6FE63C7C600E3EE17FD0145E3FD29
:1033B000F8FC01E77D558280F5DD054582800145F9
:1033C000E39208FC8280F9DBD1B78146E1BF9356D6
:1033D0007501B7078000FD1713D6750193F6F60F38
:1033E0001308F00FB3F8A7001357F501ED8F13760C
:1033F000F60FFD81638706036309060185EA11EA7A
:1034000089EB0145639B080082800945F5FFE5DAF9
:1034100031A8638C08026300B704054575D77D5554
:1034200082800945639808026304D60211E2F5D749
:10343000E315B7FEE343D6FE63C7C600E3EF17FD0F
:103440000145E3F3F8FC19E3D9BFF1D905458280C2
:10345000E5D3828082808146C5B7797122D4135426
:1034600075014ECE52CC9319950006D626D24AD07D
:1034700056CA5AC81374F40F93D99900135AF50118
:1034800069C49307F00F6308F40E93973900370768
:103490000004B3E9E700130414F88144014B13D787
:1034A0007501939A95001377F70F93DA9A0013D961
:1034B000F50145CF9307F00F630CF7028E0A13074F
:1034C00017F8B7070004B3EAFA003A940146334507
:1034D0002A01BD47AA869305140063E2971017A737
:1034E0000000130767618A04BA949C40BA978287E8
:1034F0001304F40F63980A0C93E424000946C1BF37
:1035000001451307F00FB7074000B2502254A60739
:103510005E07A5837E05D98F92540259F249624A0B
:10352000D24A424B5D8D45618280CA86D689328BF4
:1035300089476301FB0A8D47E304FBFC8547368519
:103540006312FB1A01478147C9B7639E090413D769
:103550007501939A95001377F70F91440144054B39
:1035600093DA9A0013D9F50131F7639D0A0093E4C9
:1035700014000546A9BF63930902A1441304F00F88
:10358000094B31BF5685EF0030029307B5FF098C18
:10359000B39AFA001304A4F8014615BFB14413040A
:1035A000F00F0D4BEDBD4E852EC6EF00E07F93076B
:1035B000B5FF1304A0F8B399F900098C8144014BBD
:1035C000B245F1BD93E434000D4611B78947D28668
:1035D000E313FBF636851307F00F81473DB74163D0
:1035E0009306F3FF13D6090193D80A01B3F7D90064
:1035F000B3FADA0033885703B389F8021357080186
:10360000B30A5603D6994E973306160363735701D0
:103610001A96C167FD17B376F7003378F800C20633
:10362000C2969399660093570701B3393001E98236
:10363000B2979A07B3E6D900B3E9D7009397490048
:1036400063D9070013D7190093F71900B369F7007E
:103650002E841307F4076350E00493F7790099C7A9
:1036600093F7F90091466383D70091099397490036
:1036700063D90700B70700F8FD17B3F9F90013077E
:1036800004089307E00F63CBE70493976900A583D1
:103690001377F70F9DBD8547B386E74011C76D4689
:1036A00001478147E343D6E61307E4093397E9006E
:1036B0003337E000B3D7D900D98F13F7770019C794
:1036C00013F7F70091466303D7009107139757004C
:1036D000634C07009A07A583014705BD1307F00F48
:1036E000814725B52E84B5B70547814739BD3707D2
:1036F000800041117D179356750113D87501B3777A
:10370000A70093F6F60F935EF5013376B70026C255
:103710004AC01378F80F06C622C41303F00F3E8E7A
:103720003689F684139F3700FD8113153600B38860
:1037300006416302681093C51500638CBE10635484
:10374000100D631008106304051EFD18B307AF4089
:10375000638608029307F00F6388F616ED4763C788
:10376000172913070002330717413317E500B35732
:1037700015013337E000D98FB307FF401397570087
:103780006351071A370400047D147D8C2285292D8E
:103790006D15B317A400634E251B33052541130493
:1037A000150013070002018F3397E7003337E0005D
:1037B000B3D78700D98F014913F7770019C713F7DB
:1037C000F70091466303D700910713975700635E94
:1037D0000714930619001307F00F93FE1400638675
:1037E000E6169A07A58393F6F60FA607B240224481
:1037F00013D59700DE069397FE01558D924402493A
:103800005D8D410182806392080A13871600137749
:10381000E70F631B07146394062263020F2071D520
:10382000B307AF401397570063550722B307E5412D
:103830000149AE8451B7E30005F0638ABE0AE35440
:1038400010FD9307F00F6381F608B70700045D8D44
:1038500031B7635E1009630108089307F00F6385B1
:10386000F606B70700045D8DED4763C0171F130709
:103870000002330717413317E500B35715013337FB
:10388000E000D98FFA9713975700635C0708050982
:103890001307F00F630BE90AB706007E13D7170072
:1038A000FD16858B758FD98F01BF3307D84063957F
:1038B0000610630D0F147D176303071A9307F00FAB
:1038C0006314F810AE84328E630F0E06814E930699
:1038D000F00FB707400011BF39C9FD18B307AF009B
:1038E000E38308FA9307F00FE390F6F8F1BF6399CA
:1038F0000808138916001377E90F63160712639BF4
:10390000061063030F16E30205EEB307AF0013972B
:103910005700014963570700370700FC7D17F98FEF
:10392000054913F77700E31C07E813DE3700930718
:10393000F00FE30BF9F893179E00A5839376F90F28
:1039400093FE14005DB593FE14009306F00F8147BB
:1039500069BD370700FC7D17F98F13F7770033092E
:10396000A940E31E07E4D1B73304AF4093175400D6
:1039700063C3070CE31C04E0814E81468147B5B563
:103980003307D840B5C69307F00FE30EF8F2B70738
:103990000004336FFF00ED4763CDE70C930700028F
:1039A000998FB317FF003357EF00B337F0005D8FE7
:1039B000B307A7004289C1BD9307F00FE304F8F0F5
:1039C000B7070004336FFF00ED4763C2E7089307B2
:1039D0000002998FB317FF003357EF00B337F000A1
:1039E000D98FB307F5404289AE8449BB854769B397
:1039F000630E0F067D17B307AF004289E30507E8A2
:103A00009307F00FE319F8F8328E7DBD328E4289AC
:103A1000AE8431BFE3090FEAE30805EA45BD0DCDE9
:103A2000AE8EB287D9B39307F00FE300F9F2B30774
:103A3000AF008583FDB53304E541AE8481BBE31D52
:103A40000FFCE30505E8AE84BDBD854725BD854770
:103A500049BF0149E39707EC814E814779B3B3072A
:103A6000E5414289AE8419BBB28741B3328E4289A7
:103A70007DBD054735BF1357750137068000930795
:103A8000F6FF1377F70F9305E007B3F6A7009357F8
:103A9000F501014563F4E50099C3828082809307B4
:103AA000E0097D55E3EBE7FE93055009B3E7C60057
:103AB00063D7E5001307A7F63395E7008280130567
:103AC00060093307E54033D5E7008280411106C61F
:103AD00022C426C20DCD9357F54133C4A7001D8CD7
:103AE000AA842285D1249307E0093387A74093074E
:103AF0006009FD8063CCE702A1469377F70F63D599
:103B0000A60061153314A4002604258021A0814459
:103B100081470144260413559400B2402244DE0735
:103B2000FE045D8D458D924441018280930790098A
:103B300063DDE7009307B5019546B317F400898E5E
:103B40003354D400B337F0005D8C954763D6A7009B
:103B50009307B5FF3314F400B70600FCFD16937706
:103B600074003376D40085C39377F4009145638C59
:103B7000B70011069317560063D707009307F009A3
:103B8000758E3387A7401314660025809377F70F4F
:103B900051B7135775011377F70F411193071700AA
:103BA00022C426C21314950006C693F7E70F25809A
:103BB0009354F50185C793573400130707387604EB
:103BC000B2075207B1831395F401D98FC98FB24060
:103BD000228522449244BE854101828005EB39C48E
:103BE0002285D922A94763C6A7042D47098F9307C9
:103BF00055013357E4003314F4009317C70013073B
:103C00009038098FB1831377F77F5DBF01CC1357CD
:103C10003400B7070800D98FB2077604B1831307C1
:103C2000F07F79BF1307F07F814759BF0147814774
:103C300041BF130755FF3317E40001447DBF93D6FE
:103C400045019397C50093F6F67FB183138616005E
:103C50008E071357D5011376E67FFD815D8F93188C
:103C6000350035CE138806C89307E00F63DD0701E2
:103C70008147139597009306F00FDE062581FE0518
:103C8000558D4D8D82806355000B931765000E078F
:103C9000B337F000D98F93D8D801B3E7170113F7E2
:103CA00077006301071013F7F70091466303D7000D
:103CB0009107370700047D8F75C713071800130697
:103CC000F00F9376F70FE305C7FA9A07A5831395CC
:103CD0009700DE062581FE05558D4D8D8280B367E8
:103CE000170199EE85CF95479A07A58313959700FD
:103CF00093F6F60FDE062581FE05558D4D8D8280EB
:103D0000A5DBB7074000139597009306F00FDE067A
:103D100081452581FE05558D4D8D82808147139506
:103D200097008146DE062581FE05558D4D8D8280EA
:103D3000A5576348F804F94737068000B387074161
:103D40007D45598E6351F5047957330707411305B3
:103D500000023357E6006388A700938626CAB3168D
:103D6000D600B3E8D800B3371001D98F13F7770026
:103D7000014815FB139757008546E34807F4814631
:103D8000A5B781468DB7938626C83397D8003337B9
:103D9000E000B316D600B3D8F800B367D700B3E796
:103DA000F800E9B7C28689B7C167637EF502930759
:103DB000F00F1307000263ECA70097A7000093879A
:103DC000A7D7AA9703C507003305A74082802181A2
:103DD00097A70000938747D6AA9703C507006147B6
:103DE0003305A7408280B7070001636EF50061814B
:103DF00097A70000938747D4AA9703C507002147D8
:103E00003305A7408280418197A700009387C7D2DE
:103E1000AA9703C5070041473305A740828029467A
:103E200081456F009025B3C7A5008D8BB308C500F1
:103E3000A1E78D4763F2C704937735002A87A9EB82
:103E400013F6C8FF930706FE6367F7066373C7029E
:103E5000AE86BA8703A806009107910623AE07FF36
:103E6000E3EAC7FE9307F6FF998FF19B91073E9710
:103E7000BE956366170182802A87E37E15FF83C79C
:103E8000050005078505A30FF7FEE36A17FF82808B
:103E900083C60500050793773700A30FD7FE850576
:103EA000C5D383C60500050793773700A30FD7FE58
:103EB0008505F9FF71B7944183A2450083AF850062
:103EC00003AFC50083AE050103AE450103A3850121
:103ED00003A8C5019385450214C383A6C5FF232209
:103EE00057002324F7012326E7012328D701232A9B
:103EF000C701232C6700232E070113074702232E37
:103F0000D7FEE36AF7FA99B793F6F50F9377350082
:103F1000CDC285C383470500D9CB6398F600CDA8F1
:103F200083470500C9C76385D70805059377350022
:103F3000E5FB93F5F50F93978500DD8D18411393FD
:103F400005013363B3003708FFFE3346E30013086F
:103F5000F8EF9347F7FF9345F6FF42974296F98FA4
:103F60006D8EB7888080D18F93880808B3F71701CA
:103F70009DE31105184133466700B3070701B305F8
:103F800006011347F7FF1346F6FFF98F6D8ED18FA9
:103F9000B3F71701F9DF8347050091CB6395F6006E
:103FA00001A86385D706050583470500FDFB01458C
:103FB000828081CF8347050089E791A88347050068
:103FC000E5DB050593773500F5FB18413706FFFE65
:103FD0001306F6EFB307C700B78680801347F7FFD5
:103FE000F98F93860608F58F91EB11051841B307F9
:103FF000C7001347F7FFF98FF58FE5DB834705000F
:10400000C5DB050583470500EDFF82808280828045
:104010008280937735002A87A1E3B7867F7F9386D6
:10402000F6F7FD5511070326C7FFB377D600B697FD
:10403000D18FD58FE388B7FE8346C7FFB307A7406C
:104040000346D7FF0345E7FF8DC60DC23335A000F9
:104050003E9579158280F1D2834707000507937654
:104060003700F5FB098F1305F7FF82801385D7FF13
:1040700082801385C7FF828051CEB367B5008D8BD8
:10408000B9EF8D4763FDC7041C4198416396E7086B
:10409000711649C23703FFFE1303F3EF338767003E
:1040A000B788808093C7F7FFF98F93880808B3F724
:1040B0001701ADE30D4E05A018419441B307670009
:1040C0001348F7FFB3F70701B3F717016316D704D7
:1040D000711629C2A1E311059105E36FCEFC0347D8
:1040E000050083C605007D166393E60205C61DC361
:1040F000930715002A9629A0630EF600850719CBB1
:10410000850503C7070083C60500E307D7FE33050F
:10411000D7408280014582800347050083C60500A1
:104120007D16E386E6FCE5B7054E85460148FD5859
:10413000B30715013387D700B307D8003303F50061
:1041400063F6B7020343030003470700637DE306FA
:104150003E888546338E1741B30715013387D70054
:10416000B307D8003303F500E3EEB7FC2320C60104
:10417000854E854601487D53B30765003387D700D8
:10418000B307D800330EF50063F6B702034E0E00F6
:10419000034707006370C7053E888546B38E6740B6
:1041A000B30765003387D700B307D800330EF50097
:1041B000E3EEB7FC0503138518006365A300232015
:1041C000D6011A858280630EE300C288054E050879
:1041D0008546B9BF630BEE004283854E05088546D0
:1041E00061BF6388C6018506A1B76387D6018506CE
:1041F00061B73E8885462DBF3E888546B5BF130111
:1042000001BA232A9143B28C232A91442326B14335
:10421000AA84AE8D7008B6856685232C814423263A
:104220003145232E114423282145232441452322AF
:10423000514523206145232E7143232C814323289C
:10424000A1433684EFF05FEEAA891C1013070142E8
:1042500080C39107E39EE7FE05C41306F4FFB30590
:104260009401668766968347070013050142B306EB
:10427000E6408A07AA97050723A0D7C0E315B7FE33
:10428000F2454E866685E69531276316051201498B
:10429000B30B8900938AF9FF054A3386BB418145F8
:1042A0003385B401014C130DF4FF338B5C01330AE9
:1042B0003A412D2D29E163800B04B387740183C734
:1042C000F7FF130701428A07BA9783A707C0B5C350
:1042D00063070C00724763F4E700B307E4403E99BC
:1042E000014CDE8DB30B89003386BB41814533859C
:1042F000B401ED2B69D101458320C14503248145DB
:1043000083244145032901458329C144032A81446B
:10431000832A4144032B0144832BC143032C814353
:10432000832C4143032D0143832DC14213010146D8
:104330008280E28763733C01CE8763F8A703B3866C
:104340002401BE963387FC0009A885073307F900CE
:10435000B386FC00269763FAA70183C606000347CD
:104360000700E384E6FE52999DBFD68663773C132F
:10437000B3872401D69703C7070083470B00630A5E
:10438000F70021AA0346060083C70700631CF60056
:10439000BA861387F6FFB307E9003386EC00A697C9
:1043A000E312DCFE050C63EE860F724CDE8D629923
:1043B000330C844105BFB307344163EE370D8507E5
:1043C000138BF9FF3ECEB3876C013EC4054A938739
:1043D000E9FF014D130CF4FF3EC61389FCFFB38ABD
:1043E0003C01330A3A41B30B8D003386BB41814512
:1043F0003385B401E529E31005F0E38E0BEEB387B6
:10440000740183C7F7FF130701428A07BA9783A78E
:1044100007C081C73E9DDE8DF9B7B386A40163FA5C
:104420008903B387360103C6070003C70A00CE8796
:104430006309E600A9A803460600034707006318BE
:10444000E60485073307FD003386FC002697E3E486
:1044500087FFFD576305FB04B387660183C507002B
:10446000A24703C60700B2473387A7012697E697FE
:10447000639CC5006385270383C5070003460700C7
:10448000FD177D17E388C5FEF2473E9D69B7529D33
:104490003E9DDE8D89BFCE871DB7CE8621B736857E
:1044A000A1BD3385240189BD1D7186CEA2CCA6CACB
:1044B000CAC8CEC6D2C4D6C2DAC05EDE62DC66DA54
:1044C0006AD86ED60347050003C3050041CB6307D6
:1044D0000316AE862A869A87054811A099CF05064D
:1044E000B307F7400347060093B81700850683C754
:1044F0000600337818017DF3ADE7AA846310080441
:104500002E89AA899A85050533842641EFF0DF9F1D
:10451000AA8421C985476303F40233858900854D48
:1045200063649500B30D9540FD4763FE87022685C1
:10453000A2864A86EE85EFF09FCCAA84F6406644B8
:1045400026854649D644B649264A964A064BF25B2A
:10455000625CD25C425DB25D25618280AA84E30F19
:1045600003FC8144E1BF7008A2854A85EFF0DFBB00
:10457000F245AA8C2A86CA954A85292971C1B307B2
:10458000944163F39701E6878507138BFCFF3ECECA
:10459000B30769013EC4854A9387ECFF014D3EC6CF
:1045A000130CF9FF338A9401B3099901B38A9A4134
:1045B000B30BA4013386BB4181453385B4013D264D
:1045C0004DF1E3800BFA63FA8C02B307AA0183C6AC
:1045D000070003C70900E6876389E600C1A883C610
:1045E0000600034707006393E60C85073387A7019E
:1045F000B306F9002697E314F4FEFD57B385A40132
:104600006301FB10B387650103C70700A24783C797
:1046100007006311F702B2473307FD002697CA97D8
:104620006381870F03C6070083460700FD177D17C8
:10463000E308D6FEF247DE8D3E9D9DBFAA84FDBDF8
:10464000938AFCFF054A014C8149B38B5401330B1B
:104650005901330A9A41330D34013306BD41814576
:104660003385B4016124E31E05EEE30C0DEEE6870D
:1046700063F38C01E28763FF87023387F400B3069C
:10468000F9004E9709A8850733873701B306F9006B
:1046900026976301F40283C6060003470700E384FC
:1046A000E6FED299BE99014CEA8D75B7569D3E9DA6
:1046B000DE8DFDBDD68663749C05B3873B0103C7C1
:1046C000070083470B00630AF70015A8034606009E
:1046D00083C70700631CF600BA861387F6FFB3870B
:1046E000E9003306E900A697E312DCFE050C63EC53
:1046F0008601724CEA8DE299330C8441A9BFE686AB
:10470000F5B7AE8425BDCE9415BD797126D24AD0B9
:104710004ECE52CC5AC85EC606D622D456CAAE84F5
:10472000AA893289368ABA8B2E8B11A0228B130468
:104730001B00834AF4FF5E85BD2256950346150093
:10474000218A6DF69307D0026383FA0E9307B002B5
:104750006384FA065687814E63070A06C14752836F
:10476000630FFA0C370E008063940E00134EFEFFA9
:10477000337F6E0201460145A546E548FD55335895
:104780006E02930707FD63F8F6009307F7FB63E3F8
:10479000F804930797FC63D74705630BB6007D5673
:1047A0006368A8006307A8060546330565023E95C1
:1047B00005040347F4FFF1B703470400814E1304D7
:1047C0002B00E31D0AF8930700036308F708294349
:1047D000294A49BF9307F7F963E6F800930797FA68
:1047E000E3CD47FBFD576309F60263840E003305F2
:1047F000A0406305090031E223209900B250225401
:1048000092540259F249624AD24A424BB24B456134
:104810008280E34FFFF849BF9307200223A0F900ED
:104820007285E30D09FC9304F4FF7285F1B7034729
:104830000400854E13042B0005B72A8EEDB79307AD
:104840000003631AF700834704009306800593F77B
:10485000F70D638ED700414331B7834704009306B9
:104860008005214393F7F70D214AE39DD7EE0347D7
:10487000140041430904414AF5B597F7FD1F93879A
:10488000A74F9C43B286D85B11C72E86AA853E856A
:104890006FF0BFE72E8617F7FD1F1307A72EAA8517
:1048A0003E856FF09FE60325C50E828099C91DC61F
:1048B00095CA834706009CC1034506003335A00016
:1048C000828041116C0009CE85C2834706009CC1DD
:1048D000034506003335A0004101828001458280F6
:1048E0000145DDBF795582807955FDB79377350055
:1048F00013F8F50FD1CF9307F6FF39C20347050030
:1049000063010705FD5601A8FD17638BD702034716
:1049100005006308070305051377350075F70D4794
:104920006362F70291CF03470500630C0701AA9762
:1049300029A003470500630607010505E39BA7FEC1
:10494000014582804167939885007D17B3F8E800A0
:1049500093F5F50FB3E5B80093980501B3E8B800F7
:1049600037868080B705FFFE9385F5EF13060608AE
:104970000D43184133C7E800B306B7001347F7FFEC
:10498000758F718F4DF3F1171105E364F3FE59BF75
:10499000B28771B78D4763F0C702B367B5008D8BDF
:1049A0008D46A9E718419C416312F7047116110561
:1049B0009105E3E9C6FE9307F6FF1DC60347050010
:1049C00083C605006317D7021387170093071500E6
:1049D0003A9501A803C7070083C605008507631A37
:1049E000D7008505E398A7FE014582809307F6FF6F
:1049F000F1B73305D740828091CD9307F00F63E67E
:104A0000C7002380C500054582809307A0081CC10C
:104A10007D55828001458280243A426C654D6163F8
:104A20005220313120323220333320343420353596
:104A30002036360D0A0000000000000000000000D3
:104A40000000000000000000000000000000000066
:104A500000000000243A5761697441637469766507
:104A60000D0A00000000000000000000000000002F
:104A70000000000000000000000000000000000036
:104A80000000000000000000000000000000000026
:104A900014DEFDFF3CDEFDFF64DEFDFF7CDEFDFF7E
:104AA00096DEFDFFA6DEFDFFCEDEFDFFF6DEFDFF9E
:104AB0000EDFFDFF28DFFDFFC6DFFDFFD4DFFDFFBA
:104AC000E2DFFDFFF0DFFDFFFEDFFDFF0CE0FDFF9D
:104AD0001AE0FDFF28E0FDFFFE0065787065726951
:104AE0006D656E74616C00004669726D7761726508
:104AF000205265766973696F6E00000048617264C8
:104B000077617265205265766973696F6E00000087
:104B10004D616E756661637475726572204E616D6C
:104B2000650000004D6F64656C204E756D626572A6
:104B30000000000053657269616C204E756D6265FE
:104B400072000000536F667477617265205265765B
:104B50006973696F6E00000042EBFDFF64EBFDFFBF
:104B60007EEBFDFF98EBFDFFB2EBFDFF43483538D0
:104B7000785F424C455F4C49425F56312E39000008
:104B8000686561642066696C65206572726F722E5B
:104B90002E2E0A004C494220696E6974206572729B
:104BA0006F7220636F64653A202578202E2E2E0ABE
:104BB000000000002A200A008E06FEFF9806FEFF75
:104BC000A006FEFFB406FEFFBC06FEFFC406FEFF05
:104BD000CC06FEFFD406FEFFDC06FEFFE406FEFF69
:104BE0000407FEFF0407FEFF0407FEFF0407FEFFA5
:104BF0000407FEFF0407FEFF0407FEFF0407FEFF95
:104C00000407FEFFF406FEFFFC06FEFF0407FEFF9E
:104C10000407FEFF0407FEFF0407FEFF0407FEFF74
:104C20000407FEFF0407FEFF0407FEFF0407FEFF64
:104C30000407FEFF0407FEFFA806FEFF0407FEFFB1
:104C4000EC06FEFFC82E002E802E3DB1C82E002E91
:104C5000802E9103802EBCB0802EA303C82E002E80
:104C6000802E00B05030212E59F51030212E6AF5DB
:104C7000802E3B030000000008190100220075008F
:104C800000100010D100B343802E00C1802E00C15F
:104C9000802E00C1802E00C1802E00C1802E00C158
:104CA000802E00C1802E00C1802E00C1802E00C148
:104CB000802E00C1802E00C1802E00C1802E00C138
:104CC000802E00C1802E00C1802E00C1802E00C128
:104CD000802E00C1802E00C1802E00C1802E00C118
:104CE000802E00C1802E00C1802E00C1802E00C108
:104CF000802E00C1802E00C1802E00C1802E00C1F8
:104D0000802E00C1802E00C1802E00C1802E00C1E7
:104D1000802E00C1802E00C1802E00C1802E00C1D7
:104D2000802E00C1802E00C1802E00C1802E00C1C7
:104D3000E05F000000000100000000000000000033
:104D400000009200000000000000000000000000D1
:104D500000000000081900008800000000000000AA
:104D600005E0AA3805E09030FA0096004B091100E2
:104D7000110002002D01D47B3B01DB7A04003F7B54
:104D8000CD6CC3048509C304ECE60C460100270082
:104D900019009600A00001000C00F03C0001010089
:104DA000030001000E00000032000500EE060400C2
:104DB000C80000000400A805EE060004BC02B30011
:104DC0008507000000000000000000000000000057
:104DD000000000000000B4000100B90001009800CC
:104DE000000000000000000001008000040000003E
:104DF00000000000000000000000000000000000B3
:104E000000000000000000000000000000000000A2
:104E10000000000000000000000000000000000092
:104E20000000000000000000000000000000000082
:104E30000000000000000000000000000000802EC4
:104E400000C1FD2DDE00EB00DA00000CFF0F0004B6
:104E5000C0005BF5C9011EF280003FFF19F458F550
:104E600066F564F5C0F1F000E000CD01D301DB018F
:104E7000FF7FFF01E40074F7F300FA00FF3FCA036D
:104E80006C3856FE44FDBC02F90600FC1202AE016D
:104E900058FA9AFD7705BB02960195017F018201C0
:104EA0008901870188018A018C018F018D0192019E
:104EB0009101DD009F017E01DB00B601706926D300
:104EC0009C071F059D000008BC0537FAA201AA0136
:104ED000A101A801A001A805B401B401CE00D00031
:104EE000FC00C501FFFBB10000380030FDF5FCF50A
:104EF000CD01A0005FFF0040FF0000806D0FEB00C0
:104F00007FFFC2F568F7B3F1670F5B0F610F800F8A
:104F100058F75BF7830F8600720F850FC6F17F0F7E
:104F20006CF700E000FFD1F5870F8A0FFF03F03F19
:104F30008B008E009000B9002DF5CAF5CB0120F250
:104F40000000000000000000000000000000000061
:104F50000000000000000000000000000000000051
:104F60000000000000000000000000000000000041
:104F70000000000000000000000000000000000031
:104F80000000000000000000000000000000000021
:104F90000000000000000000000000000000000011
:104FA0000000000000000000000000000000000001
:104FB00000000000000000000000000000000000F1
:104FC00000000000000000000000000000000000E1
:104FD00000000000000000000000000000000000D1
:104FE00000000000000000000000000000000000C1
:104FF00000000000000000000000000000000000B1
:1050000000000000000000000000000000000000A0
:105010000000000000000000000000003050982E4A
:10502000D70E5032982EFA030030F07F002E002E5B
:10503000D02E002E018008A2FB2F982EBA03212E1D
:105040001900012EEE0000B2072F012E190000B248
:10505000032F01500352982E07CC012EDD0000B221
:10506000272F052E8A000552982EC7C1032EE9006E
:1050700040B2F07F082F012E190000B2042F00303B
:10508000212EE900982EB4B1012E180000B2102F85
:105090000550982E4DC30550982E5AC7982EF9B436
:1050A000982E54B2982E67B6982E17B21030212E33
:1050B0007700012EEF0000B2042F982E7AB700304F
:1050C000212EEF00012ED40004AE0B2F012EDD00A7
:1050D00000B2072F0552982E8E0E00B2022F10300C
:1050E000212E7D00012E7D000090902EF102012ED8
:1050F000D70000B2042F982E2F0E0030212E7B00F7
:10510000012E7B0000B2122F012ED4000090022F3E
:10511000982E1F0E092D982E810D012ED40004907B
:10512000022F5032982EFA030030212E7B00012EE0
:105130007C0000B2902E0903012E7C000131010891
:1051400000B2042F982E47CB1030212E77008130EB
:10515000012E7C00010800B2612F032E8900012E70
:10516000D40098BC98B805B20F58232F0790095463
:105170000030372F15410441DCBE44BEDCBA2C019F
:1051800061000F564A0F0C2FD14294B8C142113022
:10519000052E6AF72CBD2FB980B20822982EC3B70E
:1051A000212D6130232ED400982EC3B70030212E3C
:1051B0005AF5182DE17F5030982EFA030F52075000
:1051C000504270300D5442427E82E26F80B24242C1
:1051D000052F212ED4001030982EC3B7032D603038
:1051E000212ED400012ED4000690182F012E760017
:1051F0000B540752E07F982E7AC1E16F081A4030B5
:10520000082F212ED4002030982EAFB75032982E80
:10521000FA03052D982E380E0030212ED4000030D0
:10522000212E7C00182D012ED40003AA012F982EC8
:10523000450E012ED4003F8003A2012F002E022D27
:10524000982E5B0E3030982ECEB70030212E7D0088
:105250005032982EFA03012E770000B2242F982E98
:10526000F5CB032ED5001154010ABC848386212E70
:10527000C901E0401352C4408240A8B9524243BE23
:105280005342040A5042E17FF0314140F26F25BDA4
:105290000808020AD07F982EA8CF06BCD16FE26F13
:1052A000080A8042982E58B70030212EEE00212E99
:1052B0007700212EDD00802EF4011A242200802E9A
:1052C000EC011050FB7F982EF3035750FB6F013019
:1052D00071541142420EFC2FC02E0142F05F802E0D
:1052E00000C1FD2D010000000000000000000000D2
:1052F0009A013403000000000000000000000000DC
:10530000000000000000000000000000000000009D
:10531000000000000000000000000000000000008D
:10532000000000000000000000000000000000007D
:10533000000000000000000000000000000000006D
:10534000000000000000000000000000000000005D
:10535000000000000000000000000000000000004D
:105360000000000000002050E77FF67F06320F2E7D
:1053700061F5FE09C0B3042F17302F2EEF002D2E3C
:1053800061F5F66FE76FE05FC82E2050E77FF67F8C
:1053900046300F2EA4F1BE0980B3062F0D2ED40087
:1053A00084AF022F16302D2E7B0086302D2E60F517
:1053B000F66FE76FE05FC82E012E77F709BC0FB8D4
:1053C00000B21050FB7F10300B2F032E8A0096BCCA
:1053D0009FB840B2052F032E68F79EBC9FB840B21D
:1053E000072F032E7E004190012F982EDC03032C03
:1053F0000030212E7E00FB6FF05FB82E2050E07F42
:10540000FB7F002E2750982E3BC82950982EA7C806
:105410000150982E55CCE16F2B50982EE0C9FB6FB0
:105420000030E05F212E7E00B82E735001305754BB
:105430001142420EFC2FB82E212E59F51030C02EED
:10544000212E4AF19050F77FE67FD57FC47FB37F4E
:10545000A17F907F827F7B7F982E35B700B2902E00
:1054600097B0032E8F00072E9100052EB1003FBA92
:105470009FB8012EB100A3BD4C0A052EB10004BE99
:10548000BFB9CB0A4FBA22BD012EB300DC0A2FB937
:10549000032EB8000ABE9A0ACFB99BBC012E970012
:1054A0009FB8930A0FBC910A0FB8900A252E1800D6
:1054B000052EC1F52EBD2EB9012E190031308A04FA
:1054C0000090072F012ED40004A2032F012E1800F4
:1054D00000B20C2F19500552982E4DB7052E7800AA
:1054E00080901030012F212E7800252EDD00982E7F
:1054F0003EB700B202300130042F012E190000B275
:10550000002F2130012EEA00081A0E2F232EEA0068
:1055100033301B500B090140175646BE4B084C0A4E
:1055200001420A8015520142002E012E180000B2DD
:105530001F2F032EC0F5F030480847AA7430072EFD
:105540007A0061224B1A052F072E66F5BFBDBFB941
:10555000C0900B2F1D562B30D242DB420104C242B9
:1055600004BDFE808184232E7A0002420232252E61
:1055700062F5052ED6008184252ED6000231252E17
:1055800060F5052E8A000B50900880B20B2F052E77
:10559000CAF5F03E9008252ECAF5052E59F5E03FD4
:1055A0009008252E59F5906FA16FB36FC46FD56F1A
:1055B000E66FF76F7B6F826F705FC82EC050907F71
:1055C000E57FD47FC37FB17FA27F877FF67F7B7F1C
:1055D000002E012E60F5607F982E35B70230636F84
:1055E0001552507F627F5A2C02321A0900B3142FD1
:1055F00000B2032F092E180000910C2F437F982E24
:1056000097B71F50028A02320430252E64F51552D6
:10561000506F436F4443252E60F5D908C0B2362F32
:10562000982E3EB700B2062F012E190000B2022FAD
:10563000506F00900A2F012E79000090192F103022
:10564000212E79000030982EDC03132D012EC3F596
:105650000CBC0FB81230100403B0262521500352A1
:10566000982E4DB71030212EEE000230607F252E8F
:105670007900606F0090052F0030212EEA00155050
:10568000212E64F51552232E60F50232506F0090E2
:10569000022F0330272E7800072E60F51A0900919B
:1056A000A32F19090091A02F906FA26FB16FC36F44
:1056B000D46FE56F7B6FF66F876F405FC82EC05069
:1056C000E77FF67F26300F2E61F52F2E7C000F2E00
:1056D0007C00BE09A27F807F80B3D57FC47FB37F6B
:1056E000917F7B7F0B2F23501A251240427F7482BB
:1056F0001240527F002E0040607F982E6AD6813083
:10570000012E7C00010800B2422F032E8900012ED9
:10571000890097BC06BC9FB80FB80090232ED80014
:10572000103001302A2F032ED40044B2052F47B287
:1057300000302D2F212E7C002B2D032EFDF59EBC3D
:105740009FB84090142F032EFCF599BC9FB8409051
:105750000E2F032E49F125544A084090082F982E09
:1057600035B700B21030032F5030212ED400102D49
:10577000982EAFB70030212E7C000A2D052E69F738
:105780002DBD2FB980B2012F212E7D00232E7C004C
:10579000E031212E61F5F66FE76F806FA26FB36F76
:1057A000C46FD56F7B6F916F405FC82E60510A2523
:1057B0003688F47FEB7F0032315232301330982E2E
:1057C00015CB0A253384D27F433005502D52982EB5
:1057D00095C1D26F2752982ED7C72A25B086C07F91
:1057E000D37FAF842950F16F982E4DC82A25AE8AF9
:1057F000AA88F26E2B50C16FD36FF47F982EB6C873
:10580000E06E00B2322F33548386F16FC37F0430D1
:105810003030F47FD07FB27FE330C56F56404541D2
:10582000280803140EB408BC8240100A2F54260521
:10583000917F4428A37F982ED9C008B933305309EB
:10584000C16FD36FF46F831747406C15B26FBE09F9
:10585000750B90424542510E32BC0289A16F7E8683
:10586000F47FD07FB27F0430916FD62FEB6FA05EB4
:10587000B82E032E97001BBC60509FBC0CB8F07F65
:1058800040B2EB7F2B2F032E7F004140012EC8003A
:10589000011A112F3758232EC8001041A07F3881DC
:1058A0000141D07FB17F982E64CFD06F0780A16F68
:1058B0001142002EB16F01421130012EFC0000A8F0
:1058C0000330CB224A25012E7F003C8935520554F6
:1058D000982EC4CEC16FF06F982E95CF042D013055
:1058E000F06F982E95CFEB6FA05FB82E032EB3000C
:1058F0000232F030033130508A080808CB08E07FCC
:1059000080B2F37FDB7F252F032ECA004190042F46
:105910000130232ECA00982E3F03C0B2052F032E5C
:10592000DA0000304104232EDA00982E92B21025BE
:10593000F06F00B2052F012EDA0002301004212E84
:10594000DA0040B2012F232EC801DB6FE06FD05F79
:10595000802E95CF0130E06F982E95CF1130232EF9
:10596000CA00DB6FD05FB82ED0500A253384555063
:10597000D27FE27F038CC07FBB7F0030055A395451
:105980005141A57F967F807F982ED9C00530F57F45
:105990002025916F3B583D5C3B56982E67CCC16FDC
:1059A000D56F52405043C17FD57F1025982EFEC938
:1059B0001025982E74C0866F3028926F828CA56F48
:1059C0006F52690E3954DB2F19A01530032F0030A8
:1059D000212E81010A2D012E810105284236212E1A
:1059E0008101020E012F982EF3035750123001400F
:1059F000982EFEC9516F0B5C8E0E3B6F57580230CC
:105A0000212E9501456F2A8DD27FCB7F132F023037
:105A10003F50D27FA80E0E2FC06F53540200515436
:105A2000420E103059520230012F002E032D5042E9
:105A300042421230D27F80B2032F0030212E8001EB
:105A4000122D012EC9000280052E800111309128EF
:105A50000040252E8001100E052F012E7F010190A0
:105A6000012F982EF303002EA0410190A67F902EC7
:105A7000E3B4012E950100A8902EE3B45B54958009
:105A8000824080B202402D8C3F52967F902EC2B34E
:105A9000290E762F012EC900004081284552B330CF
:105AA000982E0FCA5D54807F002EA140727F8280A5
:105AB0008240607F982EFEC91025982E74C0626FB8
:105AC00005308740C0910430052F052E830180B238
:105AD0001430002F0430052EC900736F8140E2405E
:105AE0006904110FE1401630FE29CB40022F836F6D
:105AF000830F222F4756130F1230772F4954420E2F
:105B00001230732F00910A2F012E8B0119A8023039
:105B10006C2F6350002E17420542682C12300B2563
:105B2000080F5030022F212E8301032D4030212EEB
:105B300083012B2E85015A2C123000912B25042F26
:105B4000635002301742172C0242982EFEC91025CE
:105B5000982E74C0052EC90081845B308240372E98
:105B60008301020E072F5F52403062404140910E88
:105B7000012F212E830105302B2E85011230362C6A
:105B800016301525817F982EFEC91025982E74C0D9
:105B900019A21630152F052E9701806F820E052F42
:105BA000012E86010628212E86010B2D032E87014A
:105BB0005F544E289142002E8240900E012F212EDC
:105BC00088010230132C0530C06F081CA80F163056
:105BD00005305B50092F02802D2E82010542058081
:105BE000002E02423E80002E06420230906F3E8818
:105BF000014004414C280142078010252440004008
:105C000000A8F522232944427A827E884340044139
:105C100000ABF523DF284342D9A0142F0090022FB8
:105C2000D26F81B2052F6354062890428542092C19
:105C300002305B500380292E7E012B2E820105420B
:105C400012302B2E83014582002E40407A8202A022
:105C5000082F63503B30154205423780372E7E01B6
:105C600005421230012EC900028C404084417A8CDA
:105C7000040F032F012E8B0119A4042F2B2E820158
:105C8000982EF303123081906152082F65426542CD
:105C90004380398482880542454285420543002E6F
:105CA00080410090902EE1B46554C16F804000B2F5
:105CB00043586950442F555CB7878C0F0D2E9601C1
:105CC000C440362F41568B0E2A2F0B52A10E0A2F9D
:105CD000052E8F011425982EFEC94B54020F6950D2
:105CE00005306554152F032E8E014D5C8E0F3A2F13
:105CF000052E8F01982EFEC94F54820F0530695032
:105D00006554302F6D521530428C454204302B2C97
:105D100084436B52428C002E85431530242C45421F
:105D20008E0F202F0D2E8E01B10E1C2F232E8E01D3
:105D30001A2D0E0E172FA10F152F232E8D01132DA7
:105D4000982E74C04354C20E0A2F655004800B3045
:105D500006820B42798041401230252E8C0101428F
:105D600005306950655484824384BE8C84408641EA
:105D700026299442BE8ED57F19A143400B2E8C015B
:105D80008440C7415D29272945428442C27F012FB3
:105D9000C0B31D2F052E940199A0012F80B3132F9E
:105DA00080B3182FC0B3162F12400140927F982E57
:105DB00074C0926F100F2030032F1030212E7E01FF
:105DC0000A2D212E7E01072D2030212E7E01032D4C
:105DD0001030212E7E01C26F012EC900BC840280CA
:105DE00082400040900ED56F022F1530982EF3039D
:105DF00041910530072F67503D802B2E8F010542C2
:105E00000480002E0542022C00300030A26F988AD8
:105E1000864080A7052F982EF303C030212E9501D0
:105E200006251A25E26F768296405643510EFB2FC7
:105E3000BB6F305FB82E012EB8000131410840B26F
:105E40002050F2300208FB7F0130102F052ECC00CD
:105E50008190E07F032F232ECC00982E55B6982EEC
:105E60001DB51025FB6FE06FE05F802E95CF982E5B
:105E700095CF1030212ECC00FB6FE05FB82E005183
:105E80000558EB7F2A2589526F5A895013410640E5
:105E9000B3011642CB160640F3021342650EF52FEE
:105EA000054014302C29044208A10030902E52B62F
:105EB000B388B08AB684A47FC47FB57FD57F927F34
:105EC00073300430554042408A17F3086B0190024A
:105ED00053B84B82ADBE717F450A0954847F982E1A
:105EE000D9C0A36F7B54D042A37FF27F607F20256F
:105EF000716F755A7758795C7556982E67CCB16F6B
:105F0000626F5042B17FB3301025982E0FCA846F54
:105F10002029716F926FA56F76826A0E7330003000
:105F2000D02FD26FD17FB47F982E2BB715BD0BB871
:105F3000020AC26FC07F982E2BB715BD0BB8420A5C
:105F4000C06F081741188916E118D018A17F2725BE
:105F50001625982E79C08B54907FB3308240809064
:105F60000D2F7D52926F982E0FCAB26F900E062F92
:105F70008B501430426F516F144212420142002E76
:105F8000316F982E74C0416F807F982E74C0826FDD
:105F900010044352010F052ECB0000300430212F96
:105FA000516F43588C0E04301C2F8588416F04417B
:105FB0008C0F0430162F8488002E044104058C0EAB
:105FC00004300F2F8288316F044104058C0E043099
:105FD000082F8388002E04418C0F0430022F212EBD
:105FE000AD0114300091142F032EA10141900E2F0A
:105FF000032EAD0114304C28232EAD0146A0062FF0
:1060000081848D5248828240212EA10142425C2C23
:106010000230052EAA0180B20230552F032EA901AD
:10602000926FB330982E0FCAB26F900F00300230CB
:106030004A2FA26F875291008552510E022F002ED7
:10604000432C0230C26F7F52910E02303C2F516FB1
:106050008154982EFEC91025B3302125982E0FCAE1
:10606000326FC07FB3301225982E0FCA426FB07FB7
:10607000B3301225982E0FCAB26F90288352982EF3
:10608000FEC9C26F900F003002301D2F052EA101F6
:1060900080B212300F2F426F032EAB01910E0230EF
:1060A000122F526F032EAC01910F02300C2F212EB4
:1060B000AA010A2C1230032ECB008D5808894140CA
:1060C00011430043252EA101D46F8F5200433A891A
:1060D000002E10431043610EFB2F032EA001111A56
:1060E000022F0225212EA001EB6F005FB82E9152E6
:1060F00010300230955652424B0EFC2F8D54888240
:10610000935680425342404242868354C02EC2423C
:10611000002EA3520051524047401A25012E9700ED
:106120008FBE7286FB7F0B307CBFA5501008DFBA94
:106130007088F8BFCB42D37F6CBBFCBBC50A907F95
:106140001B7F0B43C0B2E57FB77FA67FC47F902E35
:106150001CB7072ED200C0B20B2F9752012ECD00D4
:10616000827F982EBBCC0B30372ED200826F906F7F
:106170001A2500B28B7F142FA6BD25BDB6B92FB945
:1061800080B2D4B00C2F99549B560B300B2EB1001B
:10619000A1589B42DB426C092B2EB1008B42CB42B3
:1061A000867F7384A756C30839520550727F637F78
:1061B000982EC2C0E16F626FD10A012ECD00D56F5B
:1061C000C46F726F97529D5C982E06CD236F906FAF
:1061D0009952C0B204BD5440AFB94540E17F02308E
:1061E000062FC0B20230032F9B5C123094438543CC
:1061F00003BF6FBB80B3202F066F2601166F6E039F
:106200004542C090292ECE009B52142F9B5C002E3D
:1062100093418641E304AE0780AB042F80910A2F9F
:10622000866F730F072F836FC0B2042F544245420D
:106230001230042C1130022C1130113002BC0FB876
:10624000D27F00B20A2F012EFC00052EC701101AC2
:10625000022F212EC701032D022C01300130B06F17
:10626000982E95CFD16FA06F982E95CFE26F9F5249
:10627000012ECE00824050420C2C42421130232E7F
:10628000D2000130B06F982E95CFA06F0130982EBC
:1062900095CF002EFB6F005FB82E83860130003053
:1062A000944024180600530E4F02F92FB82EA9521D
:1062B000002E604041400DBC98BCC02E010A0FB8B2
:1062C000AB52533C524040404B00821626B901B8B5
:1062D0004140100897B80108C02E113001084386CC
:1062E00025400440D8BE2C0B2211544203804B0E93
:1062F000F62FB82E9F501050AD52052ED300FB7FC5
:10630000002E13409342410EFB2F982EA5B7982ED6
:1063100087CF012ED90000B2FB6F0B2F012E69F73A
:10632000B13F01080130F05F232ED900212E69F71B
:10633000802E7AB7F05FB82E012EC0F8032EFCF540
:106340001554AF5682080B2E69F7CB0AB1588090CE
:10635000DDBE4C085FB959228090072F0334C30873
:10636000F23A0A080235C0904A0A4822C02E232E6B
:10637000FCF51050FB7F982E56C7982E49C310305D
:10638000FB6FF05F212ECC00212ECA00B82E032E09
:10639000D30016B802344A0C212E2DF5C02E232E20
:1063A000D30003BC212ED500032ED50040B21030FF
:1063B000212E77000130052F052ED8008090012F67
:1063C000232E6FF5C02E212ED90011308108012E09
:1063D0006AF7713F23BD0108020AC02E212E6AF719
:1063E00030250030212E5AF51050212E7B00212E11
:1063F0007C00FB7F982EC3B74030212ED400FB6F6A
:10640000F05F0325802EAFB7802E00C1802E00C123
:10641000802E00C1802E00C1802E00C1802E00C1C0
:10642000802E00C1802E00C1802E00C1802E00C1B0
:10643000802E00C1802E00C1802E00C1802E00C1A0
:10644000802E00C1012E5DF708BC80AC0EBB022F70
:10645000003041048206C0A40030112F40A9032F50
:1064600040910D2F00A70B2F80B3B358022F90A19E
:106470002613202380901030012FCC0E002F0030E7
:10648000B82EB550180808BC88B60D17C6BD56BC46
:10649000B758DABA04011D0A1050053032254503F9
:1064A000FB7FF6302125982E37CA16B59ABC06B860
:1064B00080A8410A0E2F8090022F2D50480F092FDF
:1064C000BFA0042FBF90062FB754CA0F032F002E72
:1064D000022CB7522D52F233982ED9C0FB6FF137F0
:1064E000C02E0108F05FBF56B954D040C4400B2EF7
:1064F000FDF3BF529042944295420530C1500F883F
:10650000064004419642C54248BE73300D2ED80065
:106510004FBA8442034281B3022F2B2E6FF5062D12
:10652000052E77F7BD569308252E77F7BB54252EF9
:10653000C2F5072EFDF34230B433DA0A4C00272EA1
:10654000FDF34340D43FDC084342002E002E43407D
:106550002430DC0A43420480032EFDF34A0A232E32
:10656000FDF36134C02E0142002E60501A257A8658
:10657000E07FF37F0325C3524184DB7F3330982EC5
:1065800016C21A257D82F06FE26F322516409440C4
:10659000260185408E17C4426E039542410EF42FAA
:1065A000DB6FA05FB82EB051FB7F982EE80D5A2507
:1065B000982E0F0ECB583287C47F65896B8DC55AD4
:1065C000657FE17F837FA67F747FD07FB67F947FD6
:1065D0001730C752C954517F002E856F427F002E5D
:1065E00051414581424113403B8A00404B04D00653
:1065F000C0AC857F022F02305104D30641840530A0
:106600005D02C916DF08D3008D02AFBCB1B9590ACB
:10661000656F1143A1B4524153410143347F657FFB
:106620002631E56FD46F982E37CA326F756F83406D
:106630004241237F127FF63040255125982E37CADC
:10664000146F2005706F256F6907A26F316F0B30D3
:1066500004429B428B425542327F40A9C36F717FF7
:106660000230D040C37F032F4091152F00A7132F76
:1066700000A4112F84BD982E79CA556FB754544188
:106680008200F33F4541CB02F630982E37CA356F72
:10669000A46F4143032C0043A46F356F1730426F42
:1066A000516F934042820041C3000343517F002E4B
:1066B000944041414C02C46FD156630E746F5143F4
:1066C000A57F8A2F092ED80001B3212FCB58906FB8
:1066D0001341B66FE47F002E914114409241154062
:1066E000172E6FF5B67FD07FCB7F982E000C071545
:1066F000C26F140B292E6FF5C3A3C18FE46FD06F47
:10670000E62F1430052E6FF5140B292E6FF5182D7A
:10671000CD560432B56F1C0151415241C340B57F83
:10672000E47F982E1F0CE46F218700430432CF547E
:106730005A0EEF2F1554092E77F7220B292E77F7D3
:10674000FB6F505EB82E1050012ED40000B2FB7FBC
:10675000512F01B2482F02B2422F0390562FD75229
:1067600079804240818400404242982E930CD95453
:10677000D750A14098BD82403E82DA0A44408B1631
:10678000E3005342002E43409A025242002E414001
:1067900015544A0E3A2F3A8200304140212E850F7F
:1067A00040B20A2F982EB10C982E450E982E5B0EF3
:1067B000FB6FF05F0030802ECEB7DD52D3544242E3
:1067C0004F847330DB5283421B306B422330272EC1
:1067D000D700372ED400212ED6007A84172C4242BF
:1067E0003030212ED400122D21300030232ED40041
:1067F000212E7BF70B2D1730982E510CD5500C8283
:1068000072302F2ED400252E7BF74042002EFB6FD6
:10681000F05FB82E70500A253986FB7FE132623076
:10682000982EC2C4B556A56FAB08916F4B08DF56C2
:10683000C46F23094DBA93BC8C0BD16F0B09CB529B
:10684000E15E5642AF094DBA23BD940AE56F68BBBD
:10685000EB08BDB963BEFB6F5242E30AC02E434250
:10686000905FD150032E25F3134000409BBC9BB496
:1068700008BDB8B998BCDA0A08B68916C02E190046
:1068800062021050FB7F982E810D012ED400313012
:106890000804FB6F0130F05F232ED600212ED700B5
:1068A000B82E012ED700032ED600480E012F802EC1
:1068B0001F0EB82EE350213401428230C132252E02
:1068C00062F50100223001404A0A0142B82EE35429
:1068D000F03B8340D808E552834200308330504279
:1068E000C432272E64F5940050424042D33F844086
:1068F0007D82E30840428342B82EDD5200304042A0
:106900007C86B952092E700FBF54C442D3865440BE
:10691000554094428542212ED7004240252EFDF35A
:10692000C0427E82052E7D0080B2142F052E890084
:1069300027BD2FB98090022F212E6FF50C2D072E29
:10694000710F14301C09052E77F7BD5647BE93080A
:10695000940A252E77F7E75450424A0EFC2FB82EA2
:10696000505002304386E550FB7FE37FD27FC07FEB
:10697000B17F002E414000404804982E74C01EAAEA
:10698000D36F1430B16FE322C06F5240E46F4C0EEE
:106990001242D37FEB2F032E860F40901130032F2E
:1069A000232E860F022C0030D06FFB6FB05FB82E05
:1069B0004050F17F0A253C86EB7F41332230982EF0
:1069C000C2C4D36FF430DC094758C26F9409EB5846
:1069D0006ABBDC08B4B9B1BDE95A950821BDF6BF60
:1069E000770B51BEF16FEB6F52425442C02E4342BF
:1069F000C05F5050F55031301142FB7F7B300B426D
:106A000011300280233301420300072E8003052E3C
:106A1000D3002352E27FD37FC07F982EB60ED16F72
:106A2000080A1A257B86D07F01331230982EC2C403
:106A3000D16F080A00B20D2FE36F012E8003513091
:106A4000C786232E21F208BCC042982EA5B7002E7F
:106A5000002ED02EB06F0BB8032E1B00081AB07F8B
:106A60007030042F212E21F2002E002ED02E982ED1
:106A70006DC0982E5DC0ED50982E44CBEF50982EEF
:106A800046C3F150982E53C73550982E64CF10301E
:106A9000982EDC032026C06F02311242AB330B422A
:106AA000378001300142F337F752FB504440A20ACD
:106AB00042428B31092E5EF7F954E30883421B42B0
:106AC00023334B00BC840B40333083420B42E07FC6
:106AD000D17F982E58B7D16F803040420330E06F9D
:106AE000F3540430002E002E0189620EFA2F434227
:106AF0001130FB6FC02E0142B05FC14A00006D57DC
:106B00000000778E0000E0FFFFFFD3FFFFFFE5FFEF
:106B1000FFFFEEE1FFFF7C13000046E6FFFF0000F1
:106B20000000000000000000000000000000000065
:106B30000000000000000000000000000000000055
:106B40000000000000000000000000000000000045
:106B50000000000000000000802E00C1802E00C157
:106B6000802E00C1802E00C1802E00C1802E00C169
:106B7000802E00C1802E00C1802E00C1802E00C159
:106B8000802E00C1802E00C1802E00C1802E00C149
:106B9000802E00C1802E00C1802E00C1802E00C139
:106BA000802E00C1802E00C1802E00C1802E00C129
:106BB000802E00C1802E00C1802E00C1802E00C119
:106BC000802E00C1802E00C1802E00C1802E00C109
:106BD000802E00C1802E00C1802E00C1802E00C1F9
:106BE000802E00C1802E00C1802E00C1802E00C1E9
:106BF000802E00C1802E00C1802E00C1802E00C1D9
:106C0000802E00C1802E00C1802E00C1802E00C1C8
:106C1000802E00C1802E00C1802E00C1802E00C1B8
:106C2000802E00C1802E00C1802E00C1802E00C1A8
:106C3000802E00C1802E00C1802E00C1802E00C198
:106C4000802E00C12F01002401022A01032B010321
:106C50002601042201052C010509010604010C0589
:106C600002000302041D03000606020706020806CE
:106C700002130606140700000700000800041300B2
:106C80000609000829000C27000E28000E0000004D
:106C90007EFEFDFF70FEFDFF64FEFDFF8CFEFDFF2E
:106CA00058FEFDFF8CFEFDFF8CFEFDFF4CFEFDFF40
:106CB00040FEFDFF34FEFDFF28FEFDFF1CFEFDFF34
:106CC00010FEFDFF04FEFDFFF8FDFDFFECFDFDFFE6
:106CD000E0FDFDFFD4FDFDFF50FDFDFFC8FDFDFF04
:106CE000BCFDFDFFB0FDFDFF5CFDFDFF8CFEFDFF6B
:106CF000A4FDFDFF98FDFDFF44FDFDFF8CFDFDFFA4
:106D000080FDFDFF74FDFDFF68FDFDFF38FDFDFF0B
:106D10002CFDFDFF20FDFDFF96FEFDFF06FDFDFFA6
:106D200014FDFDFF5761726E696E67205B25645D1F
:106D3000203A204649464F20656D7074790D0A004F
:106D40005761726E696E67205B25645D203A20464C
:106D500049464F207061727469616C20726561648C
:106D60000D0A00004572726F72205B25645D203A47
:106D7000204E756C6C20706F696E74657220657240
:106D8000726F722E204974206F636375727320775F
:106D900068656E2074686520757365722074726909
:106DA000657320746F2061737369676E2076616C00
:106DB000756520286E6F7420616464726573732931
:106DC00020746F206120706F696E7465722C20775B
:106DD0006869636820686173206265656E20696E0A
:106DE000697469616C697A656420746F204E554CD2
:106DF0004C2E0D0A000000004572726F72205B2558
:106E0000645D203A20436F6D6D756E6963617469CE
:106E10006F6E206661696C757265206572726F7243
:106E20002E204974206F636375727320647565202A
:106E3000746F20726561642F7772697465206F705A
:106E400065726174696F6E206661696C7572652028
:106E5000616E6420616C736F2064756520746F20AF
:106E6000706F776572206661696C757265206475F4
:106E700072696E6720636F6D6D756E6963617469A9
:106E80006F6E0D0A000000004572726F72205B2564
:106E9000645D203A20446576696365206E6F7420D6
:106EA000666F756E64206572726F722E2049742051
:106EB0006F6363757273207768656E2074686520F0
:106EC0006465766963652063686970206964206918
:106ED0007320696E636F72726563746C792072657A
:106EE00061640D0A000000004572726F72205B251C
:106EF000645D203A20496E76616C69642073656E2A
:106F0000736F72206572726F722E204974206F63E6
:106F100063757273207768656E207468657265208A
:106F200069732061206D69736D6174636820696E97
:106F30002074686520726571756573746564206678
:106F4000656174757265207769746820746865205E
:106F5000617661696C61626C65206F6E650D0A0017
:106F60004572726F72205B25645D203A2053656C18
:106F7000662D74657374206661696C656420657242
:106F8000726F722E204974206F636375727320775D
:106F900068656E207468652076616C6964617469E7
:106FA0006F6E206F6620616363656C2073656C662D
:106FB0002D746573742064617461206973206E6F31
:106FC00074207361746973666965640D0A0000005A
:106FD0004572726F72205B25645D203A20496E769F
:106FE000616C696420696E7465727275707420706A
:106FF000696E206572726F722E204974206F636310
:10700000757273207768656E207468652075736586
:107010007220747269657320746F20636F6E666985
:107020006775726520696E74657272757074207010
:10703000696E732061706172742066726F6D204991
:107040004E543120616E6420494E54320D0A0000C6
:107050004572726F72205B25645D203A204F757413
:10706000206F662072616E6765206572726F722E86
:10707000204974206F6363757273207768656E2092
:107080007468652064617461206578636565647304
:107090002066726F6D2066696C7465726564206F1E
:1070A0007220756E66696C746572656420646174C3
:1070B000612066726F6D206669666F20616E642064
:1070C000616C736F207768656E20746865207261EB
:1070D0006E676520657863656564732074686520F4
:1070E0006D6178696D756D2072616E676520666F80
:1070F0007220616363656C20616E64206779726FD2
:10710000207768696C6520706572666F726D696E54
:107110006720464F430D0A004572726F72205B254F
:10712000645D203A20496E76616C69642041636336
:10713000656C20636F6E66696775726174696F6EE6
:10714000206572726F722E204974206F63637572AE
:1071500073207768656E2074686572652069732096
:10716000616E206572726F7220696E206163636563
:107170006C20636F6E66696775726174696F6E20EB
:1071800072656769737465722077686963682063E4
:107190006F756C64206265206F6E6520616D6F6E27
:1071A000672072616E67652C204257206F722066DF
:1071B000696C74657220706572666F726D616E6362
:1071C0006520696E207265672061646472657373FF
:1071D00020307834300D0A004572726F72205B25C2
:1071E000645D203A20496E76616C6964204779724B
:1071F0006F20636F6E66696775726174696F6E2068
:107200006572726F722E204974206F63637572739A
:10721000207768656E2074686572652069732061E7
:10722000206572726F7220696E206779726F2063B9
:107230006F6E66696775726174696F6E7265676992
:107240007374657220776869636820636F756C6416
:10725000206265206F6E6520616D6F6E67207261C0
:107260006E67652C204257206F722066696C7465CA
:107270007220706572666F726D616E636520696EF3
:10728000207265672061646472657373203078349E
:10729000320D0A004572726F72205B25645D203AE0
:1072A00020496E76616C696420416363656C2D478B
:1072B00079726F20636F6E66696775726174696F4A
:1072C0006E206572726F722E204974206F63637531
:1072D0007273207768656E207468657265206973C3
:1072E0002061206572726F7220696E206163636530
:1072F0006C20616E64206779726F20636F6E6669BF
:107300006775726174696F6E207265676973746501
:10731000727320776869636820636F756C6420629C
:1073200065206F6E6520616D6F6E672072616E679C
:10733000652C204257206F722066696C746572203C
:10734000706572666F726D616E636520696E207222
:10735000656720616464726573732030783430200F
:10736000616E6420307834320D0A00004572726F0D
:1073700072205B25645D203A20436F6E66696775F5
:10738000726174696F6E206C6F6164206572726FD8
:10739000722E204974206F6363757273207768655D
:1073A0006E206661696C757265206F6273657276B6
:1073B0006564207768696C65206C6F6164696E67CD
:1073C0002074686520636F6E6669677572617469A1
:1073D0006F6E20696E746F207468652073656E73BC
:1073E0006F720D0A000000004572726F72205B25FB
:1073F000645D203A20496E76616C69642070616733
:1074000065206572726F722E204974206F636375F8
:1074100072732064756520746F206661696C757283
:107420006520696E2077726974696E67207468657B
:1074300020636F727265637420666561747572652E
:1074400020636F6E66696775726174696F6E20661E
:10745000726F6D2073656C6563746564207061671D
:10746000650D0A004572726F72205B25645D203ADB
:1074700020415053206661696C7572652065727297
:107480006F722E204974206F636375727320647568
:107490006520746F206661696C75726520696E2065
:1074A0007772697465206F6620616476616E6365CA
:1074B00020706F776572206D6F646520636F6E66F4
:1074C000696775726174696F6E207265676973743C
:1074D00065720D0A000000004572726F72205B2514
:1074E000645D203A20496E76616C6964204155588C
:1074F00020636F6E66696775726174696F6E20656F
:1075000072726F722E204974206F636375727320DC
:107510007768656E2074686520617578696C69614B
:10752000727920696E746572666163652073657433
:1075300074696E677320617265206E6F7420656E6A
:1075400061626C65642070726F7065726C790D0A8F
:10755000000000004572726F72205B25645D203A66
:10756000204155582062757379206572726F722EB2
:10757000204974206F6363757273207768656E208D
:1075800074686520617578696C6961727920696ECB
:1075900074657266616365206275736573206172DC
:1075A0006520656E6761676564207768696C652032
:1075B000636F6E6669677572696E672074686520AF
:1075C0004155580D0A0000004572726F72205B250C
:1075D000645D203A2052656D6170206572726F7231
:1075E0002E204974206F6363757273206475652063
:1075F000746F206661696C75726520696E206173B5
:107600007369676E696E67207468652072656D6165
:10761000702061786573206461746120666F7220E8
:10762000616C6C2074686520617865732061667494
:107630006572206368616E676520696E2061786994
:107640007320706F736974696F6E0D0A000000001B
:107650004572726F72205B25645D203A2047797213
:107660006F2075736572206761696E207570646143
:107670007465206661696C206572726F722E204994
:1076800074206F6363757273207768656E20746809
:10769000652072656164696E67206F662075736529
:1076A00072206761696E20757064617465207374FF
:1076B00061747573206661696C730D0A00000000C7
:1076C0004572726F72205B25645D203A2053656CB1
:1076D000662D74657374206E6F7420646F6E652000
:1076E0006572726F722E204974206F6363757273B6
:1076F000207768656E207468652073656C662D74EC
:107700006573742070726F63657373206973206F83
:107710006E676F696E67206F72206E6F7420636F83
:107720006D706C657465640D0A0000004572726FBF
:1077300072205B25645D203A20496E76616C696435
:1077400020696E707574206572726F722E20497494
:10775000206F6363757273207768656E2074686547
:107760002073656E736F7220696E70757420766118
:107770006C6964697479206661696C730D0A000034
:107780004572726F72205B25645D203A20496E76E7
:10779000616C696420737461747573206572726FB3
:1077A000722E204974206F63637572732077686549
:1077B0006E2074686520666561747572652F7365E7
:1077C0006E736F722076616C69646974792066618A
:1077D000696C730D0A0000004572726F72205B25A0
:1077E000645D203A20435254206572726F722E20DD
:1077F0004974206F6363757273207768656E2074B7
:107800006865204352542074657374206861732046
:107810006661696C65640D0A000000004572726F54
:1078200072205B25645D203A2053656C662D74657B
:10783000737420616C72656164792072756E6E6913
:107840006E67206572726F722E204974206F6363B9
:10785000757273207768656E207468652073656C37
:10786000662D7465737420697320616C7265616440
:10787000792072756E6E696E6720616E6420616E2C
:107880006F7468657220686173206265656E206937
:107890006E697469617465640D0A00004572726FE7
:1078A00072205B25645D203A20435254207265614A
:1078B000647920666F7220646F776E6C6F616420EC
:1078C0006661696C2061626F7274206572726F729A
:1078D0002E204974206F6363757273207768656E1C
:1078E00020646F776E6C6F616420696E2043525420
:1078F000206661696C732064756520746F207772EF
:107900006F6E672061646472657373206C6F63616E
:1079100074696F6E0D0A00004572726F72205B25EC
:10792000645D203A20446F776E6C6F6164206572ED
:10793000726F722E204974206F63637572732077A3
:1079400068656E207772697465206C656E6774680F
:1079500020657863656564732074686174206F6660
:1079600020746865206D6178696D756D206275722F
:107970007374206C656E6774680D0A004572726FCF
:1079800072205B25645D203A205072652D636F6E16
:10799000646974696F6E616C206572726F722E20FB
:1079A0004974206F6363757273207768656E207009
:1079B0007265636F6E646974696F6E20746F207393
:1079C000746172742074686520666561747572658F
:1079D00020776173206E6F7420636F6D706C6574B7
:1079E00065640D0A000000004572726F72205B250D
:1079F000645D203A2041626F7274206572726F720A
:107A00002E204974206F6363757273207768656EEA
:107A100020746865206465766963652077617320EA
:107A20007368616B656E20647572696E672043527E
:107A30005420746573740D0A000000004572726F63
:107A400072205B25645D203A20577269746520635B
:107A500079636C65206F6E676F696E6720657272FF
:107A60006F722E204974206F63637572732077687C
:107A7000656E207468652077726974652063796328
:107A80006C6520697320616C726561647920727520
:107A90006E6E696E6720616E6420616E6F746865DA
:107AA0007220686173206265656E20696E69746911
:107AB000617465640D0A00004572726F72205B2567
:107AC000645D203A2053656C662D7465737420697B
:107AD00073206E6F742072756E6E696E67206572AA
:107AE000726F722E204974206F63637572732077F2
:107AF00068656E2073656C662D746573742072758D
:107B00006E6E696E672069732064697361626C656B
:107B100064207768696C6520697427732072756EBC
:107B20006E696E670D0A00004572726F72205B25E8
:107B3000645D203A2044617461207265616479203B
:107B4000696E74657272757074206572726F722ED0
:107B5000204974206F6363757273207768656E20A7
:107B60007468652073616D706C6520636F756E74E9
:107B700020657863656564732074686520464F43AB
:107B80002073616D706C65206C696D697420616E25
:107B9000642064617461207265616479207374612A
:107BA000747573206973206E6F74207570646174CE
:107BB00065640D0A000000004572726F72205B253B
:107BC000645D203A20496E76616C696420464F43BB
:107BD00020706F736974696F6E206572726F722E98
:107BE000204974206F6363757273207768656E2017
:107BF0006176657261676520464F432064617461F8
:107C0000206973206F627461696E656420666F72AB
:107C1000207468652077726F6E6720617865730DD8
:107C20000A0000004572726F72205B25645D203A85
:107C300020556E6B6E6F776E206572726F72206367
:107C40006F64650D0A00000053504920496E746549
:107C50007266616365200A00AEF0FDFF04F1FDFF6E
:107C600044F1FDFFE2F1FDFF06F3FDFF66F3FDFFCA
:107C700032F4FDFF4150505F434F4E5F4E45545F1D
:107C800053544152540D0A004150505F434F4E5FD0
:107C90004E45545F53544152543A4552520D0A00D6
:107CA0004150505F434F4E5F4E45545F5552435FC6
:107CB00044495341424C450D0A0000004150505F79
:107CC000434F4E5F4E45545F574946495343414EDB
:107CD0000D0A00004150505F434F4E5F4E45545FC8
:107CE0005254435F5550444154450D0A0000000072
:107CF0004150505F434F4E5F4E45543A53554343B6
:107D00004553530D0A0000004150505F434F4E5FF2
:107D10004E45543A4552520D0A0000004150505F02
:107D2000434F4E5F4E45543A4252424F4F540D0A14
:107D3000000000004150505F434F4E5F4E45545F7E
:107D40005552435F454E41424C450D0A000000002C
:107D50004150505F434F4E5F4E45545F5253505F0A
:107D6000574F524B4D4F44450D0A00004150505F54
:107D7000434F4E5F4E45545F5253505F574F524BE7
:107D80004D4F44453A535543434553530D0A000064
:107D90004150505F434F4E5F4E45545F5253505FCA
:107DA000574F524B4D4F44453A4552524F520D0A90
:107DB000000000004150505F434F4E5F4E45545FFE
:107DC000454E440D0A00000025642D25642D2564D0
:107DD0002000000025643A25643A25640D0A00005D
:107DE000010305080D1522372237223763617431EC
:107DF0005F34675F7570646174655F7274635F633D
:107E0000616C6C6261636B5F737563636573730D43
:107E10000A0000006E657420646174653A25642070
:107E200025642025640D0A006E65742074696D65F3
:107E30003A25642025642025640D0A002530325837
:107E40002000000074785F6669783A256425642E06
:107E500025642000256425642E2564200000000090
:107E600074785F48444F503A25642E253032640DB3
:107E70000A000000796573006E6F0000747275650A
:107E80000000000066616C73650000007365727627
:107E900065725F6D73675F70726F636573730D0AF0
:107EA0000000000064617461206C656E2065727270
:107EB0000D0A0000636865636B73756D20657272EF
:107EC0000D0A000070726F746F636F6C20657272C0
:107ED0000D0A000064657669636520696420657237
:107EE000720D0A002A2A2A2A2A2A2A2A2A2A2A2A11
:107EF0000D0A0000626C652061647620696E74650D
:107F00007276616C3A253032580D0A00626C655FFA
:107F100062726F61646361737465725F6368616EDE
:107F200067650D0A00000000626C65506F7765722E
:107F30003A3664626D0D0A00626C65506F77657247
:107F40003A3364626D0D0A00626C655F6164766548
:107F500072746973696E675F696E74657276616C5D
:107F60003A25640D0A0000004C4F435F4D4F4445D5
:107F70005F48500D0A0000004C4F435F4D4F444591
:107F80005F4C500D0A0000004C4F435F4D4F44457D
:107F90005F4C4F435F4F4E43450D0A004C4F435FCC
:107FA0004D4F44455F5749464943414E0D0A000035
:107FB0005443505F4B4545500D0A00005443505FF9
:107FC000554E4B4545500D0A000000006C6564207D
:107FD0006F6E0D0A000000006C6564206F66660D10
:107FE0000A00000062656570206F6E0D0A000000D7
:107FF00062656570206F66660D0A0000686F6D65CA
:1080000020776966692025730D0A00006C705F7324
:1080100069675F656E61626C652025730D0A0000FB
:10802000776966697363616E5F6366673A726573E9
:1080300065740000776966697363616E5F63666784
:108040002E63683A7265736574000000686561723A
:1080500074626561745F74696D6520256420730DB9
:108060000A0000007463705F72657472795F7469EE
:108070006D6520256420730D0A0000007472696725
:10808000206C6F63206F6E6574696D650D0A00006A
:108090006465766963655F69643A253032582025E6
:1080A00030325820253032582025303258202530A3
:1080B00032582025303258200D0A00007405FEFF8A
:1080C000CC08FEFFF405FEFF8C05FEFF5206FEFF06
:1080D000C606FEFF2A08FEFF616770735F66696C63
:1080E0006520726561643A25640D0A00444C5F4165
:1080F0004750535F44454C5F46494C450D0A0000CC
:108100002F555345522F485454502F6167707300B8
:10811000444C5F414750535F5553455F485454505A
:108120005F46530D0A0000006170705F646C5F6110
:108130006770735F6661696C00000000444C5F41CA
:108140004750535F434845434B5F53495A450D0AD7
:108150000000000066696C652073697A6520636FB2
:1081600072726563740D0A00444C5F414750535F5F
:10817000524541445F46530D0A0000006167707329
:108180002066696C65207265616420737563636540
:108190007373210D0A000000616770735F626C6F7A
:1081A000636B5F77726974652025640D0A000000B7
:1081B000616770735F626C6F636B5F72656164208F
:1081C0002025640D0A000000444C5F414750535F76
:1081D00050534D5F53544152540D0A008E09FEFF17
:1081E0000A0AFEFF3A0BFEFF0A0AFEFF140AFEFF10
:1081F000580CFEFF5A0FFEFFD010FEFF5812FEFF74
:10820000434F4E5F4649585F4750535F57414B4578
:1082100055500D0A000000004750535F4745545F1A
:108220004C4F435F4641494C0D0A000025643A001B
:10823000434F4E5F4649585F4745545F4750535F31
:108240004C4F430D0A0000004750535F4745545FB1
:108250004C4F435F535543434553530D0A000000B1
:10826000434F4E5F4649585F4745545F574946491B
:108270005F4D41430D0A0000434F4E5F4649585F32
:1082800053454E445F494D555F4750530D0A00001A
:10829000434F4E5F4649585F53454E445F494D55E5
:1082A0005F574946490D0A00434F4E5F4649585FA4
:1082B00053454E445F494D555F4F4E4C590D0A0092
:1082C000434F4E5F4649585F53454E445F4D4F44C0
:1082D000455F4354525F5253500D0A00434F4E5F67
:1082E0004649585F53454E445F4D4F44455F4354A4
:1082F000525F5253503A535543434553530D0A006E
:108300002A2A2A6C6F635F6F6E63652A2A2A0D0A18
:1083100000000000434F4E5F4649585F534C4545AF
:10832000500D0A00434F4E5F4649585F4750535F18
:10833000534C4545500D0A00434F4E5F4649585F28
:108340004C54455F534C4545500D0A006170705FB9
:10835000636F6E74696E756F75735F6669785F734E
:10836000746F700D0A0000006170705F776F726B40
:10837000666C6F775F6D61696E3A25640D0A000067
:10838000636F6E5F6669785F747820737563636589
:1083900073730D0A00000000636F6E5F6669785F9B
:1083A0007478206661696C65643A25640D0A000082
:1083B0000013FEFFD419FEFF4C19FEFFD419FEFF77
:1083C0003A1AFEFF1C1BFEFFE81EFEFFD419FEFF3B
:1083D000EA1FFEFF6E20FEFF63617431207463703C
:1083E00020636F6D6D20737563636573730D0A0091
:1083F000636174312074637020636F6D6D206661FA
:10840000696C65643A25640D0A000000303A4C50EE
:108410005F4649585F434845434B5F494D555F535D
:10842000544154450D0A00004E4F572054494D45C4
:108430003A25642D253032642D2530326409000040
:10844000253032643A253032643A253032640D0AE0
:10845000000000004167707346696C653A25642D21
:10846000253032642D25303264090000737973742D
:1084700069636B3A256420616770737469636B3A52
:1084800025640D0A000000004C4153545F4C4F43DB
:108490005F46495845445F5553455F4750530D0A61
:1084A0000000000069646C655F726570726F745FD4
:1084B000696E74657276616C206368616E676520B1
:1084C0006E65656420726570726F7420736F6D6580
:1084D000206366670D0A0000696D755F7369675FE9
:1084E00064697361626C652C636F756E74203D20E6
:1084F00025750D0A00000000696D755F7369675F7F
:10850000747269675F636F756E74203D2025750D09
:108510000A0000007769666920696E20686F6D65E2
:108520002064697361626C65207369672074726985
:10853000670D0A007065745F74797065203D2025B1
:10854000640D0A00747269676765725F6C6F635FC0
:10855000737465705F636F756E74203D2025750DB3
:108560000A0000002A2A2A73746570206C6F632A3F
:108570002A2A0D0A000000002A2A2A736967206C43
:108580006F632A2A2A0D0A002A2A2A33306D696E5F
:1085900020737465702F736967206C6F632A2A2AB1
:1085A0000D0A00002A2A2A6C7020666978206F6EF6
:1085B0006365206D6F72652A2A2A0D0A000000008B
:1085C0002A2A2A3868206C6F632A2A2A0D0A00009A
:1085D0002A2A2A686F6D655F776966697363616EC1
:1085E0002A2A2A0D0A000000696E646F6F725F63A9
:1085F0006F6E74696E756F75735F636E74203D2066
:1086000025640D0A00000000696D755F7374657064
:108610005F636F756E745F6C6173745F7265706FAA
:108620007274203D2025750D0A0000004C41535402
:108630005F4C4F435F46495845445F5553455F572C
:108640004946490D0A0000002A2A2A666972737495
:108650005F6163746976655F6C6F635F666C6167A9
:108660002A2A2A0D0A0000002A2A2A33306D696E50
:1086700020726570726F742A2A2A0D0A00000000A9
:108680002A2A2A356D696E20726570726F742A2AE3
:108690002A0D0A004C505F4649585F4745545F57C2
:1086A0004946495F4D41430D0A0000004C505F466A
:1086B00049585F4745545F4750535F4C4F430D0A3D
:1086C000000000004C505F4649585F53454E445FE0
:1086D000494D555F4750530D0A0000004C505F460E
:1086E00049585F53454E445F494D555F5749464988
:1086F0000D0A00004C502053454E4720484541523A
:1087000054424541540D0A004C505F4649585F534E
:10871000454E445F494D555F4F4E4C590D0A000080
:108720006170705F726571756972652E6E65745FD8
:10873000737461747573203D20434154315F495017
:108740005F4552520D0A00004C505F4649585F5336
:10875000454E445F4D4F44455F4354525F52535022
:108760003A535543434553530D0A00004C505F465E
:1087700049585F53454E445F4D4F44455F43545203
:108780005F5253503A4552524F520D0A00000000BA
:108790004C505F4649585F4750535F534C454550D6
:1087A0000D0A00004C505F4649585F534C454550F8
:1087B0000D0A000077616B655F75705F6475747991
:1087C0003A25640D0A0000005343484544554C4582
:1087D000523A6170705F636F6E6E6563745F6E6551
:1087E000745F737461727428290D0A0053434845FD
:1087F00044554C45523A6C6F635F6F6E63650D0A6A
:10880000000000005343484544554C45523A686FB8
:108810006D655F776966697363616E0D0A000000BC
:108820005343484544554C45523A776966695F70F1
:10883000736D5F636865636B5F737461727428291D
:108840000D0A00005343484544554C45523A617067
:10885000705F6C74655F6F74615F737461727428AC
:10886000290D0A005343484544554C45523A61701E
:10887000705F776966697363616E5F737461727448
:1088800028290D0A000000005343484544554C4533
:10889000523A424C455F4D4F44455F48502061700D
:1088A000705F646C5F616770735F7374617274286A
:1088B000290D0A005343484544554C45523A424C11
:1088C000455F4D4F44455F4850206170705F636F56
:1088D0006E74696E756F75735F6669785F737461C6
:1088E000727428290D0A00005343484544554C45ED
:1088F000523A69646C655F647574795F6669782063
:108900006170705F646C5F616770735F73746172D4
:108910007428290D0A0000005343484544554C452E
:10892000523A69646C655F647574795F6669782032
:10893000726570726F745F69646C655F6C6F635FA2
:1089400074696D65726F7665725F636865636B28C5
:10895000290D0A00315343484544554C45523A428B
:108960004C455F4D4F44455F4C50206170705F64D3
:108970006C5F616770735F737461727428290D0A8C
:1089800000000000315343484544554C45523A429B
:108990004C455F4D4F44455F4C50206170705F6C9B
:1089A000705F6669785F737461727428290D0A00BC
:1089B000325343484544554C45523A424C455F4D2D
:1089C0004F44455F4C50206170705F646C5F61671D
:1089D00070735F737461727428290D0A00000000BF
:1089E000325343484544554C45523A424C455F4DFD
:1089F0004F44455F4C50206170705F6C705F6669DA
:108A0000785F737461727428290D0A0053434845D6
:108A100044554C45523A626174206C6F770D0A00E0
:108A20004750535F434E305F504F5745524F464675
:108A30000D0A00004750535F434E305F5752495470
:108A4000455F414750530D0A00000000E223FEFF3E
:108A50007424FEFFF424FEFFD225FEFF0628FEFF4D
:108A60005029FEFF4C2AFEFF3C2BFEFFEC26FEFFAA
:108A7000D42BFEFF545255450000000046414C5394
:108A80004500000048575F494E49545F48570D0A5A
:108A90000000000048575F494E49545F4348454332
:108AA0004B5F48573A4552522025640D0A0000009A
:108AB00048575F494E49545F434845434B5F4857C9
:108AC0003A2025640D0A000048575F494E49545F1B
:108AD000494D550D0A000000424C455F494E49542E
:108AE00020455252200D0A0048575F424C455F49CD
:108AF0004E49540D0A000000424C455F42524F411E
:108B0000444341535445525F53544152540D0A005B
:108B100048575F494E49545F4C54450D0A000000C8
:108B200048575F494E49545F574946490D0A00006E
:108B300048575F4750535F494E49540D0A000000A3
:108B400048575F4750535F534C4545500D0A00004E
:108B500048575F494E49545F444F4E450D0A000047
:108B600048575F5645522025640D0A0053465F560C
:108B700045522025640D0A004941505F5645522058
:108B800025640D0A000000005359535F5253545F8F
:108B9000434E542025640D0A000000003230323666
:108BA0005F30325F30335F31355F31395F56363297
:108BB00052310D0A000000005443505F4B454550B0
:108BC0002025730D0A0000002A0000006170705F0C
:108BD0006572726F725F726570726F742025640DBA
:108BE0000A0000002A2A2A2A4552525F434841526D
:108BF00047455F434F4D4D2A2A2A2A002A2A2A2A0E
:108C00004552525F494D552A2A2A2A0D0A00000072
:108C10002A2A2A2A4552525F4750532A2A25642A73
:108C20002A0D0A002A2A2A2A4552525F57494649E4
:108C30002A2A25642A2A0D0A000000000D0A0D0ABE
:108C4000000000002A2A2A2A2A2A2A2A2A2A2A2A2C
:108C50002A2A2A2A2A2A2A2A2A2A2A2A2A2A2A2A74
:108C60002A2A2A2A2A2A2A2A2A2A2A2A2A0D0A0DBE
:108C70000A0000004552524F523A20424154544596
:108C800052542042454C4F572033300D0A0D0A00F4
:108C90002A2A2A2A2A2A2A2A2A2A2A2A2A2A2A2A34
:108CA0002A2A2A2A2A2A2A2A2A2A2A2A2A2A2A2A24
:108CB0002A2A2A2A2A2A2A2A2A0D0A004C54455FDF
:108CC0004F54415F53544152540D0A004C54455F78
:108CD0004F54415F50534D5F53544152540D0A005D
:108CE000535543434553533A204C5445204657204F
:108CF00025732025640D0A0D0A000000022DFEFFD9
:108D0000782DFEFFD42DFEFFC22EFEFF0A2EFEFFA1
:108D10006A2EFEFF102FFEFF7A2FFEFFB22FFEFFFE
:108D20006170705F7368697070696E675F6D6F64A2
:108D3000655F68616E646C652C68773A25640D0A1E
:108D4000000000005348495050494E475F43484592
:108D5000434B5F53544154450D0A0000534849505A
:108D600050494E475F494D555F494E49540D0A00E1
:108D700057415F4C54455F494E49540D0A0000006D
:108D80005348495050494E475F4C54455F534C45FA
:108D900045500D0A000000005348495050494E47C5
:108DA0005F4750535F504F5745524F46460D0A009C
:108DB0005348495050494E475F574149545F5553B6
:108DC000425F494E534552540D0A000053484950E2
:108DD00050494E475F574149545F5553425F44499C
:108DE00053434F4E4E4543540D0A000053484950DB
:108DF00050494E475F4552524F52203A25640D0A62
:108E0000000000004445564943455F574149545FBF
:108E10005348495050494E470D0A00002A2A2A2A31
:108E20002A2A2A5348495050494E472A2A2A2A2A90
:108E30002A2A0D0A000000004445564943455F4177
:108E40004354495645440D0A000000004150505F0C
:108E5000434845434B5F5552435F4556454E543A50
:108E60007761697420756E6C6F636B0D0A0000008A
:108E70004150505F434845434B5F5552435F455611
:108E8000454E540D0A0000004150505F4348454391
:108E90004B5F5253505F4556454E543A7761697463
:108EA00020756E6C6F636B0D0A0000004150505FBF
:108EB000434845434B5F5253505F4556454E540D12
:108EC0000A0000006170705F636174315F757263E6
:108ED0005F63616C6C6261636B203A20535543435E
:108EE0004553530D0A0000006170705F6361743177
:108EF0005F7572635F63616C6C6261636B203A20C3
:108F00004552524F522C5761697420696E69742022
:108F10006E65740D0A0000006170705F7572635FAA
:108F2000657272210D0A00006170705F7572635F77
:108F30006572723A5253545F494E49545F414C4CEA
:108F40000D0A00006972715F666C61673A675F6D58
:108F50007574657865735F636174315F7374617490
:108F600075733D256420636174315F7572635F7250
:108F70006561645F666C6167203D2025640D0A00B1
:108F8000617070666C6F773D2564207469636B2037
:108F90003D2025642F2564094C617374457272204D
:108FA0003D203078253038582062757379203D2077
:108FB0002564207273743A25305820736C6565708F
:108FC0003A25640D0A00000057415443485F444F5E
:108FD000470D0A005359535F5245424F4F545F4368
:108FE00055545F504F5745520D0A00005359535F77
:108FF0005245424F4F545F534156455F4346470DDC
:109000000A00000057444F475F4241545F495251A4
:1090100048616E646C65720D0A0000006170705FDB
:109020007265626F6F742064656C61793A25645370
:109030000D0A00004150505F574946495343414E85
:109040005F53544152540D0A0000000061773332DF
:109050003078785F6932635F726561640000000098
:10906000617733323078785F6932635F7772697421
:1090700065000000617733323078785F7265675F32
:10908000646174615F696E697400000061773332F6
:109090003078785F726561645F63686970696400E5
:1090A000617733323078785F636865636B5F6465DE
:1090B000766963655F696400617733323078785F21
:1090C000636865636B5F737461747573000000009F
:1090D000617733323078785F656E746572000000B6
:1090E00061773332307878204943203A69727120B1
:1090F0006572726F722E2052454739203D203078BC
:10910000253032580D0A00006177333230787820EC
:109110004943206973206E6F726D616C2072756EA9
:109120006E696E670D0A0000524547383A3078255F
:109130003032580D0A0000006177333230787820E1
:10914000726561642052454739206F72205245474D
:1091500038206572726F72210D0A000064657669AD
:10916000636520697320617733323030580D0A000F
:1091700064657669636520697320617733323031C5
:10918000320D0A00646576696365206973206E6F2D
:1091900020666F756E64212121210D0A00000000F8
:1091A0002573205B25645D3B20636865636B2064E9
:1091B00065766963655F6964206572726F720D0A16
:1091C0000000000025733A20737563636573732193
:1091D00021210D0A0000000025733A207374617488
:1091E0007573206661696C65642120524547393A80
:1091F0003078253032580D0A000000006177333294
:109200003078785F6368617267696E675F656E6109
:10921000626C6528290D0A00617733323078785FF7
:109220006368617267696E675F64697361626C65C8
:1092300028290D0A0000000025733A20657869741A
:109240002121210D0A0000006368675F7374617457
:10925000206973206E6F74206368617267696E673E
:109260000D0A00006368675F73746174206973207E
:10927000707265206368617267650D0A0000000006
:109280006368675F737461742069732063686172D7
:1092900067650D0A000000006368675F737461749E
:1092A0002069732063686172676520646F6E650D65
:1092B0000A0000006765745F6368617267655F73C9
:1092C0007461747573206661696C65640D0A0000D1
:1092D00025733A7265616420646174612066616916
:1092E0006C202121210D0A0025733A77726974657B
:1092F000202064617461206572726F720D0A000033
:10930000415733323058585F494E5F435653540DDE
:109310000A000000415733323058585F4E4F545FB7
:10932000494E5F435653540D0A0000006765742090
:10933000415733323058585F52454731305F5354AC
:1093400041525432206661696C65640D0A00000068
:1093500061773332307878204943203A6572726FF2
:10936000722E2052454739203D2030782530325822
:109370000D0A00002573205B25645D3A207265614B
:109380006420636869706964206572726F720D0A87
:1093900000000000617733323078782073657420E4
:1093A00049434847203D2025646D41212121210D5D
:1093B0000A0000001842FEFF2C42FEFF7443FEFF2D
:1093C000AC42FEFF6043FEFFAC44FEFFBE47FEFF23
:1093D000C247FEFFC647FEFFCA47FEFFCE47FEFF5D
:1093E0000C49FEFF7849FEFF9A49FEFFD449FEFF73
:1093F000F249FEFF2C4EFEFFAA4EFEFFD64EFEFFA8
:109400005C4FFEFFDE4DFEFFDE4DFEFFDE4DFEFF3C
:10941000DE4DFEFFDE4DFEFFDE4DFEFFDE4DFEFFAC
:10942000DE4DFEFFDE4DFEFFDE4DFEFFDE4DFEFF9C
:10943000024FFEFF824FFEFFD24FFEFFAA50FEFFFB
:109440005C51FEFF9051FEFFDE4DFEFFDE4DFEFF44
:10945000DE4DFEFFDE4DFEFFDE4DFEFFDE4DFEFF6C
:10946000DE4DFEFFDE4DFEFFDE4DFEFFDE4DFEFF5C
:10947000D851FEFFFA51FEFF52656365697665209B
:109480007363616E207265712066726F6D2025783E
:1094900020257820257820257820257820257820FB
:1094A000202E2E0D0A00000050687920757064612E
:1094B00074652052783A25782054783A2578202E01
:1094C0002E0D0A006D74752065786368616E67659E
:1094D0003A2025640D0A00007265696E69745F7335
:1094E00074657025640D0A00626C655F6164766561
:1094F00072746973696E675F696E74657276616CA8
:1095000025640D0A00000000424C455F4552524F51
:10951000525F5245424F4F545F4556540D0A00006A
:10952000424C455F434F4D4D5F54494D5F4F55543D
:109530000D0A0000626C655F657272203D2025781F
:1095400009000000626C655F6469735F7265617336
:109550006F6E203D202578090000000072655F6174
:1095600064766572746973696E675F636E74203ABE
:10957000256400005478506F7765723A3664626DE6
:109580000D0A00005478506F7765723A3364626D4B
:109590000D0A00004359592D2530325825303258D4
:1095A0002530325800000000626C655F706572699A
:1095B00070686572616C5F7265696E69740D0A002E
:1095C000626C655F73746174655F6D6F6E69746FF3
:1095D000725F636E74203A2564000000546F6F2040
:1095E0006C61726765206E6F74690D0A000000007F
:1095F000557064617465202564202D20496E7420A7
:109600002564202072657472792025640D0A00009B
:109610002E2E2F4150502F626C655F7065726970FD
:10962000686572616C2E63000D0A2A2A25732A2A46
:1096300025642A2A0D0A20424C455F4552524F525A
:109640002E2E0D0A2A2A2A2A2A2A2A2A2A0D0A0016
:1096500052535349202D256420644220436F6E6E7F
:1096600020202578200D0A00496E697469616C69B3
:109670007A65642E2E0D0A00446973636F6E6E6501
:10968000637465642E2E20526561736F6E3A25787F
:109690000D0A00004164766572746973696E672E05
:1096A0002E0D0A00436F6E6E656374696F6E206DD8
:1096B00061782E2E2E0D0A00436F6E6E20257820C5
:1096C0002D20496E74202578200D0A00436F6E6EA0
:1096D00065637465642E2E0D0A000000436F6E6E84
:1096E0006563746564204164766572746973696E3C
:1096F000672E2E0D0A00000057616974696E67209D
:10970000666F72206164766572746973696E672E24
:109710002E0D0A000D0A2A2A25732A2A25642A2AD0
:109720000D0A20424C455F4552524F522E2E25784D
:109730000D0A2A2A2A2A2A2A2A2A2A0D0A00000081
:1097400070726F66696C65204368616E676543423D
:109750002043484152332E2E0D0A00006A756D7069
:10976000204F5441200D0A00424C455F494E495458
:1097700000000000424C455F414456455254495355
:10978000494E4700424C455F574149545F4144565A
:109790004552544953494E4700000000424C455F32
:1097A000434F4E4E45435400424C455F444953435A
:1097B0004F4E4E4543540000424C455F45525200C7
:1097C00078D7020004000000849A02000200000022
:1097D000B8800200020000002CEB000024A7020069
:1097E00009000000849A020002000000B880020014
:1097F0000200000024FE00003CA402000D00000056
:109800004CA4020005000000B88002000200000025
:10981000C2F400006D63633A253033640000000039
:10982000096D6E633A253032640000000969643ABC
:10983000256C640009727372703A256400000000A0
:10984000096C61635F7461633A25640D0A0000006E
:1098500054A302000B000000849A020002000000E2
:10986000B880020002000000C0FE000014A3020045
:109870000D000000849A020002000000B88002007F
:109880000200000054EB000024A302000B000000C3
:10989000849A020002000000B8800200020000006A
:1098A00054EB000014A302000C00000030A30200DF
:1098B00005000000B88002000200000054EB000028
:1098C000C4A002000A000000D0A0020004000000B2
:1098D000B88002000200000090EB000044A30200E8
:1098E0000D000000849A020002000000B88002000F
:1098F00002000000C0FE000060A502000B00000096
:109900006CA5020006000000B88002000200000002
:10991000BEF000003CA502000A000000B880020072
:1099200002000000B880020002000000E8F0000021
:1099300048A502000A00000028A102000100000062
:10994000B88002000200000006EC000090A30200B4
:109950000D000000808A020001000000B8800200B3
:109960000200000080F900004552524F52000000F2
:1099700074A502000F000000849A0200020000009B
:10998000B88002000200000078FE000080A3020000
:109990000C0000005895020000000000B880020092
:1099A0000200000020FF0000F8A302002A000000CF
:1099B000A097020007000000B8800200020000002B
:1099C00034EC00004641494C0000000024A5020090
:1099D0000E00000034A5020006000000B88002005E
:1099E0000200000002F80000495020535441545531
:1099F00053000000504450204445414354000000AF
:109A000054435020434C4F534544000052454D4F62
:109A1000544520434C4F53454400000049502049D1
:109A20004E495449414C000055445020434C4F533B
:109A30004544000049502053544152540000000056
:109A4000495020434F4E46494700000049502047A7
:109A5000505253414354000054435020434F4E4E04
:109A6000454354494E470000534552564552204CF9
:109A7000495354454E494E4700000000434F4E4E57
:109A8000454354204F4B000054435020434C4F5308
:109A9000494E470055445020434C4F53494E4700D0
:109AA000B0A0020010000000849A02000200000032
:109AB000B8800200020000002CEB0000B8A20200F7
:109AC0000A000000C4A2020002000000B8800200E8
:109AD0000200000062EC00005245414459000000C1
:109AE00094A502000B000000A0A5020007000000E2
:109AF000B880020002000000C2F70000302C3100E4
:109B0000302C3500A8A5020008000000B4A5020012
:109B100005000000B88002000200000046F00000CE
:109B200054A5020009000000849A0200020000000F
:109B3000B88002000200000084FE000064A1020060
:109B400011000000849A020002000000B8800200A8
:109B50000200000018FE00007273705F6C656E3DBD
:109B600025640D0A000000003230300070A20200AF
:109B70000D000000849A020002000000B88002007C
:109B800002000000FCFE000058A2020015000000C8
:109B9000849A020002000000B88002000200000067
:109BA00014FF0000E8A102000D000000849A0200EA
:109BB00002000000B8800200020000000CFE00005D
:109BC00058A602000600000060A602000C0000007B
:109BD000B88002000200000038EE00007CA60200FF
:109BE00010000000849A020002000000B880020009
:109BF0000200000054FE000090A6020009000000D0
:109C00009CA6020005000000B880020002000000CF
:109C1000D6EB00003936303000000000494D454990
:109C20003A20000049434349443A2000494D5349F2
:109C30003A2000005F56000048570000465754592C
:109C400050453A25730D0A0046575F5645523A254E
:109C5000640D0A00494D45493A25730D0A0000007C
:109C600049434349443A25730D0A0000494D53497D
:109C70003A25730D0A00000044A602000A00000005
:109C800050A6020005000000B8800200020000009B
:109C90000EED00004D5549443A25730D0A000000B1
:109CA0001CA602000F0000002CA602000400000009
:109CB000B88002000200000054F7000050534D002D
:109CC00050524F00434C4F53450000005354440042
:109CD000BCA5020016000000849A020002000000E9
:109CE000B8800200020000006CFE000004A6020022
:109CF00016000000849A020002000000B8800200F2
:109D00000200000060FE0000ECA50200150000004B
:109D1000849A020002000000B880020002000000E5
:109D200038EB000060A302000C00000070A30200EA
:109D30000500000078A302000400000050EB0000C2
:109D400080A2020017000000849A020002000000B6
:109D5000B880020002000000F0FE0000D0A4020063
:109D60000E000000E0A4020006000000B88002001F
:109D70000200000014F10000C0A402000E00000068
:109D8000849A020002000000B88002000200000075
:109D90009CFE0000E8A402000E000000849A02006D
:109DA00002000000B88002000200000090FE0000E7
:109DB00098A202001F000000849A02000200000026
:109DC000B880020002000000E4FE0000ECA00200E7
:109DD0000C000000FCA002000C000000B880020093
:109DE00002000000D2F9000094A402001500000057
:109DF000849A020002000000B88002000200000005
:109E0000B4FE0000D8A002000D000000E8A002008F
:109E100001000000B8800200020000001EFA0000ED
:109E20003A20300022454E44222C30004169724DC8
:109E3000324D000030A7020032000000849A020078
:109E400002000000B880020002000000A8FE00002E
:109E50003A202D31303033003A202D00C8A20200C4
:109E600012000000DCA2020005000000849A02003B
:109E70000200000028FB0000E4A202001500000020
:109E8000849A020002000000B88002000200000074
:109E9000D8FE0000FCA2020014000000849A020018
:109EA00002000000B880020002000000CCFE0000AA
:109EB000776966695F636F756E74203D25640D0A6E
:109EC000000000003A202200222C22006D61632055
:109ED00025643A253032583A253032583A25303206
:109EE000583A253032583A253032583A25303258CF
:109EF0002C256420000000006C656E3A256409730F
:109F0000736964202573200D0A000000C4A60200B6
:109F100010000000849A020002000000B8800200D5
:109F20000200000048FE0000D8A602001600000053
:109F3000849A020002000000B880020002000000C3
:109F40003CFE0000F0A602000B000000FCA6020090
:109F500006000000B880020002000000C6ED00000C
:109F60003A20310072695F72656164203D2025648A
:109F70000D0A000078D70200040000005895020086
:109F800000000000B88002000200000014F700008A
:109F90004154000004A702000F000000849A020050
:109FA00002000000B88002000200000030FE000045
:109FB0004C454E204552520D0A000000B0A602004A
:109FC0000F000000C0A6020002000000B8800200DE
:109FD00002000000A2FA000014A702000F00000017
:109FE000849A020002000000B88002000200000013
:109FF00030FE000041542B48545450504152413DD2
:10A000002255524C222C22687474703A2F2F646FA0
:10A01000776E6C6F61642E6F70656E6C7561742EF7
:10A02000636F6D2F393530312D78696E676C692F0C
:10A03000485858545F4750535F4244535F41474E1E
:10A0400053535F444154412E646174220D0A000051
:10A0500041542B48545450504152413D2255524C8A
:10A06000222C22687474703A2F2F63646E2E6368FA
:10A070006F6E677975657975652E636E2F6570688B
:10A08000656D657269732F48445F4750535F424462
:10A09000532E686462220D0A0000000041542B45D3
:10A0A0004353434C4B45583D312C312C310D0A0064
:10A0B00041542B434E45544C494748543D300D0ABA
:10A0C0000000000041542B4346554E3F0D0A00004E
:10A0D0004346554E0000000041542B555047524115
:10A0E00044453F0D0A0000002B00000041542B5551
:10A0F0005047524144450D0A000000002B5550477F
:10A1000052414445494E443A0000000041542B4618
:10A110005344454C3D2F555345522F485454502FCE
:10A12000616770730D0A00004F00000041542B4618
:10A1300053524541443D2F555345522F4854545096
:10A140002F616770732C312C3235362C300D0A009C
:10A150004653524541443A20000000000D0A4F4B3F
:10A160000D0A000041542B46535245414448454195
:10A17000443D310D0A00000041542B4653464C53D8
:10A18000495A453D2F555345522F485454502F613D
:10A190006770730D0A0000002B4653464C53495A12
:10A1A000453A000041542B46534C533D2F555345DF
:10A1B000522F485454502F0D0A00000041542B4890
:10A1C000545450474554544F46533D302C226167F8
:10A1D0007073220D0A0000004854545047455454EF
:10A1E0004F46533A0000000041542B4854545054F9
:10A1F00045524D0D0A00000041542B485454505212
:10A200004541440D0A0000002B485454505245412A
:10A21000443A000041542B48545450484541440DA1
:10A220000A000000656E6774683A000041542B48CC
:10A23000545450414354494F4E3D300D0A000000E4
:10A240002B48000041542B48545450414354494F2B
:10A250004E3D320D0A00000041542B4854545050DA
:10A260004152413D22434944222C310D0A00000055
:10A2700041542B48545450494E49540D0A00000093
:10A2800041542B53415042523D332C312C224150EA
:10A290004E222C22220D0A0041542B53415042528F
:10A2A0003D332C312C22434F4E54595045222C2201
:10A2B00047505253220D0A0041542B4350494E3F00
:10A2C0000D0A00002B43000041542B5749464953C7
:10A2D00043414E3D312C31300D0A0000434F554E65
:10A2E0005400000041542B574946495343414E43C3
:10A2F0004F4E463D312C313B0D0A000041542B5747
:10A300004946495343414E434F554E543D313B0D11
:10A310000A00000041542B4346554E3D312C310D6F
:10A320000A00000041542B4346554E3D310D0A00B2
:10A330002B4E49545A00000041542B4346554E3D84
:10A34000340D0A0041542B4346554E3D342C300DFC
:10A350000A00000041542B4346554E3D300D0A0083
:10A3600041542B43504F57443D310D0A000000002B
:10A37000504F574552000000444F574E0000000018
:10A3800041542B434950534855540D0A00000000D6
:10A3900041542B434950434C4F53450D0A00000094
:10A3A0004E554C4C000000003E00000041542B4331
:10A3B000495053454E443D31300D313233343536FA
:10A3C000373839300D0A000041542B43495053545B
:10A3D0004152543D22554450222C226273322E6F3A
:10A3E00070656E6C7561742E636F6D222C31323422
:10A3F00031310D0A0000000041542B4349505354A1
:10A400004152543D22544350222C2263686F6E67A0
:10A410007975657975652E636E222C353030300D77
:10A420000A00000041542B434345443D302C380D75
:10A430000A0000004353513A0000000041542B43EE
:10A440004345443D302C310D0A00000063656C6CBF
:10A450003A00000041542B574946494C4F433D3187
:10A460002C312C310D0A00004C4F430041542B4736
:10A47000534D4C4F4346473D2262732E6F70656EBD
:10A480006C7561742E636F6D222C31323431310D55
:10A490000A00000041542B555047524144453D228B
:10A4A0004155544F222C300D0A00000041542B43DB
:10A4B000495047534D4C4F433D312C310D0A00005C
:10A4C00041542B53415042523D302C310D0A000073
:10A4D00041542B53415042523D322C310D0A000061
:10A4E0002B5341504252000041542B534150425291
:10A4F0003D312C310D0A000041542B434950504945
:10A500004E473D2263686F6E677975657975652E74
:10A51000636E222C31302C36342C312C36340D0A1B
:10A520000000000041542B434950535441545553AB
:10A530000D0A000053544154453A000041542B4346
:10A54000494653520D0A000041542B434949435296
:10A550000D0A000041542B435354540D0A000000CF
:10A5600041542B43474154543F0D0A004347415443
:10A57000543A000041542B4349505153454E443DF9
:10A58000320D0A0041542B4349504D55583D300D72
:10A590000A00000041542B43455245473F0D0A0035
:10A5A0002B43455245473A0041542B4353510D0A22
:10A5B000000000002B4353513A00000041542B503F
:10A5C0004F5745524D4F44453D22434C4F53452232
:10A5D0000D0A000041542B434950544B413D312C4E
:10A5E0003330302C33302C390D0A000041542B50BD
:10A5F0004F5745524D4F44453D2250534D2B220D50
:10A600000A00000041542B504F5745524D4F4445CE
:10A610003D2250524F222C300D0A000041542B5045
:10A620004F5745524D4F44453F0D0A004D4F44454D
:10A630000000000041542B434950484541443D31FE
:10A640000D0A000041542B4D5549443F0D0A0000AE
:10A650004D5549443A00000041542A490D0A000072
:10A660004D616E75666163747572657200000000FD
:10A6700041542B52455345540D0A000041542B4977
:10A6800050523D393630303B26570D0A000000004D
:10A6900041542B4950523F0D0A0000002B495052A3
:10A6A0003A000000322C00004F4B0D0A0000000061
:10A6B00041542B43495052584745543D340D0A00EC
:10A6C000342C000041542B434647524953415645D0
:10A6D0003D310D0A0000000041542B4346475249CA
:10A6E0003D312C3230302C3135302C330D0A000006
:10A6F00041542B43464752493F0D0A0043464752B7
:10A70000493A000041542B4349504154533D312CA8
:10A71000320D0A0041542B43495052584745543D8D
:10A72000350D0A00415445303B26570D0A00000004
:10A7300041542B555047524144453D4B45592C41BE
:10A740004D7578746C42727174304441525A614E46
:10A750003539433438773069393839586736550DCB
:10A760000A0000007258FEFF9658FEFFF058FEFFE8
:10A770002259FEFF9A59FEFFBC59FEFFEC59FEFF1D
:10A78000005AFEFF5E5AFEFFD25AFEFF0A5BFEFF32
:10A79000285BFEFF6A5BFEFFC85BFEFFC85BFEFF37
:10A7A000945BFEFF434154315F4C4F435F53454C34
:10A7B000465F4354525F435245470D0A0000000074
:10A7C000434154315F4C4F435F53454C465F4354C4
:10A7D000525F574946495343414E434F554E545F8C
:10A7E000454E0D0A00000000434154315F4C4F4379
:10A7F0005F53454C465F4354525F57494649534364
:10A80000414E434F4E460D0A000000004341543173
:10A810005F4C4F435F53454C465F4354525F57492B
:10A8200046495343414E2E2E2E0D0A0043415431CA
:10A830005F574F524B464C4F575F5749464953431A
:10A84000414E5F4E4F5F535349440D0A00000000D4
:10A85000434154315F4C4F435F53454C465F435433
:10A86000525F534552564943455F494E464F0D0A84
:10A8700000000000434154315F4C4F435F53454C4F
:10A88000465F4354525F534552564943455F5253C6
:10A8900053490D0A00000000434154315F4C4F43BF
:10A8A0005F53454C465F4354525F464C4F575F459C
:10A8B0004E440D0A000000002530327800000000F0
:10A8C0003030003032003034003037003038003162
:10A8D00033000000303300303500313100313200B8
:10A8E0003031003036003039003130001860FEFF62
:10A8F0001860FEFF3860FEFF9060FEFFB860FEFF4C
:10A900001A61FEFF2061FEFF4661FEFF7A61FEFFD5
:10A91000D461FEFFEE61FEFF7A66FEFFEE61FEFF90
:10A920001C62FEFF3662FEFF5C62FEFF7062FEFF8D
:10A930009462FEFFA462FEFFD462FEFF0063FEFF8E
:10A940002463FEFF2A63FEFF5863FEFF9063FEFF51
:10A95000B663FEFFFC63FEFF2064FEFF4864FEFF5B
:10A96000A064FEFFE064FEFF2E64FEFFFE64FEFFB7
:10A970002E65FEFF6865FEFFE065FEFFFE65FEFFDB
:10A980008266FEFFB666FEFFCA66FEFF8A67FEFFAE
:10A99000AE67FEFFEE67FEFF0468FEFF4268FEFF43
:10A9A0007A66FEFF4268FEFF9868FEFFA068FEFF21
:10A9B000C668FEFFDC68FEFF7A66FEFFDC68FEFF0D
:10A9C0003269FEFF5869FEFF7C69FEFF8469FEFF65
:10A9D000B669FEFFEE69FEFF1E6AFEFF046BFEFF16
:10A9E0002A6BFEFFA66BFEFF4C6CFEFFBA6CFEFFEF
:10A9F000D26CFEFFFC6CFEFF106DFEFF4C6DFEFF87
:10AA0000626DFEFFBA6DFEFFEA6DFEFF806DFEFF18
:10AA1000636174315F34675F73656E645F6D736724
:10AA20003A64617461206F76657220666C6F77217D
:10AA3000200D0A000D0A74637073656E64206C65E6
:10AA40006E3A25640D0A000041542B43495053458A
:10AA50004E443D00434154315F34475F434F4E5FA6
:10AA60005345525F5552435F44495341424C450D53
:10AA70000A000000434154315F34475F434F4E5F4B
:10AA80005345525F434845434B5F4346554E0D0A7D
:10AA900000000000434154315F34475F434F4E5F35
:10AAA0005345525F5345545F4346554E5F310D0A3F
:10AAB00000000000434154315F34475F434F4E5F15
:10AAC0005345525F434845434B5F504F5745524DA6
:10AAD0004F44450D0A000000434154315F34475F45
:10AAE000434F4E5F5345525F4346475F504F574574
:10AAF000524D4F44455F50524F0D0A00434154316F
:10AB00005F34475F434F4E5F5345525F4346475F55
:10AB1000504F5745524D4F44455F50534D0D0A001D
:10AB2000434154315F34475F434F4E5F5345525F5B
:10AB3000434845434B5F43464752490D0A000000D6
:10AB4000434154315F34475F434F4E5F5345525F3B
:10AB5000434845434B5F5345545F43464752490D75
:10AB60000A000000434154315F34475F434F4E5F5A
:10AB70005345525F534156455F43464752490D0A7C
:10AB800000000000434154315F34475F434F4E5F44
:10AB90005345525F435245470D0A0000434154312B
:10ABA0005F34475F434F4E5F5345525F43495051B7
:10ABB00053454E440D0A0000434154315F34475F12
:10ABC000434F4E5F5345525F434950535441545590
:10ABD000530D0A00434154315F34475F434F4E5F8A
:10ABE0005345525F434F4E4E4543545F5345525673
:10ABF00045520D0A0000000074696D656F75740D93
:10AC00000A000000434154315F34475F434F4E5FB9
:10AC10005345525F5045525F5348555449500D0AB1
:10AC20000000000074696D656F75742F7273705F3A
:10AC30006572720D0A000000434154315F34475F72
:10AC4000434F4E5F5345525F4346554E5F300D0AAA
:10AC50000000000064656C6179203330730D0A00D8
:10AC6000434154315F34475F434F4E5F5345525F1A
:10AC70004346554E5F310D0A0000000043415431F8
:10AC80005F34475F434F4E5F5345525F43484543F0
:10AC90004B5F43474154540D0A0000004341543177
:10ACA0005F34475F434F4E5F5345525F43535454A5
:10ACB0000D0A0000434154315F34475F434F4E5FFC
:10ACC0005345525F43494943520D0A0043415431B1
:10ACD0005F34475F434F4E5F5345525F52455F437A
:10ACE00049505354415455530D0A000043415431C7
:10ACF0005F34475F434F4E5F5345525F5245434C6D
:10AD00004F53455F5443500D0A00000043415431F6
:10AD10005F34475F434F4E5F5345525F5245434F49
:10AD20004E4E4543545F5345525645520D0A00005E
:10AD3000434154315F34475F434F4E5F5345525F49
:10AD40004349504154535F320D0A0000434154318E
:10AD50005F34475F434F4E5F5345525F52585F53D6
:10AD6000544F52455F454E41424C450D0A0000008C
:10AD7000434154315F34475F434F4E5F5345525F09
:10AD80004353510D0A000000637371203C25642079
:10AD90006F72206572720D0A000000004341543149
:10ADA0005F34475F434F4E5F5345525F4C4F435FA5
:10ADB00049500D0A00000000434154315F34475FA1
:10ADC000434F4E5F5345525F4D41494E5F43454CA3
:10ADD0004C5F494E464F0D0A000000004745542085
:10ADE0004D41494E5F43454C4C5F494E464F2045CF
:10ADF00052520D0A00000000434154315F34475F56
:10AE0000434F4E5F5345525F53454E445F4D53474A
:10AE10000D0A000073656E645F7265747279207745
:10AE20006169742E2E2E0D0A00000000434154313A
:10AE30005F34475F434F4E5F5345525F434845433E
:10AE40004B5F5245435F4C454E0D0A007761697474
:10AE5000207273702074696D656F75740D0A00003F
:10AE600041542B43495052584745543D322C256498
:10AE70000D0A0000434154315F34475F434F4E5F3A
:10AE80005345525F5245435F4D53470D0A00000042
:10AE9000434154315F34475F434F4E5F5345525FE8
:10AEA0004349505354415455535F4245464F5245D0
:10AEB0005F434C4F53450D0A00000000434154319D
:10AEC0005F34475F434F4E5F5345525F434C4F5390
:10AED000455F5443500D0A00434154315F34475F8E
:10AEE000434F4E5F5345525F5348555449500D0AE6
:10AEF00000000000434154315F34475F434F4E5FD1
:10AF00005345525F4552525F504F5745524F464648
:10AF10000D0A0000434154315F34475F434F4E5F99
:10AF20005345525F454E440D0A000000AA69FEFFDA
:10AF3000266AFEFFB66AFEFFFE6AFEFF506BFEFF4A
:10AF4000746BFEFFC26BFEFF5C6CFEFFB06CFEFF1D
:10AF5000006DFEFF41542B465344454C3D22257362
:10AF6000220D0A0041542B4653464C53495A453D45
:10AF700025730D0A0000000041542B4653524541F1
:10AF8000443D25732C312C25642C25640D0A0000CA
:10AF9000434154315F34475F46534C530D0A000020
:10AFA000434154315F574F524B464C4F575F5355B7
:10AFB00043434553530D0A00434154315F574F52A9
:10AFC0004B464C4F575F4641494C0D0A000000006C
:10AFD000434154315F34475F4653464C53495A45C9
:10AFE0000D0A0000434154315F34475F46535245D8
:10AFF0004144484541445F310D0A0000434154310A
:10B000005F34475F4653524541440D0A000000003B
:10B01000434154315F34475F465344454C0D0A0069
:10B020002A2A2A66696C652064656C2073756363DF
:10B030006573732A2A2A0D0A000000002A2A2A664C
:10B04000696C652064656C206661696C2A2A2A0D2A
:10B050000A000000706DFEFF966DFEFF0E6EFEFF93
:10B06000506EFEFF826EFEFFB86EFEFFE86EFEFFC2
:10B07000FC6EFEFF1E6FFEFF326FFEFF586FFEFF7D
:10B080008A6FFEFFB06FFEFFE26FFEFF0870FEFFEB
:10B090001C70FEFF4270FEFF5670FEFF7C70FEFFCC
:10B0A000D270FEFF5C71FEFFA471FEFFCA71FEFF4D
:10B0B000EC71FEFF0E72FEFF2872FEFF41542B481A
:10B0C00054545050415241002255524C222C226877
:10B0D0007474703A00000000434154315F34475F9C
:10B0E000485454505F534156455F46535F57414B58
:10B0F000455F55500D0A0000434154315F34475FAE
:10B10000485454505F534156455F46535F4350493E
:10B110004E0D0A00434154315F34475F4854545048
:10B120005F534156455F46535F434845434B5F433A
:10B13000474154540D0A0000434154315F34475F86
:10B14000485454505F534156455F46535F534554EE
:10B150005F475052530D0A00434154315F34475FFB
:10B16000485454505F534156455F46535F534554CE
:10B170005F41504E0D0A0000434154315F34475F38
:10B18000485454505F534156455F46535F534150B6
:10B1900042525F454E0D0A00434154315F34475FD0
:10B1A000485454505F534156455F46535F53415096
:10B1B00042525F434845434B0D0A0000434154311E
:10B1C0005F34475F485454505F534156455F465380
:10B1D0005F48545450494E49540D0A00434154317C
:10B1E0005F34475F485454505F534156455F465360
:10B1F0005F48545450504152415F4349440D0A0046
:10B20000434154315F34475F485454505F53415673
:10B21000455F46535F5345545F4854545050415224
:10B22000415F55524C0D0A00434154315F34475F32
:10B23000485454505F534156455F46535F485454F9
:10B2400050474554544F46530D0A000061677073D0
:10B2500000000000616F7461000000004341543140
:10B260005F34475F485454505F534156455F4653DF
:10B270005F485454505445524D0D0A0043415431D7
:10B280005F34475F485454505F534156455F4653BF
:10B290005F53415042525F4449530D0A0000000081
:10B2A000E472FEFF0875FEFF8073FEFF0A74FEFF66
:10B2B000DA74FEFFB47FFEFFB47FFEFF4E78FEFF20
:10B2C0008678FEFFB47FFEFFB47FFEFF227AFEFF8A
:10B2D0004E7AFEFFA07AFEFFC27AFEFFB47FFEFF29
:10B2E000B47FFEFF2E79FEFF5279FEFFB879FEFF94
:10B2F000DA79FEFF767EFEFFCE7EFEFF067FFEFF42
:10B300005E7FFEFFD27AFEFF307BFEFFD47BFEFF26
:10B31000F67BFEFF1A7CFEFF727CFEFFB47CFEFF14
:10B32000DA7CFEFF1C7DFEFF767DFEFFB47FFEFF14
:10B33000B47FFEFF007EFEFF247EFEFF727FFEFFD5
:10B34000434154315F34475F4750494F5F494E494D
:10B35000540D0A00434154315F34475F494E49540C
:10B360005F434F4D0D0A0000434154315F34475F46
:10B37000434845434B5F424155445F393630300DB9
:10B380000A000000737562313A256400434154316C
:10B390005F34475F504F5745525F55500D0A0000CC
:10B3A0006368616E6765206261756420746F203127
:10B3B00031353230300D0A006368616E6765206296
:10B3C00061756420746F20393630300D0A0000003A
:10B3D000434154315F34475F434845434B5F4241EB
:10B3E00055445F393630305F48575F5245424F4FC2
:10B3F000540D0A00434154315F34475F434845438D
:10B400004B5F424155445F46495845445F393630A9
:10B41000300D0A00434154315F34475F4348414E89
:10B4200047455F424155445F544F5F393630300DD8
:10B430000A000000636F6D2062617564207365749B
:10B4400020393630302066697865640D0A000000C6
:10B45000434154315F34475F434845434B5F454365
:10B46000484F0D0A000000007379735F7265626FC8
:10B470006F745F637472203D2025640D0A00000024
:10B480006E65745F636F6E6E6563745F6661696C31
:10B4900065645F636F756E74203D2025640D0A003E
:10B4A000434154315F34475F4543484F5F444953FC
:10B4B00041424C450D0A0000434154315F34475F1F
:10B4C000494E49545F4350494E0D0A002A434154A6
:10B4D000315F34475F53494D5F4552522A0D0A0090
:10B4E000434154315F34475F434C4F53455F4E45B2
:10B4F000544C45440D0A0000434154315F34475FCA
:10B50000494E49545F555047524144455F4B455958
:10B510000D0A0000434154315F34475F494E49549E
:10B520005F555047524144455F4155544F5F444930
:10B53000530D0A00434154315F34475F4745545F20
:10B540004D4F444C455F494E464F0D0A00000000E8
:10B55000434154315F34475F4745545F4D5549443B
:10B560000D0A0000434154315F34475F494E49544E
:10B570005F4346554E300D0A0000000043415431F0
:10B580005F34475F494E49545F4346554E310D0A7B
:10B5900000000000467DFEFF467DFEFFCE7DFEFFE3
:10B5A0004A7EFEFFA47EFEFFC07EFEFF187FFEFFE8
:10B5B000487FFEFF434154315F34475F4F54415F42
:10B5C000555047524144450D0A0000004341543153
:10B5D0005F34475F5253505F4C54455F4F54415F57
:10B5E0004552520D0A000000434154315F34475F19
:10B5F0005253505F4C54455F4F54415F46575F452F
:10B600005155414C0D0A0000434154315F34475FAE
:10B610004F54415F434845434B5F55504752414467
:10B62000450D0A00434154315F34475F4F54415F39
:10B630004745545F4D4F444C455F494E464F0D0AB8
:10B6400000000000567FFEFFCC7FFEFF3080FEFF33
:10B650003080FEFF3680FEFF5A80FEFF3080FEFF06
:10B660003080FEFF8680FEFF434154315F34475FE8
:10B670005345545F4C505F4D4F44450D0A00000048
:10B68000636174315F70736D5F73746172745F6F47
:10B690006B0D0A00636174315F70736D5F73746169
:10B6A00072745F6572720D0A0000000043415431EC
:10B6B0005F34475F455849545F4C505F4D4F444598
:10B6C0000D0A0000636174315F70736D5F636C6FAE
:10B6D00073655F6F6B0D0A00636174315F70736D2A
:10B6E0005F636C6F73655F6572720D0A0000000026
:10B6F0006081FEFF6081FEFF8281FEFFDA81FEFF36
:10B700000282FEFFF481FEFF6482FEFF9482FEFF50
:10B710009A82FEFFCA83FEFF0E83FEFF3E83FEFF7A
:10B72000D083FEFFFE83FEFF2084FEFF7884FEFFB1
:10B73000B884FEFF5E83FEFF7087FEFF9687FEFFE4
:10B74000DA87FEFFF087FEFF0E88FEFF6888FEFFA7
:10B750009286FEFFA686FEFF1A85FEFF4C85FEFF41
:10B760008685FEFFAA85FEFFC885FEFF4C86FEFF8C
:10B77000AC88FEFF4486FEFFAC88FEFF0289FEFF18
:10B780000889FEFF2E89FEFF4489FEFF9A89FEFF8D
:10B79000C089FEFFE489FEFFEC89FEFF1E8AFEFFE2
:10B7A000568AFEFF868AFEFF828BFEFFA88BFEFF75
:10B7B0003A8CFEFFE08CFEFF5E8DFEFF728DFEFF79
:10B7C000AE8DFEFFC48DFEFFF28DFEFF228EFEFFCA
:10B7D000D48DFEFF434154315F34475F53454E449F
:10B7E0005F444154415F5552435F44495341424C89
:10B7F000450D0A00434154315F34475F53454E4481
:10B800005F444154415F434845434B5F4346554E77
:10B810000D0A0000434154315F34475F53454E44A5
:10B820005F444154415F5345545F4346554E5F3139
:10B830000D0A0000434154315F34475F53454E4485
:10B840005F444154415F435245470D0A00000000E8
:10B85000434154315F34475F53454E445F44415444
:10B86000415F4349505153454E440D0A00000000CA
:10B87000434154315F34475F53454E445F44415424
:10B88000415F5052455F4349505354415455530D05
:10B890000A000000434154315F34475F53454E4432
:10B8A0005F444154415F5045525F5348555449509D
:10B8B0000D0A0000434154315F34475F53454E4405
:10B8C0005F444154415F4346554E5F300D0A0000CE
:10B8D000434154315F34475F53454E445F444154C4
:10B8E000415F4346554E5F310D0A000043415431DC
:10B8F0005F34475F53454E445F444154415F434882
:10B9000045434B5F43474154540D0A004341543172
:10B910005F34475F53454E445F444154415F435356
:10B9200054540D0A00000000434154315F34475F16
:10B9300053454E445F444154415F43494943520D8E
:10B940000A000000434154315F34475F53454E4481
:10B950005F444154415F4349505354415455530D42
:10B960000A000000434154315F34475F53454E4461
:10B970005F444154415F505245434C4F53455F54DF
:10B9800043500D0A00000000434154315F34475FCB
:10B9900053454E445F444154415F505245534855CE
:10B9A0005449505F5443500D0A0000004341543144
:10B9B0005F34475F53454E445F444154415F434FBA
:10B9C0004E4E4543545F5345525645520D0A0000B2
:10B9D000434154315F34475F53454E445F444154C3
:10B9E000415F4349504154535F320D0A000000004B
:10B9F000434154315F34475F53454E445F444154A3
:10BA0000415F52585F53544F52455F454E41424C3F
:10BA1000450D0A00434154315F34475F53454E445E
:10BA20005F444154415F4353510D0A004341543137
:10BA30005F34475F53454E445F444154415F4C4F30
:10BA4000435F49500D0A0000434154315F34475F62
:10BA500053454E445F444154415F4D41494E5F431D
:10BA6000454C4C5F494E464F0D0A0000434154314E
:10BA70005F34475F53454E445F444154415F5345F3
:10BA80004E445F4D53470D0A0000000043415431BE
:10BA90005F34475F53454E445F444154415F4348E0
:10BAA00045434B5F5245435F4C454E0D0A00000035
:10BAB000434154315F34475F5245435F4D53470D17
:10BAC0000A000000434154315F34475F53454E4400
:10BAD0005F444154415F434C4F53455F5443500DC5
:10BAE0000A000000434154315F34475F53454E44E0
:10BAF0005F444154415F5348555449500D0A00007A
:10BB0000434154315F34475F53454E445F44415491
:10BB1000415F4552525F4346554E0D0A00000000FA
:10BB2000434154315F34475F53454E445F44415471
:10BB3000415F43414C4C4241434B0D0A0000000021
:10BB40006170705F7572635F696E69740D0A0000E1
:10BB5000AA8AFEFFAA8AFEFF208BFEFF208BFEFF33
:10BB60004E8BFEFFA88BFEFF768CFEFFD48CFEFF73
:10BB7000028DFEFF588DFEFFB08DFEFFDE8DFEFFB5
:10BB8000434154315F34475F5552435F4352454709
:10BB90000D0A0000434154315F34475F5552435F03
:10BBA000434845434B5F5245435F4C454E0D0A00A9
:10BBB0007463705F72785F6C656E3A25640D0A007D
:10BBC000434154315F34475F5552435F5245435FB1
:10BBD0004D53470D0A000000434154315F34475F25
:10BBE0005552435F4349505354415455530D0A0035
:10BBF000434154315F34475F5552435F434F4E4E8C
:10BC00004543545F5345525645520D0A000000000B
:10BC1000434154315F34475F5552435F454E440DB5
:10BC20000A000000616770735F74696D65202564A8
:10BC30002D25642D25642025643A25643A25640D5C
:10BC40000A000000616770735F6C656E2025750DDA
:10BC50000A000000616770735F73796E635F7274CE
:10BC6000635F77726974652066616C73650D0A00A5
:10BC700065655F696E69745F6572726F725F636E2E
:10BC8000745F77726974652066616C73650D0A0074
:10BC90006465766963655F69645F7772697465205E
:10BCA00066616C73650D0A0068775F76616C756517
:10BCB0005F77726974652066616C73650D0A0000B8
:10BCC00065655F696E69745F626C655F6572725FFE
:10BCD000636E745F77726974652066616C73650D5D
:10BCE0000A00000065655F696E69745F676E737353
:10BCF0005F6572725F636E745F77726974652066E8
:10BD0000616C73650D0A000065655F696E69745F3B
:10BD1000776966695F6572725F636E745F77726977
:10BD200074652066616C73650D0A000065655F725D
:10BD30006573746F72655F6B65795F766172696157
:10BD4000626C657320535543434553530000000014
:10BD5000776966697363616E5F6366673A7265737C
:10BD600065740D0A0000000065655F726573746F8D
:10BD7000726520776966697363616E5F6366672EBB
:10BD800076616C69643A25640D0A000065655F722E
:10BD90006573746F72655F6B65795F7661726961F7
:10BDA000626C6573204552520000000065655F7348
:10BDB0006176655F646174615F616E645F72656224
:10BDC0006F6F740D0A00000065655F736176655FD3
:10BDD0006B65795F7661726961626C65732053553A
:10BDE000434345535300000065655F736176655FAB
:10BDF0006B65795F7661726961626C65732045522B
:10BE000052000000736F66745F7265626F6F745FDB
:10BE1000666C61675F77726974652066616C7365D3
:10BE20000D0A0000737465705F636F756E745F77E1
:10BE3000726974652066616C73650D0A000000000C
:10BE40007463705F6B6565705F666C61675F777266
:10BE50006974652066616C73650D0A000D09696D72
:10BE6000655F636865636B3A25642D253032642D08
:10BE70002530326409000000A4C402001400000050
:10BE800014C3020003000000B8800200020000009A
:10BE90007E6A01008CC402001400000014C302007A
:10BEA00003000000B8800200020000008A6A01005E
:10BEB00074C402001400000014C302000300000058
:10BEC000B880020002000000966A0100FCC3020074
:10BED0001400000014C3020003000000B880020038
:10BEE00002000000D26A01005CC4020014000000DD
:10BEF00014C3020003000000B8800200020000002A
:10BF0000A26A010044C402001400000014C302002D
:10BF100003000000B880020002000000AE6A0100C9
:10BF2000E8C302001100000014C302000300000077
:10BF3000B880020002000000DE6A01002CC402008A
:10BF40001400000014C3020003000000B8800200C7
:10BF500002000000BA6A010014C4020014000000CC
:10BF600014C3020003000000B880020002000000B9
:10BF7000C66A0100BCC402000E000000CCC402006E
:10BF800008000000B880020002000000446A0100BE
:10BF900044C302001100000014C3020003000000AB
:10BFA000B8800200020000004A6B0100D8C3020002
:10BFB0000F00000014C3020003000000B88002005C
:10BFC00002000000EA6A0100C8C302000F0000007E
:10BFD00014C3020003000000B88002000200000049
:10BFE000F66A0100B8C302000F00000014C302008B
:10BFF00003000000B880020002000000026B010094
:10C0000068C302000F00000014C302000300000018
:10C01000B8800200020000003E6B0100A8C30200CD
:10C020000F00000014C3020003000000B8800200EB
:10C03000020000000E6B010098C302000F00000018
:10C0400014C3020003000000B880020002000000D8
:10C050001A6B010038C302000A00000014C302007A
:10C0600003000000B880020002000000566B0100CF
:10C0700088C302000F00000014C302000300000088
:10C08000B880020002000000266B010078C30200A5
:10C090000F00000014C3020003000000B88002007B
:10C0A00002000000326B010028C302000D000000F6
:10C0B00014C3020003000000B88002000200000068
:10C0C000666A010058C302000E00000014C302009B
:10C0D00003000000B8800200020000004A6B01006B
:10C0E000FCC0020010000000A4DD020003000000FC
:10C0F0009CDD020003000000726A0100F1D9060015
:10C1000008000000000000C20100D1E028C10200C8
:10C1100010000000B4DD020005000000ACDD0200EC
:10C1200005000000726A0100F1D906000800000055
:10C13000000080250000B30754C102000900000080
:10C14000C0DD020003000000BCDD020002000000B0
:10C15000726A0100F1D90640010001482200000086
:10C160007CC102000B000000CCDD020005000000D5
:10C17000C4DD020005000000726A0100F1D9060169
:10C180000300F00100FB1100A4C102000B0000003D
:10C19000DCDD020005000000D4DD02000500000027
:10C1A000726A0100F1D906010300F020001A4F0065
:10C1B000CCC102000B000000ECDD02000500000015
:10C1C000E4DD020005000000726A0100F1D90601F9
:10C1D0000300F00200FC1300F4C102000B00000099
:10C1E000FCDD020005000000F4DD02000500000097
:10C1F000726A0100F1D906010300F00800021F0075
:10C200001CC202000B0000000CDE02000500000052
:10C2100004DE020005000000726A0100F1D9060187
:10C220000300F00401FF180014DE02000800000003
:10C2300020DE0200020000001CDE020001000000FF
:10C24000486A010060C202000B0000002CDE020000
:10C250000500000024DE020005000000726A0100F3
:10C26000F1D906010300F00500FF190088C20200A1
:10C27000100000003CDE02000500000034DE020079
:10C2800005000000726A0100F1D9060908000000EB
:10C2900000002F00000046B7B4C202000B000000EF
:10C2A0004CDE02000500000044DE02000500000034
:10C2B000726A0100F1D906010300F00600001B00BC
:10C2C000DCC202000B0000005CDE02000500000082
:10C2D00054DE020005000000726A0100F1D9060177
:10C2E0000300F00700011D00D8C402000F00000089
:10C2F000E8C4020003000000B88002000200000051
:10C300002C6A0100244346475359532C4831300DC1
:10C310000A000000244F4B00244346475359532C36
:10C320004830310D0A000000244346475359532C2E
:10C330004831310D0A000000244346475341564519
:10C340000D0A00002452455345542C302C683031DE
:10C350002A30430D0A0000002452455345542C3026
:10C360002C6866660D0A0000244346474D53472C4F
:10C37000302C372C300D0A00244346474D53472CB0
:10C38000302C362C300D0A00244346474D53472CA1
:10C39000302C352C300D0A00244346474D53472C92
:10C3A000302C342C300D0A00244346474D53472C83
:10C3B000302C332C310D0A00244346474D53472C73
:10C3C000302C322C300D0A00244346474D53472C65
:10C3D000302C312C300D0A00244346474D53472C56
:10C3E000302C302C310D0A0024434647534156452A
:10C3F0002C6830462A37310D0A0000002443464796
:10C400004D53472C302C372C302C312A31440D0A17
:10C4100000000000244346474D53472C302C362C57
:10C42000302C312A31430D0A0000000024434647D6
:10C430004D53472C302C352C302C312A31460D0AE7
:10C4400000000000244346474D53472C302C342C29
:10C45000302C312A31450D0A0000000024434647A4
:10C460004D53472C302C332C312C312A31380D0AC6
:10C4700000000000244346474D53472C302C322CFB
:10C48000302C312A31380D0A000000002443464781
:10C490004D53472C302C312C302C312A31420D0A8F
:10C4A00000000000244346474D53472C302C302CCD
:10C4B000312C312A31420D0A00000000245044542E
:10C4C000494E464F2C2A36320D0A0000245044545F
:10C4D000494E464F00000000245041495236353045
:10C4E0002C302A32350D0A003635300024504149AF
:10C4F000523036362C312C312C312C312C302C3022
:10C500002A33410D0A0000003036362C302A000054
:10C5100024504149523735322C302C3130302A33B7
:10C52000420D0A003735322C302A00002450414990
:10C53000523030342A33450D0A000000342C302AA2
:10C540000000000024504149523030332A33390D65
:10C550000A000000332C302A00000000245041491A
:10C56000523030322A33380D0A000000322C302A83
:10C570000000000024504149523030312C30363216
:10C580002C0000008CA9FEFF98AAFEFF1EACFEFF47
:10C59000DAB5FEFFDAB5FEFFDAB5FEFFDAB5FEFF6B
:10C5A000DAB5FEFFDAB5FEFFDAB5FEFFDAB5FEFF5B
:10C5B000DAB5FEFFDAB5FEFFDAB5FEFFDAB5FEFF4B
:10C5C000DAB5FEFFDAB5FEFF20ADFEFF98ADFEFF47
:10C5D000DAB5FEFFDAB5FEFFDAB5FEFFDAB5FEFF2B
:10C5E000DAB5FEFFDAB5FEFFDAB5FEFFDAB5FEFF1B
:10C5F000DAB5FEFFDAB5FEFFDAB5FEFFDAB5FEFF0B
:10C60000DAB5FEFFDAB5FEFFDAB5FEFFDAB5FEFFFA
:10C61000DAB5FEFFDAB5FEFFCAADFEFFF6ADFEFFEE
:10C6200034AEFEFF6EAEFEFF8AAEFEFFC4AEFEFF6E
:10C63000D8AEFEFF12AFFEFF26AFFEFF60AFFEFFDB
:10C6400074AFFEFFAEAFFEFFC2AFFEFFFCAFFEFF5A
:10C6500010B0FEFF4AB0FEFF5EB0FEFF98B0FEFFD6
:10C66000ACB0FEFF7AB5FEFFE6B0FEFF0AB1FEFFFA
:10C67000ACB1FEFFD0B1FEFFEEB1FEFF12B2FEFF85
:10C6800022B2FEFF46B2FEFF64B2FEFF88B2FEFF9A
:10C69000A6B2FEFFCAB2FEFFE8B2FEFF0CB3FEFF79
:10C6A0002AB3FEFF4EB3FEFF6CB3FEFF90B3FEFF56
:10C6B000AEB3FEFFD2B3FEFFF0B3FEFF14B4FEFF35
:10C6C00050B4FEFFC0B4FEFF54B5FEFF7AB5FEFFC6
:10C6D000AAB5FEFF4750535F4750494F5F494E4947
:10C6E000540D0A004750535F504F57455255500D57
:10C6F0000A0000004750535F5253540D0A000000D7
:10C700004750535F494E49545F434F4D0D0A000057
:10C710006770735F68775F74797065203D20414969
:10C7200052353130550D0A006770735F68775F745A
:10C73000797065203D20434330323537420D0A0081
:10C740006770735F68775F74797065203D2054412E
:10C7500055313131330D0A004750535F4343303276
:10C760003537425F504454494E464F0D0A00000091
:10C770004750535F4346474D53475F5359530D0A44
:10C78000000000004750535F4346474D53475F4703
:10C7900047410D0A000000004750535F4346474D94
:10C7A00053475F474C4C0D0A000000004750535F51
:10C7B0004346474D53475F4753410D0A0000000071
:10C7C0004750535F4346474D53475F4753560D0A03
:10C7D000000000004750535F4346474D53475F52A8
:10C7E0004D430D0A000000004750535F4346474D3C
:10C7F00053475F5654470D0A000000004750535FEF
:10C800004346474D53475F5A44410D0A000000001C
:10C810004750535F4346474D53475F4753540D0AB4
:10C82000000000004750535F4346474D53475F5356
:10C830004156450D0A0000004750535F48445F438E
:10C840004845434B5F424155445F313135323030CA
:10C850000D0A00004750535F48445F434845434B2F
:10C860005F424155445F393630300D0A0000000008
:10C870004750535F48445F48575F53465F564552A1
:10C880000D0A00004750535F48445F434C4F5345E7
:10C890005F474C4C0D0A00004750535F48445F43CC
:10C8A0004C4F53455F4753410D0A00004750535FBB
:10C8B00048445F4F50454E5F4753560D0A000000F5
:10C8C0004750535F48445F434C4F53455F524D437D
:10C8D0000D0A00004750535F48445F434C4F534597
:10C8E0005F5654470D0A00004750535F48445F436A
:10C8F0004C4F53455F5A44410D0A00004750535F67
:10C9000048445F434C4F53455F4753540D0A000062
:10C910004750535F48445F434C4F53455F474E5425
:10C9200058540D0A000000004750535F48445F43CD
:10C9300048414E47455F424155445F3131353230C1
:10C94000300D0A004750535F48445F534156455FDE
:10C950004346470D0A00000038C2FEFF38C2FEFF02
:10C960000AC7FEFFF4C5FEFFF4C5FEFFD0C2FEFFFE
:10C97000DCC3FEFF98C4FEFF92C5FEFFAEC6FEFFFD
:10C98000AEC6FEFFE6C6FEFFD0C5FEFFD0C5FEFF69
:10C990001EC7FEFFD0C8FEFF18C9FEFFF4C9FEFF88
:10C9A0004750535F455849545F4C505F4D4F444585
:10C9B0000D0A00004750535F4C4F435F5752495494
:10C9C000455F414750535F46494C455F544F5F4D6B
:10C9D0004F444C450D0A00004750535F4C4F435F96
:10C9E000574149545F46495845440D0A000000002C
:10C9F0004747413A4E554C4C0D0A000045525220D3
:10CA000048444F50203E332E3830000045525220CB
:10CA100048444F50203E372E353000002C4E2C001D
:10CA20002C532C002C452C002C572C006669786563
:10CA3000643A256425642E25303664200000000009
:10CA4000256425642E253036642000004E6F535631
:10CA50003A2564200000000048444F503A25642ED7
:10CA6000253032640D0A00006D6178343A20253299
:10CA700064202532642025326420253264206176CA
:10CA80003A202532640D0A000000000084D7974147
:10CA900000000000D01263414750535F4C4F435F8A
:10CAA000434F4C445F53544152540D0A0000000060
:10CAB0002121434F4C445F535441525421210D0ACC
:10CAC000000000002121434F4C445F535441525415
:10CAD0002045525221210D0A00000000777269742E
:10CAE00065206C656E3A25640D0A000061677073FD
:10CAF00020773A25640D0A004750535F4C4F435F3F
:10CB000057524954455F4E4F575F54494D450D0AA2
:10CB1000000000002441494454494D452C25642C13
:10CB200025642C25642C25642C25642C25642C304C
:10CB300030300D0A000000004750535F4C4F435FF8
:10CB400057524954455F4C4153545F4C4F430D0A73
:10CB50000000000024414944504F532C25642E25E9
:10CB6000642C25632C25642E25642C25632C312E02
:10CB7000300D0A00677073207761697420666978E8
:10CB80002074696D656F75740D0A000067707320FD
:10CB9000696E646F6F72210D0A0000006167707327
:10CBA0002066696C65206572726F720D0A00000064
:10CBB000A0C9FEFF58CAFEFF0CCBFEFF68CBFEFFEC
:10CBC00096CBFEFF4750535F5345545F4C505F4D2B
:10CBD0004F44450D0A0000006AD2FEFFAAD3FEFFB3
:10CBE0006AD2FEFFC2D2FEFF58D5FEFF0000C84247
:10CBF0004750535F57524954455F414750535F4632
:10CC0000494C455F544F5F4D4F444C450D0A000061
:10CC1000616770732066696C65207772697465203E
:10CC20006C656E3A25640D0A000000004750535FA2
:10CC30004745545F444F574E4C4F41445F54494D14
:10CC4000450D0A002441494454494D452C25642C86
:10CC500025642C25642C25642C25642C25642C301B
:10CC6000303000002A253032580D0A004750535FFB
:10CC700057524954455F4C4153545F4C4F430D0A42
:10CC80000000000024414944504F532C25642E25B8
:10CC9000642C25632C25642E25642C25632C312ED1
:10CCA0003000000041475053204C454E3A25640D5A
:10CCB0000A00000066696E645F686561645F636EA8
:10CCC00074203E2032300D0A000000004750535FB0
:10CCD00057524954455F454E440D0A00494D555F32
:10CCE000494E49545F444F574E0D0A00494D555F18
:10CCF0005245494E49545F535543434553530D0ADA
:10CD000000000000494D555F5245494E49545F456A
:10CD100052520D0A000000002A2A2A2A2A2A2A2A08
:10CD20002A2A2A2A2A2A2A2A2A2A2A2A2A2A2A2A63
:10CD30002A2A2A2A2A2A2A2A2A2A2A2A2A2A2A2A53
:10CD40002A2A0D0A00000000494D55205245414451
:10CD50003A25642D253032642D25303264090000D7
:10CD60000D0A696D755F737465705F636F756E74BE
:10CD70005F7265636F72645F7274633A25642D2518
:10CD80003032642D2530326409000000696D755F12
:10CD9000737465705F636F756E745F6E6F77203D3F
:10CDA0002025640D0A000000494D5520646174651A
:10CDB0002070617373206F6E65206461790D0A00C5
:10CDC000696D752073746570206572720D0A0000BC
:10CDD000696D755F737465705F636F756E74203D08
:10CDE0002025750D0A000000696D755F6D6F766511
:10CDF0005F74696D65203D2025750D0A00000000F7
:10CE0000696D755F737465705F636F756E745F6E67
:10CE10006F772072656164206572726F720D0A000F
:10CE2000626D69325F6765745F696E745F737461A8
:10CE30007475733A6572726F720D0A00C800D47B04
:10CE40006400DB7A04003F7BCD6CC3048509C30416
:10CE5000ECE60C46010014000C009600A000010056
:10CE60000C00F03C00010100030001001100000073
:10CE70002D01D47B3B01DB7A04003F7BCD6CC304E6
:10CE80008509C304ECE60C4601000C00080096007E
:10CE9000A00001000C00F03C0001010003000100B3
:10CEA0000E0000002D01D47B3B01DB7A04003F7BA8
:10CEB000CD6CC3048509C304ECE60C4601002700D1
:10CEC00019009600A00001000C00F03C00010100D8
:10CED000030001000E0000004D6F76652074686548
:10CEE00020626F61726420666F7220312073656307
:10CEF0007320696E20616E7920646972656374695C
:10CF00006F6E0D0A00000000494D555F494E4954AF
:10CF10005F444F574E202D204368697020494420BC
:10CF20003A20307825780D0A0000000048617264CC
:10CF30004661756C745F48616E646C65720D0A00C1
:10CF40006572726F725F636F64653A253034580D95
:10CF50000A00000066664640CDCC4C40CDCC5C401B
:10CF60009A996940F6286C4052B86E40AE477140BD
:10CF70000AD77340713D7A400000804033338340CC
:10CF80008FC28540CDCC4C40333353401F856B401E
:10CF9000295C6F4085EB71400AD773406666764026
:10CFA0001F857B40D7A380400AD783403D0A874036
:10CFB0009A9989403333F33F8716F93F00000040C8
:10CFC00033338B406666864000006040000050406E
:10CFD000000000000000603F00000000000008406A
:10CFE000CDCCCCCCCCCCF03F7B14AE47E17A943F97
:10CFF000AE47E17A14AE0740666666666666FE3F37
:10D00000894160E5D022FF3F0000000000000040A1
:10D01000CDCCCCCCCCCC0E40A4703D0AD7A3F03FF5
:10D020009A99999999990D407B14AE47E17AF03F0E
:10D0300052B81E85EB51F03F295C8FC2F528F03FB6
:10D040009A9999999999A93F6666666666661140AC
:10D05000CDCCCCCCCCCC1040766261743D25660D35
:10D060000A0000000000003F0000A04200008C42C7
:10D070000000704200004842000020420000F041E1
:10D080000000A041000020410000C6420000B44260
:10D090000000000000005940000000000000224095
:10D0A0000000000000805640000000000000244006
:10D0B00000000000000054400000000000805140CB
:10D0C0000000000000004E40000000000000494049
:10D0D00000000000000044400000000000003E404E
:10D0E000000000000000344000000000000032405A
:10D0F00062763D25660920626C3D25640D0A0000BC
:10D10000B80AFFFFD80AFFFF1A0BFFFFC60AFFFF8E
:10D11000380BFFFF7C0BFFFFC60AFFFFC60AFFFFAD
:10D12000940BFFFFBC0BFFFFC60AFFFFC60AFFFF01
:10D13000C60AFFFFC60AFFFFC60AFFFFC60AFFFFB7
:10D14000C60AFFFFC60AFFFF3C0CFFFF340DFFFFBE
:10D15000C60AFFFFC60AFFFFC60AFFFFC60AFFFF97
:10D16000C60AFFFFEA0EFFFFC60AFFFFC60AFFFF5F
:10D17000600DFFFFC60AFFFFC60AFFFFC60AFFFFDA
:10D18000C60AFFFFC60AFFFFCE0BFFFFC60AFFFF5E
:10D19000C60AFFFFF00FFFFF2E0EFFFFBA0DFFFFC5
:10D1A0003015FFFF4615FFFF3616FFFF3616FFFF4F
:10D1B0003616FFFF3616FFFF3616FFFFD614FFFFA9
:10D1C000C214FFFF1A15FFFFE417FFFF0617FFFF4A
:10D1D0000E16FFFF7217FFFF0E16FFFFCC16FFFFA4
:10D1E0004015FFFF0E16FFFFDA16FFFFF816FFFFD0
:10D1F000DE17FFFFAE14FFFF0600FF0901A10109C2
:10D200000215002600FF75089540810609021500E9
:10D210002600FF750895409106C00000090229000C
:10D22000010104A0230904000002030000050921F4
:10D2300000010001222200070581034000010705CB
:10D240000103400001000000120110010000004035
:10D250003D41072100000002000100000E0377009D
:10D26000630068002E0063006E0000001C03500085
:10D27000450054002D00410049002D0043004F009F
:10D280004C004C00410052004657203C3D203431B8
:10D2900020535550504F52540D0A0000243A31315A
:10D2A0000D0A0000243A31300D0A0000243A3231D0
:10D2B0000D0A0000243A32300D0A0000243A426C74
:10D2C000654D616352202532583A2532583A25324D
:10D2D000583A2532583A2532583A2532580D0A0024
:10D2E000243A5645525F4857202533640D0A000002
:10D2F000243A5645525F5346202533640D0A0000F8
:10D30000243A494D45492000243A494343494420A1
:10D3100000000000243A494D53492000243A34319A
:10D3200032333435360D0A00243A35313233343550
:10D33000360D0A00243A38780D0A0000243A39786C
:10D340000D0A0000243A5265626F6F740D0A0000E6
:10D35000382C312C302C30003A2800002C220000D0
:10D36000222C000043330000433500006D61632030
:10D3700025643A253032583A253032583A25303231
:10D38000583A253032583A253032583A25303258FA
:10D390002C25642C25642000686F6D655F6D6163CA
:10D3A000315F696E6465783A2025640D0A000000DB
:10D3B000686F6D655F6D6163325F696E6465783A51
:10D3C0002025640D0A000000686F6D65207769668E
:10D3D000697363616E206366673A253032583A2577
:10D3E0003032583A253032583A253032583A2530C2
:10D3F00032583A253032582C63683A25640D0A2099
:10D4000000000000776966695F636F756E743A2586
:10D41000640D0A006F6B000041542B555345525761
:10D420004B4D43554346473D312C312C352C312C47
:10D430003130302C330D0A0041542B47534C503DB2
:10D44000323030303030303030300D0A00000000E3
:10D4500041542B534C4545503D320D0A000000000D
:10D4600041542B534C454550574B4346473D322C76
:10D47000342C300D0A00000041542B43574C4150CE
:10D480000D0A000043574C41500D0A0041542B43F4
:10D49000574C41504F50543D312C33310D0A000050
:10D4A00041542B43574D4F44453D310D0A00000078
:10D4B00041542B554152545F4445463D313135323C
:10D4C00030302C382C312C302C300D0A000000006C
:10D4D00041542B554152545F4445463F0D0A0000CC
:10D4E0004445463A00000000415445300D0A000012
:10D4F00061742B776966696D61636765743D300D92
:10D500000A0000006D6163676574000061742B7729
:10D51000696669636F756E743F0D0A00617400007F
:10D5200061742B776966697363616E3F0D0A000051
:10D5300061742B7665723F0D0A00000061742B76D2
:10D540006572000078D702000400000058950200C0
:10D5500000000000B880020002000000F6F60100A2
:10D56000D0D402000E000000E0D40200040000004D
:10D57000B880020002000000CCEE010078D4020066
:10D580000A00000084D4020007000000849A020010
:10D5900002000000E8F301008CD402001200000039
:10D5A000849A020002000000B8800200020000001D
:10D5B00092EE0100A0D402000D000000849A020047
:10D5C00002000000B88002000200000092EE01009C
:10D5D00050D402000C000000849A020002000000F7
:10D5E000B88002000200000092EE010060D4020048
:10D5F00015000000849A020002000000B8800200BA
:10D600000200000092EE0100B0D402001C000000F5
:10D61000849A020002000000B880020002000000AC
:10D6200092EE010030D50200090000003CD5020056
:10D6300006000000B8800200020000005CF6010055
:10D64000F0D402001100000004D502000600000022
:10D65000B880020002000000FCEE010020D50200AC
:10D660000E0000001CD5020002000000B88002007D
:10D67000020000009EEE0100B022FFFF4E28FFFFD7
:10D68000A823FFFF1223FFFFBA25FFFF0426FFFF99
:10D690004226FFFFB826FFFFE026FFFF0C27FFFF13
:10D6A0001E27FFFF7227FFFF8427FFFFDC27FFFFF6
:10D6B0000028FFFF574946495F4750494F5F494E91
:10D6C00049540D0A00000000574946495F494E4938
:10D6D000545F434F4D0D0A00574946495F504F571D
:10D6E00045525F444F574E0D0A00000057494649C6
:10D6F0005F504F5745525F55500D0A007769666974
:10D700005F6F70656E5F73665F7665723A25640D54
:10D710000A0000007769666920696E697420737574
:10D720006363657373203A20574946495F43355F09
:10D730004F50454E0D0A00007769666920696E6991
:10D74000742073756363657373203A2057494649A3
:10D750005F43335F4F50454E0D0A0000776966699D
:10D7600020696E69742073756363657373203A2052
:10D77000574946495F43335F41540D0A000000009A
:10D780007769666920696E6974206572726F720DBF
:10D790000A000000574946495F434845434B5F55DF
:10D7A0004152545F4445460D0A000000574946491E
:10D7B0005F5345545F554152545F4445460D0A003E
:10D7C000574946495F5345545F574F524B4D4F445D
:10D7D000455F5354410D0A00574946495F5345542C
:10D7E0005F57414B4555505F4346470D0A000000C7
:10D7F000574946495F5345545F504F5745524D4F27
:10D8000044455F4C494748545F534C4545500D0AC9
:10D8100000000000574946495F494E49545F464C55
:10D820004F575F454E440D0A00000000B027FFFF30
:10D83000E827FFFF6A29FFFFCC29FFFFF829FFFF38
:10D840003C2AFFFF802AFFFFD62AFFFFE82AFFFFBE
:10D850003C2BFFFF762BFFFFCE2BFFFF802CFFFF23
:10D86000AC2CFFFFD82CFFFF2E2DFFFFA22DFFFFBA
:10D87000574946495F574946495343414E5F464CD5
:10D880004F575F53544152540D0A000057494649BF
:10D890005F43355F574946495343414E5F535441B7
:10D8A00052542E2E2E0D0A006170705F72657175D4
:10D8B0006972652E626C655F6374725F7769666911
:10D8C0007363616E5F73746174652025640D0A0073
:10D8D00061742B776966697363616E3D25303278B8
:10D8E0003A253032783A253032783A253032783A53
:10D8F000253032783A253032782C25640D0A000024
:10D9000061742B776966697363616E3D2530327887
:10D910003A253032783A253032783A253032783A22
:10D92000253032783A253032780D0A002573000010
:10D93000574946495F43355F574946494D4143473B
:10D9400045540D0A00000000574946495F574F52A1
:10D950004B464C4F575F574946495343414E5F4EE4
:10D960004F5F535349440D0A000000005749464990
:10D970005F574946495343414E5F464C4F575F45B9
:10D980004E440D0A00000000574946495F5749467A
:10D99000495343414E5F574F524B4D4F44455F53A0
:10D9A00054410D0A00000000574946495F57494657
:10D9B000495343414E5F57414B4555505F4346479E
:10D9C0000D0A0000574946495F57494649534341AC
:10D9D0004E5F504F5745524D4F44455F4C49474865
:10D9E000545F534C4545500D0A00000057494649C5
:10D9F0005F574946495343414E5F4346470D0A002E
:10DA0000574946495F574946495343414E5F53542E
:10DA10004152542E2E2E0D0A00000000574946494F
:10DA200020434845434B2050534D20454E440D0A5A
:10DA3000000000000000000000000000006AF84044
:10DA4000F168E388B5F8E43E000000000000F03F14
:10DA5000FFFFFFFFFFFFEF7F000000000000E03F3F
:10DA60004E614E004F560000494E4600286E756CC0
:10DA70006C290000C242FFFF4641FFFF5642FFFFF4
:10DA80005E42FFFF5642FFFF7641FFFF5642FFFF17
:10DA90005E42FFFF4641FFFF4641FFFF7641FFFF29
:10DAA0005E42FFFFB842FFFFB842FFFFB842FFFFF0
:10DAB0007641FFFFD249FFFFC448FFFFC448FFFF84
:10DAC000C248FFFFCA48FFFFCA48FFFF9048FFFF58
:10DAD000C248FFFFCA48FFFF9048FFFFCA48FFFF48
:10DAE000C248FFFFBE49FFFFBE49FFFFBE49FFFF1F
:10DAF0009048FFFFEA5AFFFF385AFFFF385AFFFFEE
:10DB0000365AFFFF3C5AFFFF3C5AFFFF0C5AFFFFFB
:10DB1000365AFFFF3C5AFFFF0C5AFFFF3C5AFFFFEB
:10DB2000365AFFFFD85AFFFFD85AFFFFD85AFFFFD7
:10DB30000C5AFFFF00010202030303030404040460
:10DB40000404040405050505050505050505050589
:10DB50000505050506060606060606060606060669
:10DB60000606060606060606060606060606060655
:10DB70000606060607070707070707070707070739
:10DB80000707070707070707070707070707070725
:10DB90000707070707070707070707070707070715
:10DBA0000707070707070707070707070707070705
:10DBB00007070707080808080808080808080808E9
:10DBC00008080808080808080808080808080808D5
:10DBD00008080808080808080808080808080808C5
:10DBE00008080808080808080808080808080808B5
:10DBF00008080808080808080808080808080808A5
:10DC00000808080808080808080808080808080894
:10DC10000808080808080808080808080808080884
:10DC20000808080808080808080808080808080874
:10DC30000808080843000000504F534958000000EE
:10DC40002E00000000202020202020202020282836
:10DC500028282820202020202020202020202020AC
:10DC600020202020208810101010101010101010EC
:10DC7000101010101004040404040404040404101C
:10DC800010101010101041414141414101010101AA
:10DC90000101010101010101010101010101010174
:10DCA0001010101010104242424242420202020280
:10DCB0000202020202020202020202020202020244
:10DCC00010101010200000000000000000000000F4
:10DCD0000000000000000000000000000000000044
:10DCE0000000000000000000000000000000000034
:10DCF0000000000000000000000000000000000024
:10DD00000000000000000000000000000000000013
:10DD10000000000000000000000000000000000003
:10DD200000000000000000000000000000000000F3
:10DD300000000000000000000000000000000000E3
:10DD400000000000000000002A2A0000262A00002F
:10DD5000272A0000292A0000242A0000502A000057
:10DD6000252A00000A1800000200000064DD0200FD
:10DD7000282A0000232A0000E0FF00000200000023
:10DD800078DD0200E1FF0000E2FF0000E3FF000099
:10DD9000E4FF0000E5FF0000FBFAF9000006000EBA
:10DDA00037000000F1D90501020000000006000E56
:10DDB00037000000F1D90501020000000D0A000043
:10DDC000545854000006010F38000000F1D9050135
:10DDD000020000000006010F38000000F1D9050123
:10DDE000020000000006010F38000000F1D9050113
:10DDF000020000000006010F38000000F1D9050103
:10DE0000020000000006010F38000000F1D90501F2
:10DE100002000000F1D90A0400000E3424000000C2
:10DE2000F1D900000006010F38000000F1D905010A
:10DE3000020000000006091740000000F1D90501AA
:10DE4000020000000006010F38000000F1D90501B2
:10DE5000020000000006010F38000000F1D90501A2
:0CDE600002000000FFFFFFFF04030904A4
:10DE6C00020000000C0004000100000068DD02004C
:10DE7C00020000001200040001000000023D00201E
:10DE8C000200000074DD0200010000008C3D002047
:10DE9C00020000001200040001000000F43C00200D
:10DEAC000200000058DD020001000000244B0200BB
:10DEBC00020000001200040001000000003D0020E0
:10DECC000200000060DD020001000000344B020083
:10DEDC00020000001200040001000000F13C0020D0
:10DEEC00020000004CDD020001000000E84A0200C4
:10DEFC00020000001200040001000000F23C0020AF
:10DF0C000200000050DD020001000000FC4A02008B
:10DF1C00020000001200040001000000013D00207E
:10DF2C000200000070DD020001000000444B020002
:10DF3C00020000001200040001000000F33C00206D
:10DF4C000200000054DD020001000000104B020032
:10DF5C00020000001200040001000000F03C002050
:10DF6C000200000048DD020001000000D84A020057
:10DF7C00020000001200040001000000FF3C002021
:10DF8C00020000005CDD020001000000F83C0020F3
:10DF9C0058320000000000000000000002000000E9
:10DFAC000C000400010000007CDD020002000000F7
:10DFBC001200040001000000033D002002000000DC
:10DFCC0084DD020003000000E43E0020020000009B
:10DFDC001600040001000000803500200200000043
:10DFEC001200040001000000043D002002000000AB
:10DFFC0088DD020001000000943D002002000000BA
:10E00C0016000400010000009435002002000000FE
:10E01C001200040001000000053D00200200000079
:10E02C008CDD020002000000983D00200200000080
:10E03C001600040001000000A835002002000000BA
:10E04C001200040001000000063D00200200000048
:10E05C0090DD020000000000F83E002002000000ED
:10E06C0018000400030000009C3D0020020000008A
:10E07C001600040001000000BC3500200200000066
:10E08C001200040001000000073D00200200000007
:10E09C0094DD020004000000A43D002002000000FA
:10E0AC001600040001000000D035002044340000AC
:10E0BC00E234000000000000436861726163746523
:10E0CC0072697374696320310000000043686172E7
:10E0DC0061637465726973746963203200000000B7
:10E0EC004368617261637465726973746963203328
:10E0FC000000000043686172616374657269737437
:10E10C0069632034000000004368617261637465C8
:10E11C007269737469632035000000000301070203
:10E12C00060208041310140804400520A6D50000AC
:10E13C0070D3000008D400006897020074970200A6
:10E14C00849702009C970200A8970200B8970200DF
:10E15C003100000000000000000000000000000082
:10E16C00000000003400000000000000000000006F
:10E17C0000000000000000000B094359592D3132FA
:10E18C0033343536051264009600020A0300000091
:10E19C00ACA302001A000000808A020001000000FB
:10E1AC00B8800200020000003EF900000CA1020041
:10E1BC001A00000028A1020001000000B880020033
:10E1CC000200000058EB000078A102001D000000C6
:10E1DC0098A102000A000000849A020002000000CC
:10E1EC0060F10000A4A10200150000005895020087
:10E1FC0000000000849A0200040000005CEB0000A8
:10E20C002CA102002300000050A102000800000015
:10E21C005CA10200060000007CED0000BCA1020025
:10E22C0019000000D8A102000C000000B880020008
:10E23C000200000090EC0000589502000000000065
:10E24C00849A020002000000B88002000200000064
:10E25C0008FF00005895020000000000A4A6020070
:10E26C0002000000A8A6020004000000D8F1000083
:10E27C0000000000000000001CD50200020000009D
:10E28C00B8800200020000009EEE010000000000B9
:10E29C0000000000443A0020AC3A0020143B00205F
:10E2AC000000000000000000000000000000000062
:10E2BC000000000000000000000000000000000052
:10E2CC000000000000000000000000000000000042
:10E2DC000000000000000000000000000000000032
:10E2EC000000000000000000000000000000000022
:10E2FC000000000000000000000000000000000012
:10E30C000000000000000000000000000000000001
:10E31C0000000000000000000000000000000000F1
:10E32C0000000000000000000000000000000000E1
:10E33C0000000000000000000100000000000000D0
:10E34C000E33CDAB34126DE6ECDE05000B00000095
:10E35C0000000000000000000000000000000000B1
:10E36C0000000000000000000000000000000000A1
:10E37C000000000000000000000000000000000091
:10E38C000000000000000000000000000000000081
:10E39C000000000000000000000000000000000071
:10E3AC000000000000000000000000000000000061
:10E3BC000000000000000000000000000000000051
:10E3CC000000000000000000000000000000000041
:10E3DC000000000000000000000000000000000031
:10E3EC000000000000000000000000000000000021
:10E3FC000000000000000000000000000000000011
:10E40C000000000000000000000000000000000000
:10E41C0000000000000000000000000000000000F0
:10E42C0000000000000000000000000000000000E0
:10E43C0000000000000000000000000000000000D0
:10E44C0000000000000000000000000000000000C0
:10E45C0000000000000000000000000000000000B0
:10E46C0000000000000000000000000000000000A0
:10E47C000000000000000000000000000000000090
:10E48C000000000000000000000000000000000080
:10E49C000000000000000000000000000000000070
:10E4AC000000000000000000000000000000000060
:10E4BC000000000000000000000000000000000050
:10E4CC000000000000000000000000000000000040
:10E4DC000000000000000000000000000000000030
:10E4EC000000000000000000000000000000000020
:10E4FC000000000000000000000000000000000010
:10E50C0000000000000000000000000000000000FF
:10E51C0000000000000000000000000000000000EF
:10E52C0000000000000000000000000000000000DF
:10E53C0000000000000000000000000000000000CF
:10E54C0000000000000000000000000000000000BF
:10E55C0000000000000000000000000000000000AF
:10E56C00000000000000000000000000000000009F
:10E57C00000000000000000000000000000000008F
:10E58C00000000000000000000000000000000007F
:10E59C00000000000000000000000000000000006F
:10E5AC00000000000000000000000000000000005F
:10E5BC00000000000000000000000000000000004F
:10E5CC00000000000000000000000000000000003F
:10E5DC00000000000000000000000000000000002F
:10E5EC00000000000000000000000000000000001F
:10E5FC00000000000000000000000000000000000F
:10E60C0000000000000000000000000000000000FE
:10E61C0000000000000000000000000000000000EE
:10E62C0000000000000000000000000000000000DE
:10E63C0000000000000000000000000000000000CE
:10E64C0000000000000000000000000000000000BE
:10E65C0000000000000000000000000000000000AE
:10E66C00000000000000000000000000000000009E
:10E67C00000000000000000000000000000000008E
:10E68C00000000000000000000000000000000007E
:10E69C00000000000000000000000000000000006E
:10E6AC00000000000000000000000000000000005E
:10E6BC00000000000000000043000000000000000B
:10E6CC00000000000000000000000000000000003E
:10E6DC0000000000000000004300000000000000EB
:10E6EC00000000000000000000000000000000001E
:10E6FC0000000000000000004300000000000000CB
:10E70C0000000000000000000000000000000000FD
:10E71C0000000000000000004300000000000000AA
:10E72C0000000000000000000000000000000000DD
:10E73C00000000000000000043000000000000008A
:10E74C0000000000000000000000000000000000BD
:10E75C00000000000000000043000000000000006A
:10E76C00000000000000000000000000000000009D
:10E77C00000000000000000043000000000000004A
:10E78C00000000000000000000000000000000007D
:10E79C000000000000000000F8490200AC48020034
:10E7AC000000000044DC020040DC0200589502002E
:10E7BC005895020058950200589502005895020091
:10E7CC005895020058950200589502005895020081
:10E7DC00FFFFFFFFFFFFFFFFFFFFFFFFFFFF00003B
:10E7EC0001004153434949000000000000000000B3
:10E7FC00000000000000000000000000000000000D
:10E80C000000415343494900000000000000000093
:10E81C0000000000000000000000000000000000EC
:10E82C0000000000000000000202020202000000D2
:10E83C0001D70700001001020202020A02081002AE
:10E84C0001FFFFFFC4E10000FF000000020106030E
:10E85C0002E0FFFF32000000330000003535353593
:10E86C0035350817FF00000080250000FF0301016B
:10E87C0001010000F6A10100D8A1010010A20100C5
:10E88C002AA2010026A201002EA2010000200000F5
:10E89C0000100000FF000000030000000100000059
:10E8AC000007080303FF01FFFF000000583700209A
:0400000300001000E9
:00000001FF
